ISO-10303-21;
HEADER;
/* Generated by software containing ST-Developer
 * from STEP Tools, Inc. (www.steptools.com) 
 */

FILE_DESCRIPTION(
/* description */ (''),
/* implementation_level */ '2;1');

FILE_NAME(
/* name */ 'Baffle.step',
/* time_stamp */ '2026-09-18T14:47:13+09:30',
/* author */ (''),
/* organization */ (''),
/* preprocessor_version */ 'ST-DEVELOPER v20.2',
/* originating_system */ 'Autodesk Translation Framework v15.15.0.0',
/* authorisation */ '');

FILE_SCHEMA (('AUTOMOTIVE_DESIGN { 1 0 10303 214 3 1 1 }'));
ENDSEC;

DATA;
#10=MECHANICAL_DESIGN_GEOMETRIC_PRESENTATION_REPRESENTATION('',(#13),#9787);
#11=SHAPE_REPRESENTATION_RELATIONSHIP('SRR','None',#9794,#12);
#12=ADVANCED_BREP_SHAPE_REPRESENTATION('',(#14),#9786);
#13=STYLED_ITEM('',(#9803),#14);
#14=MANIFOLD_SOLID_BREP('Baffle',#5116);
#15=B_SPLINE_SURFACE_WITH_KNOTS('',3,3,((#9491,#9492,#9493,#9494),(#9495,
#9496,#9497,#9498),(#9499,#9500,#9501,#9502),(#9503,#9504,#9505,#9506),
(#9507,#9508,#9509,#9510)),.UNSPECIFIED.,.F.,.F.,.F.,(4,1,4),(4,4),(0.,
0.571428571428571,1.),(3.89768431206277,3.97000267754195),.UNSPECIFIED.);
#16=B_SPLINE_SURFACE_WITH_KNOTS('',3,3,((#9516,#9517,#9518,#9519,#9520,
#9521,#9522),(#9523,#9524,#9525,#9526,#9527,#9528,#9529),(#9530,#9531,#9532,
#9533,#9534,#9535,#9536),(#9537,#9538,#9539,#9540,#9541,#9542,#9543),(#9544,
#9545,#9546,#9547,#9548,#9549,#9550)),.UNSPECIFIED.,.F.,.F.,.F.,(4,1,4),
(4,1,1,1,4),(0.,0.571428571428571,1.),(1.26196141282243E-15,0.448175731045355,
0.896351462090709,1.12043932761339,1.56861505865874),.UNSPECIFIED.);
#17=B_SPLINE_SURFACE_WITH_KNOTS('',3,3,((#9560,#9561,#9562,#9563,#9564,
#9565,#9566),(#9567,#9568,#9569,#9570,#9571,#9572,#9573),(#9574,#9575,#9576,
#9577,#9578,#9579,#9580),(#9581,#9582,#9583,#9584,#9585,#9586,#9587),(#9588,
#9589,#9590,#9591,#9592,#9593,#9594)),.UNSPECIFIED.,.F.,.F.,.F.,(4,1,4),
(4,1,1,1,4),(0.,0.571428571428571,1.),(0.240158724126183,0.690883613387077,
1.14160850264797,1.36697094727842,1.81769583653931),.UNSPECIFIED.);
#18=B_SPLINE_SURFACE_WITH_KNOTS('',3,3,((#9602,#9603,#9604,#9605),(#9606,
#9607,#9608,#9609),(#9610,#9611,#9612,#9613),(#9614,#9615,#9616,#9617),
(#9618,#9619,#9620,#9621)),.UNSPECIFIED.,.F.,.F.,.F.,(4,1,4),(4,4),(0.,
0.571428571428571,1.),(-8.57647286525989E-15,0.275091269488179),
 .UNSPECIFIED.);
#19=SPHERICAL_SURFACE('',#5528,3.);
#20=SPHERICAL_SURFACE('',#5690,3.);
#21=SPHERICAL_SURFACE('',#5701,3.);
#22=SPHERICAL_SURFACE('',#5740,3.);
#23=SPHERICAL_SURFACE('',#5745,3.);
#24=SPHERICAL_SURFACE('',#5752,3.);
#25=SPHERICAL_SURFACE('',#5763,3.);
#26=SPHERICAL_SURFACE('',#5768,3.);
#27=SPHERICAL_SURFACE('',#5775,3.);
#28=SPHERICAL_SURFACE('',#5785,3.);
#29=SPHERICAL_SURFACE('',#5790,3.);
#30=SPHERICAL_SURFACE('',#5797,3.);
#31=CONICAL_SURFACE('',#5302,3.85,0.785398163397451);
#32=CONICAL_SURFACE('',#5345,3.85,0.78539816339745);
#33=FACE_BOUND('',#555,.T.);
#34=FACE_BOUND('',#556,.T.);
#35=FACE_BOUND('',#561,.T.);
#36=FACE_BOUND('',#562,.T.);
#37=FACE_BOUND('',#563,.T.);
#38=FACE_BOUND('',#564,.T.);
#39=FACE_BOUND('',#565,.T.);
#40=FACE_BOUND('',#566,.T.);
#41=FACE_BOUND('',#567,.T.);
#42=FACE_BOUND('',#568,.T.);
#43=FACE_BOUND('',#569,.T.);
#44=FACE_BOUND('',#570,.T.);
#45=FACE_BOUND('',#571,.T.);
#46=FACE_BOUND('',#572,.T.);
#47=FACE_BOUND('',#573,.T.);
#48=FACE_BOUND('',#574,.T.);
#49=FACE_BOUND('',#683,.T.);
#50=FACE_BOUND('',#684,.T.);
#51=FACE_BOUND('',#689,.T.);
#52=FACE_BOUND('',#690,.T.);
#53=FACE_BOUND('',#705,.T.);
#54=FACE_BOUND('',#706,.T.);
#55=FACE_BOUND('',#715,.T.);
#56=FACE_BOUND('',#716,.T.);
#57=FACE_BOUND('',#717,.T.);
#58=FACE_BOUND('',#718,.T.);
#59=FACE_BOUND('',#719,.T.);
#60=FACE_BOUND('',#720,.T.);
#61=FACE_BOUND('',#721,.T.);
#62=FACE_BOUND('',#723,.T.);
#63=FACE_BOUND('',#725,.T.);
#64=FACE_BOUND('',#727,.T.);
#65=FACE_BOUND('',#729,.T.);
#66=FACE_BOUND('',#731,.T.);
#67=FACE_BOUND('',#733,.T.);
#68=FACE_BOUND('',#735,.T.);
#69=FACE_BOUND('',#737,.T.);
#70=FACE_BOUND('',#739,.T.);
#71=FACE_BOUND('',#741,.T.);
#72=FACE_BOUND('',#743,.T.);
#73=FACE_BOUND('',#745,.T.);
#74=FACE_BOUND('',#778,.T.);
#75=FACE_BOUND('',#779,.T.);
#76=FACE_BOUND('',#780,.T.);
#77=FACE_BOUND('',#781,.T.);
#78=FACE_BOUND('',#782,.T.);
#79=FACE_BOUND('',#783,.T.);
#80=FACE_BOUND('',#784,.T.);
#81=FACE_BOUND('',#785,.T.);
#82=FACE_BOUND('',#786,.T.);
#83=FACE_BOUND('',#787,.T.);
#84=FACE_BOUND('',#788,.T.);
#85=FACE_BOUND('',#789,.T.);
#86=FACE_BOUND('',#790,.T.);
#87=FACE_BOUND('',#791,.T.);
#88=FACE_BOUND('',#792,.T.);
#89=FACE_BOUND('',#793,.T.);
#90=PLANE('',#5149);
#91=PLANE('',#5151);
#92=PLANE('',#5177);
#93=PLANE('',#5179);
#94=PLANE('',#5205);
#95=PLANE('',#5207);
#96=PLANE('',#5235);
#97=PLANE('',#5238);
#98=PLANE('',#5240);
#99=PLANE('',#5247);
#100=PLANE('',#5252);
#101=PLANE('',#5253);
#102=PLANE('',#5256);
#103=PLANE('',#5259);
#104=PLANE('',#5260);
#105=PLANE('',#5261);
#106=PLANE('',#5262);
#107=PLANE('',#5265);
#108=PLANE('',#5277);
#109=PLANE('',#5304);
#110=PLANE('',#5346);
#111=PLANE('',#5353);
#112=PLANE('',#5360);
#113=PLANE('',#5367);
#114=PLANE('',#5374);
#115=PLANE('',#5381);
#116=PLANE('',#5388);
#117=PLANE('',#5395);
#118=PLANE('',#5402);
#119=PLANE('',#5409);
#120=PLANE('',#5416);
#121=PLANE('',#5423);
#122=PLANE('',#5430);
#123=PLANE('',#5437);
#124=PLANE('',#5622);
#125=PLANE('',#5636);
#126=PLANE('',#5680);
#127=PLANE('',#5704);
#128=PLANE('',#5707);
#129=PLANE('',#5709);
#130=PLANE('',#5711);
#131=PLANE('',#5713);
#132=PLANE('',#5715);
#133=PLANE('',#5717);
#134=PLANE('',#5719);
#135=PLANE('',#5721);
#136=PLANE('',#5723);
#137=PLANE('',#5725);
#138=PLANE('',#5727);
#139=PLANE('',#5729);
#140=PLANE('',#5733);
#141=PLANE('',#5778);
#142=PLANE('',#5800);
#143=PLANE('',#5809);
#144=PLANE('',#5814);
#145=PLANE('',#5816);
#146=PLANE('',#5835);
#147=PLANE('',#5848);
#148=PLANE('',#5861);
#149=PLANE('',#5874);
#150=TOROIDAL_SURFACE('',#5135,28.,2.);
#151=TOROIDAL_SURFACE('',#5163,28.,2.);
#152=TOROIDAL_SURFACE('',#5191,27.9999999999999,2.);
#153=TOROIDAL_SURFACE('',#5218,28.,2.);
#154=TOROIDAL_SURFACE('',#5693,9.99999999999969,3.);
#155=TOROIDAL_SURFACE('',#5696,10.,3.);
#156=TOROIDAL_SURFACE('',#5830,6.,3.);
#157=TOROIDAL_SURFACE('',#5834,6.,3.);
#158=TOROIDAL_SURFACE('',#5836,6.,3.);
#159=TOROIDAL_SURFACE('',#5840,6.,3.);
#160=TOROIDAL_SURFACE('',#5841,9.99999999999998,3.);
#161=TOROIDAL_SURFACE('',#5842,10.,3.);
#162=TOROIDAL_SURFACE('',#5843,6.,3.);
#163=TOROIDAL_SURFACE('',#5847,6.,3.);
#164=TOROIDAL_SURFACE('',#5849,6.,3.);
#165=TOROIDAL_SURFACE('',#5853,6.,3.);
#166=TOROIDAL_SURFACE('',#5854,10.0000000000002,3.);
#167=TOROIDAL_SURFACE('',#5855,10.,3.);
#168=TOROIDAL_SURFACE('',#5856,6.,3.);
#169=TOROIDAL_SURFACE('',#5860,6.,3.);
#170=TOROIDAL_SURFACE('',#5862,6.,3.);
#171=TOROIDAL_SURFACE('',#5866,6.,3.);
#172=TOROIDAL_SURFACE('',#5867,9.99999999999995,3.);
#173=TOROIDAL_SURFACE('',#5868,9.99999999999993,3.);
#174=TOROIDAL_SURFACE('',#5869,6.,3.);
#175=TOROIDAL_SURFACE('',#5873,6.,3.);
#176=TOROIDAL_SURFACE('',#5875,6.,3.);
#177=TOROIDAL_SURFACE('',#5879,6.,3.);
#178=TOROIDAL_SURFACE('',#5880,38.,13.);
#179=(
BOUNDED_SURFACE()
B_SPLINE_SURFACE(2,2,((#7668,#7669,#7670,#7671,#7672),(#7673,#7674,#7675,
#7676,#7677),(#7678,#7679,#7680,#7681,#7682)),.UNSPECIFIED.,.F.,.F.,.F.)
B_SPLINE_SURFACE_WITH_KNOTS((3,3),(3,2,3),(-1.77635683940026E-14,1.5707963267949),
(-0.841068670567933,0.,0.841068670567932),.UNSPECIFIED.)
GEOMETRIC_REPRESENTATION_ITEM()
RATIONAL_B_SPLINE_SURFACE(((1.,0.912870929175276,1.,0.912870929175276,1.),
(0.70710678118655,0.645497224367905,0.70710678118655,0.645497224367905,
0.70710678118655),(1.,0.912870929175276,1.,0.912870929175276,1.)))
REPRESENTATION_ITEM('')
SURFACE()
);
#180=(
BOUNDED_SURFACE()
B_SPLINE_SURFACE(2,2,((#7724,#7725,#7726,#7727,#7728),(#7729,#7730,#7731,
#7732,#7733),(#7734,#7735,#7736,#7737,#7738)),.UNSPECIFIED.,.F.,.F.,.F.)
B_SPLINE_SURFACE_WITH_KNOTS((3,3),(3,2,3),(0.,1.5707963267949),(-1.68213734113586,
-0.84106867056793,0.),.UNSPECIFIED.)
GEOMETRIC_REPRESENTATION_ITEM()
RATIONAL_B_SPLINE_SURFACE(((1.,0.912870929175277,1.,0.912870929175277,1.),
(0.707106781186545,0.6454972243679,0.707106781186545,0.6454972243679,0.707106781186545),
(1.,0.912870929175277,1.,0.912870929175277,1.)))
REPRESENTATION_ITEM('')
SURFACE()
);
#181=(
BOUNDED_SURFACE()
B_SPLINE_SURFACE(2,2,((#7824,#7825,#7826,#7827,#7828),(#7829,#7830,#7831,
#7832,#7833),(#7834,#7835,#7836,#7837,#7838)),.UNSPECIFIED.,.F.,.F.,.F.)
B_SPLINE_SURFACE_WITH_KNOTS((3,3),(3,2,3),(-1.77635683940025E-14,1.5707963267949),
(-3.14159265358979,-2.30052398302186,-1.45945531245393),.UNSPECIFIED.)
GEOMETRIC_REPRESENTATION_ITEM()
RATIONAL_B_SPLINE_SURFACE(((1.,0.912870929175277,1.,0.912870929175277,1.),
(0.707106781186574,0.645497224367926,0.707106781186574,0.645497224367926,
0.707106781186574),(1.,0.912870929175277,1.,0.912870929175277,1.)))
REPRESENTATION_ITEM('')
SURFACE()
);
#182=(
BOUNDED_SURFACE()
B_SPLINE_SURFACE(2,2,((#7880,#7881,#7882,#7883,#7884),(#7885,#7886,#7887,
#7888,#7889),(#7890,#7891,#7892,#7893,#7894)),.UNSPECIFIED.,.F.,.F.,.F.)
B_SPLINE_SURFACE_WITH_KNOTS((3,3),(3,2,3),(0.,1.5707963267949),(-0.111341014340969,
0.729727656226964,1.5707963267949),.UNSPECIFIED.)
GEOMETRIC_REPRESENTATION_ITEM()
RATIONAL_B_SPLINE_SURFACE(((1.,0.912870929175276,1.,0.912870929175276,1.),
(0.707106781186554,0.645497224367908,0.707106781186554,0.645497224367908,
0.707106781186554),(1.,0.912870929175276,1.,0.912870929175276,1.)))
REPRESENTATION_ITEM('')
SURFACE()
);
#183=(
BOUNDED_SURFACE()
B_SPLINE_SURFACE(2,2,((#7980,#7981,#7982,#7983,#7984),(#7985,#7986,#7987,
#7988,#7989),(#7990,#7991,#7992,#7993,#7994)),.UNSPECIFIED.,.F.,.F.,.F.)
B_SPLINE_SURFACE_WITH_KNOTS((3,3),(3,2,3),(-1.77635683940026E-14,1.5707963267949),
(-1.5707963267949,-0.729727656226964,0.111341014340969),.UNSPECIFIED.)
GEOMETRIC_REPRESENTATION_ITEM()
RATIONAL_B_SPLINE_SURFACE(((1.,0.912870929175276,1.,0.912870929175276,1.),
(0.707106781186574,0.645497224367926,0.707106781186574,0.645497224367926,
0.707106781186574),(1.,0.912870929175276,1.,0.912870929175276,1.)))
REPRESENTATION_ITEM('')
SURFACE()
);
#184=(
BOUNDED_SURFACE()
B_SPLINE_SURFACE(2,2,((#8036,#8037,#8038,#8039,#8040),(#8041,#8042,#8043,
#8044,#8045),(#8046,#8047,#8048,#8049,#8050)),.UNSPECIFIED.,.F.,.F.,.F.)
B_SPLINE_SURFACE_WITH_KNOTS((3,3),(3,2,3),(0.,1.5707963267949),(1.45945531245393,
2.30052398302186,3.14159265358979),.UNSPECIFIED.)
GEOMETRIC_REPRESENTATION_ITEM()
RATIONAL_B_SPLINE_SURFACE(((1.,0.912870929175276,1.,0.912870929175276,1.),
(0.707106781186562,0.645497224367915,0.707106781186562,0.645497224367915,
0.707106781186562),(1.,0.912870929175276,1.,0.912870929175276,1.)))
REPRESENTATION_ITEM('')
SURFACE()
);
#185=(
BOUNDED_SURFACE()
B_SPLINE_SURFACE(2,2,((#8107,#8108,#8109,#8110,#8111),(#8112,#8113,#8114,
#8115,#8116),(#8117,#8118,#8119,#8120,#8121)),.UNSPECIFIED.,.F.,.F.,.F.)
B_SPLINE_SURFACE_WITH_KNOTS((3,3),(3,2,3),(0.,1.5707963267949),(0.,0.841068670567933,
1.68213734113587),.UNSPECIFIED.)
GEOMETRIC_REPRESENTATION_ITEM()
RATIONAL_B_SPLINE_SURFACE(((1.,0.912870929175276,1.,0.912870929175276,1.),
(0.707106781186545,0.6454972243679,0.707106781186545,0.6454972243679,0.707106781186545),
(1.,0.912870929175276,1.,0.912870929175276,1.)))
REPRESENTATION_ITEM('')
SURFACE()
);
#186=(
BOUNDED_SURFACE()
B_SPLINE_SURFACE(2,2,((#8166,#8167,#8168,#8169,#8170),(#8171,#8172,#8173,
#8174,#8175),(#8176,#8177,#8178,#8179,#8180)),.UNSPECIFIED.,.F.,.F.,.F.)
B_SPLINE_SURFACE_WITH_KNOTS((3,3),(3,2,3),(0.,1.5707963267949),(-0.841068670567933,
0.,0.841068670567933),.UNSPECIFIED.)
GEOMETRIC_REPRESENTATION_ITEM()
RATIONAL_B_SPLINE_SURFACE(((1.,0.912870929175276,1.,0.912870929175276,1.),
(0.70710678118654,0.645497224367895,0.70710678118654,0.645497224367895,
0.70710678118654),(1.,0.912870929175276,1.,0.912870929175276,1.)))
REPRESENTATION_ITEM('')
SURFACE()
);
#187=FACE_OUTER_BOUND('',#492,.T.);
#188=FACE_OUTER_BOUND('',#493,.T.);
#189=FACE_OUTER_BOUND('',#494,.T.);
#190=FACE_OUTER_BOUND('',#495,.T.);
#191=FACE_OUTER_BOUND('',#496,.T.);
#192=FACE_OUTER_BOUND('',#497,.T.);
#193=FACE_OUTER_BOUND('',#498,.T.);
#194=FACE_OUTER_BOUND('',#499,.T.);
#195=FACE_OUTER_BOUND('',#500,.T.);
#196=FACE_OUTER_BOUND('',#501,.T.);
#197=FACE_OUTER_BOUND('',#502,.T.);
#198=FACE_OUTER_BOUND('',#503,.T.);
#199=FACE_OUTER_BOUND('',#504,.T.);
#200=FACE_OUTER_BOUND('',#505,.T.);
#201=FACE_OUTER_BOUND('',#506,.T.);
#202=FACE_OUTER_BOUND('',#507,.T.);
#203=FACE_OUTER_BOUND('',#508,.T.);
#204=FACE_OUTER_BOUND('',#509,.T.);
#205=FACE_OUTER_BOUND('',#510,.T.);
#206=FACE_OUTER_BOUND('',#511,.T.);
#207=FACE_OUTER_BOUND('',#512,.T.);
#208=FACE_OUTER_BOUND('',#513,.T.);
#209=FACE_OUTER_BOUND('',#514,.T.);
#210=FACE_OUTER_BOUND('',#515,.T.);
#211=FACE_OUTER_BOUND('',#516,.T.);
#212=FACE_OUTER_BOUND('',#517,.T.);
#213=FACE_OUTER_BOUND('',#518,.T.);
#214=FACE_OUTER_BOUND('',#519,.T.);
#215=FACE_OUTER_BOUND('',#520,.T.);
#216=FACE_OUTER_BOUND('',#521,.T.);
#217=FACE_OUTER_BOUND('',#522,.T.);
#218=FACE_OUTER_BOUND('',#523,.T.);
#219=FACE_OUTER_BOUND('',#524,.T.);
#220=FACE_OUTER_BOUND('',#525,.T.);
#221=FACE_OUTER_BOUND('',#526,.T.);
#222=FACE_OUTER_BOUND('',#527,.T.);
#223=FACE_OUTER_BOUND('',#528,.T.);
#224=FACE_OUTER_BOUND('',#529,.T.);
#225=FACE_OUTER_BOUND('',#530,.T.);
#226=FACE_OUTER_BOUND('',#531,.T.);
#227=FACE_OUTER_BOUND('',#532,.T.);
#228=FACE_OUTER_BOUND('',#533,.T.);
#229=FACE_OUTER_BOUND('',#534,.T.);
#230=FACE_OUTER_BOUND('',#535,.T.);
#231=FACE_OUTER_BOUND('',#536,.T.);
#232=FACE_OUTER_BOUND('',#537,.T.);
#233=FACE_OUTER_BOUND('',#538,.T.);
#234=FACE_OUTER_BOUND('',#539,.T.);
#235=FACE_OUTER_BOUND('',#540,.T.);
#236=FACE_OUTER_BOUND('',#541,.T.);
#237=FACE_OUTER_BOUND('',#542,.T.);
#238=FACE_OUTER_BOUND('',#543,.T.);
#239=FACE_OUTER_BOUND('',#544,.T.);
#240=FACE_OUTER_BOUND('',#545,.T.);
#241=FACE_OUTER_BOUND('',#546,.T.);
#242=FACE_OUTER_BOUND('',#547,.T.);
#243=FACE_OUTER_BOUND('',#548,.T.);
#244=FACE_OUTER_BOUND('',#549,.T.);
#245=FACE_OUTER_BOUND('',#550,.T.);
#246=FACE_OUTER_BOUND('',#551,.T.);
#247=FACE_OUTER_BOUND('',#552,.T.);
#248=FACE_OUTER_BOUND('',#553,.T.);
#249=FACE_OUTER_BOUND('',#554,.T.);
#250=FACE_OUTER_BOUND('',#557,.T.);
#251=FACE_OUTER_BOUND('',#558,.T.);
#252=FACE_OUTER_BOUND('',#559,.T.);
#253=FACE_OUTER_BOUND('',#560,.T.);
#254=FACE_OUTER_BOUND('',#575,.T.);
#255=FACE_OUTER_BOUND('',#576,.T.);
#256=FACE_OUTER_BOUND('',#577,.T.);
#257=FACE_OUTER_BOUND('',#578,.T.);
#258=FACE_OUTER_BOUND('',#579,.T.);
#259=FACE_OUTER_BOUND('',#580,.T.);
#260=FACE_OUTER_BOUND('',#581,.T.);
#261=FACE_OUTER_BOUND('',#582,.T.);
#262=FACE_OUTER_BOUND('',#583,.T.);
#263=FACE_OUTER_BOUND('',#584,.T.);
#264=FACE_OUTER_BOUND('',#585,.T.);
#265=FACE_OUTER_BOUND('',#586,.T.);
#266=FACE_OUTER_BOUND('',#587,.T.);
#267=FACE_OUTER_BOUND('',#588,.T.);
#268=FACE_OUTER_BOUND('',#589,.T.);
#269=FACE_OUTER_BOUND('',#590,.T.);
#270=FACE_OUTER_BOUND('',#591,.T.);
#271=FACE_OUTER_BOUND('',#592,.T.);
#272=FACE_OUTER_BOUND('',#593,.T.);
#273=FACE_OUTER_BOUND('',#594,.T.);
#274=FACE_OUTER_BOUND('',#595,.T.);
#275=FACE_OUTER_BOUND('',#596,.T.);
#276=FACE_OUTER_BOUND('',#597,.T.);
#277=FACE_OUTER_BOUND('',#598,.T.);
#278=FACE_OUTER_BOUND('',#599,.T.);
#279=FACE_OUTER_BOUND('',#600,.T.);
#280=FACE_OUTER_BOUND('',#601,.T.);
#281=FACE_OUTER_BOUND('',#602,.T.);
#282=FACE_OUTER_BOUND('',#603,.T.);
#283=FACE_OUTER_BOUND('',#604,.T.);
#284=FACE_OUTER_BOUND('',#605,.T.);
#285=FACE_OUTER_BOUND('',#606,.T.);
#286=FACE_OUTER_BOUND('',#607,.T.);
#287=FACE_OUTER_BOUND('',#608,.T.);
#288=FACE_OUTER_BOUND('',#609,.T.);
#289=FACE_OUTER_BOUND('',#610,.T.);
#290=FACE_OUTER_BOUND('',#611,.T.);
#291=FACE_OUTER_BOUND('',#612,.T.);
#292=FACE_OUTER_BOUND('',#613,.T.);
#293=FACE_OUTER_BOUND('',#614,.T.);
#294=FACE_OUTER_BOUND('',#615,.T.);
#295=FACE_OUTER_BOUND('',#616,.T.);
#296=FACE_OUTER_BOUND('',#617,.T.);
#297=FACE_OUTER_BOUND('',#618,.T.);
#298=FACE_OUTER_BOUND('',#619,.T.);
#299=FACE_OUTER_BOUND('',#620,.T.);
#300=FACE_OUTER_BOUND('',#621,.T.);
#301=FACE_OUTER_BOUND('',#622,.T.);
#302=FACE_OUTER_BOUND('',#623,.T.);
#303=FACE_OUTER_BOUND('',#624,.T.);
#304=FACE_OUTER_BOUND('',#625,.T.);
#305=FACE_OUTER_BOUND('',#626,.T.);
#306=FACE_OUTER_BOUND('',#627,.T.);
#307=FACE_OUTER_BOUND('',#628,.T.);
#308=FACE_OUTER_BOUND('',#629,.T.);
#309=FACE_OUTER_BOUND('',#630,.T.);
#310=FACE_OUTER_BOUND('',#631,.T.);
#311=FACE_OUTER_BOUND('',#632,.T.);
#312=FACE_OUTER_BOUND('',#633,.T.);
#313=FACE_OUTER_BOUND('',#634,.T.);
#314=FACE_OUTER_BOUND('',#635,.T.);
#315=FACE_OUTER_BOUND('',#636,.T.);
#316=FACE_OUTER_BOUND('',#637,.T.);
#317=FACE_OUTER_BOUND('',#638,.T.);
#318=FACE_OUTER_BOUND('',#639,.T.);
#319=FACE_OUTER_BOUND('',#640,.T.);
#320=FACE_OUTER_BOUND('',#641,.T.);
#321=FACE_OUTER_BOUND('',#642,.T.);
#322=FACE_OUTER_BOUND('',#643,.T.);
#323=FACE_OUTER_BOUND('',#644,.T.);
#324=FACE_OUTER_BOUND('',#645,.T.);
#325=FACE_OUTER_BOUND('',#646,.T.);
#326=FACE_OUTER_BOUND('',#647,.T.);
#327=FACE_OUTER_BOUND('',#648,.T.);
#328=FACE_OUTER_BOUND('',#649,.T.);
#329=FACE_OUTER_BOUND('',#650,.T.);
#330=FACE_OUTER_BOUND('',#651,.T.);
#331=FACE_OUTER_BOUND('',#652,.T.);
#332=FACE_OUTER_BOUND('',#653,.T.);
#333=FACE_OUTER_BOUND('',#654,.T.);
#334=FACE_OUTER_BOUND('',#655,.T.);
#335=FACE_OUTER_BOUND('',#656,.T.);
#336=FACE_OUTER_BOUND('',#657,.T.);
#337=FACE_OUTER_BOUND('',#658,.T.);
#338=FACE_OUTER_BOUND('',#659,.T.);
#339=FACE_OUTER_BOUND('',#660,.T.);
#340=FACE_OUTER_BOUND('',#661,.T.);
#341=FACE_OUTER_BOUND('',#662,.T.);
#342=FACE_OUTER_BOUND('',#663,.T.);
#343=FACE_OUTER_BOUND('',#664,.T.);
#344=FACE_OUTER_BOUND('',#665,.T.);
#345=FACE_OUTER_BOUND('',#666,.T.);
#346=FACE_OUTER_BOUND('',#667,.T.);
#347=FACE_OUTER_BOUND('',#668,.T.);
#348=FACE_OUTER_BOUND('',#669,.T.);
#349=FACE_OUTER_BOUND('',#670,.T.);
#350=FACE_OUTER_BOUND('',#671,.T.);
#351=FACE_OUTER_BOUND('',#672,.T.);
#352=FACE_OUTER_BOUND('',#673,.T.);
#353=FACE_OUTER_BOUND('',#674,.T.);
#354=FACE_OUTER_BOUND('',#675,.T.);
#355=FACE_OUTER_BOUND('',#676,.T.);
#356=FACE_OUTER_BOUND('',#677,.T.);
#357=FACE_OUTER_BOUND('',#678,.T.);
#358=FACE_OUTER_BOUND('',#679,.T.);
#359=FACE_OUTER_BOUND('',#680,.T.);
#360=FACE_OUTER_BOUND('',#681,.T.);
#361=FACE_OUTER_BOUND('',#682,.T.);
#362=FACE_OUTER_BOUND('',#685,.T.);
#363=FACE_OUTER_BOUND('',#686,.T.);
#364=FACE_OUTER_BOUND('',#687,.T.);
#365=FACE_OUTER_BOUND('',#688,.T.);
#366=FACE_OUTER_BOUND('',#691,.T.);
#367=FACE_OUTER_BOUND('',#692,.T.);
#368=FACE_OUTER_BOUND('',#693,.T.);
#369=FACE_OUTER_BOUND('',#694,.T.);
#370=FACE_OUTER_BOUND('',#695,.T.);
#371=FACE_OUTER_BOUND('',#696,.T.);
#372=FACE_OUTER_BOUND('',#697,.T.);
#373=FACE_OUTER_BOUND('',#698,.T.);
#374=FACE_OUTER_BOUND('',#699,.T.);
#375=FACE_OUTER_BOUND('',#700,.T.);
#376=FACE_OUTER_BOUND('',#701,.T.);
#377=FACE_OUTER_BOUND('',#702,.T.);
#378=FACE_OUTER_BOUND('',#703,.T.);
#379=FACE_OUTER_BOUND('',#704,.T.);
#380=FACE_OUTER_BOUND('',#707,.T.);
#381=FACE_OUTER_BOUND('',#708,.T.);
#382=FACE_OUTER_BOUND('',#709,.T.);
#383=FACE_OUTER_BOUND('',#710,.T.);
#384=FACE_OUTER_BOUND('',#711,.T.);
#385=FACE_OUTER_BOUND('',#712,.T.);
#386=FACE_OUTER_BOUND('',#713,.T.);
#387=FACE_OUTER_BOUND('',#714,.T.);
#388=FACE_OUTER_BOUND('',#722,.T.);
#389=FACE_OUTER_BOUND('',#724,.T.);
#390=FACE_OUTER_BOUND('',#726,.T.);
#391=FACE_OUTER_BOUND('',#728,.T.);
#392=FACE_OUTER_BOUND('',#730,.T.);
#393=FACE_OUTER_BOUND('',#732,.T.);
#394=FACE_OUTER_BOUND('',#734,.T.);
#395=FACE_OUTER_BOUND('',#736,.T.);
#396=FACE_OUTER_BOUND('',#738,.T.);
#397=FACE_OUTER_BOUND('',#740,.T.);
#398=FACE_OUTER_BOUND('',#742,.T.);
#399=FACE_OUTER_BOUND('',#744,.T.);
#400=FACE_OUTER_BOUND('',#746,.T.);
#401=FACE_OUTER_BOUND('',#747,.T.);
#402=FACE_OUTER_BOUND('',#748,.T.);
#403=FACE_OUTER_BOUND('',#749,.T.);
#404=FACE_OUTER_BOUND('',#750,.T.);
#405=FACE_OUTER_BOUND('',#751,.T.);
#406=FACE_OUTER_BOUND('',#752,.T.);
#407=FACE_OUTER_BOUND('',#753,.T.);
#408=FACE_OUTER_BOUND('',#754,.T.);
#409=FACE_OUTER_BOUND('',#755,.T.);
#410=FACE_OUTER_BOUND('',#756,.T.);
#411=FACE_OUTER_BOUND('',#757,.T.);
#412=FACE_OUTER_BOUND('',#758,.T.);
#413=FACE_OUTER_BOUND('',#759,.T.);
#414=FACE_OUTER_BOUND('',#760,.T.);
#415=FACE_OUTER_BOUND('',#761,.T.);
#416=FACE_OUTER_BOUND('',#762,.T.);
#417=FACE_OUTER_BOUND('',#763,.T.);
#418=FACE_OUTER_BOUND('',#764,.T.);
#419=FACE_OUTER_BOUND('',#765,.T.);
#420=FACE_OUTER_BOUND('',#766,.T.);
#421=FACE_OUTER_BOUND('',#767,.T.);
#422=FACE_OUTER_BOUND('',#768,.T.);
#423=FACE_OUTER_BOUND('',#769,.T.);
#424=FACE_OUTER_BOUND('',#770,.T.);
#425=FACE_OUTER_BOUND('',#771,.T.);
#426=FACE_OUTER_BOUND('',#772,.T.);
#427=FACE_OUTER_BOUND('',#773,.T.);
#428=FACE_OUTER_BOUND('',#774,.T.);
#429=FACE_OUTER_BOUND('',#775,.T.);
#430=FACE_OUTER_BOUND('',#776,.T.);
#431=FACE_OUTER_BOUND('',#777,.T.);
#432=FACE_OUTER_BOUND('',#794,.T.);
#433=FACE_OUTER_BOUND('',#795,.T.);
#434=FACE_OUTER_BOUND('',#796,.T.);
#435=FACE_OUTER_BOUND('',#797,.T.);
#436=FACE_OUTER_BOUND('',#798,.T.);
#437=FACE_OUTER_BOUND('',#799,.T.);
#438=FACE_OUTER_BOUND('',#800,.T.);
#439=FACE_OUTER_BOUND('',#801,.T.);
#440=FACE_OUTER_BOUND('',#802,.T.);
#441=FACE_OUTER_BOUND('',#803,.T.);
#442=FACE_OUTER_BOUND('',#804,.T.);
#443=FACE_OUTER_BOUND('',#805,.T.);
#444=FACE_OUTER_BOUND('',#806,.T.);
#445=FACE_OUTER_BOUND('',#807,.T.);
#446=FACE_OUTER_BOUND('',#808,.T.);
#447=FACE_OUTER_BOUND('',#809,.T.);
#448=FACE_OUTER_BOUND('',#810,.T.);
#449=FACE_OUTER_BOUND('',#811,.T.);
#450=FACE_OUTER_BOUND('',#812,.T.);
#451=FACE_OUTER_BOUND('',#813,.T.);
#452=FACE_OUTER_BOUND('',#814,.T.);
#453=FACE_OUTER_BOUND('',#815,.T.);
#454=FACE_OUTER_BOUND('',#816,.T.);
#455=FACE_OUTER_BOUND('',#817,.T.);
#456=FACE_OUTER_BOUND('',#818,.T.);
#457=FACE_OUTER_BOUND('',#819,.T.);
#458=FACE_OUTER_BOUND('',#820,.T.);
#459=FACE_OUTER_BOUND('',#821,.T.);
#460=FACE_OUTER_BOUND('',#822,.T.);
#461=FACE_OUTER_BOUND('',#823,.T.);
#462=FACE_OUTER_BOUND('',#824,.T.);
#463=FACE_OUTER_BOUND('',#825,.T.);
#464=FACE_OUTER_BOUND('',#826,.T.);
#465=FACE_OUTER_BOUND('',#827,.T.);
#466=FACE_OUTER_BOUND('',#828,.T.);
#467=FACE_OUTER_BOUND('',#829,.T.);
#468=FACE_OUTER_BOUND('',#830,.T.);
#469=FACE_OUTER_BOUND('',#831,.T.);
#470=FACE_OUTER_BOUND('',#832,.T.);
#471=FACE_OUTER_BOUND('',#833,.T.);
#472=FACE_OUTER_BOUND('',#834,.T.);
#473=FACE_OUTER_BOUND('',#835,.T.);
#474=FACE_OUTER_BOUND('',#836,.T.);
#475=FACE_OUTER_BOUND('',#837,.T.);
#476=FACE_OUTER_BOUND('',#838,.T.);
#477=FACE_OUTER_BOUND('',#839,.T.);
#478=FACE_OUTER_BOUND('',#840,.T.);
#479=FACE_OUTER_BOUND('',#841,.T.);
#480=FACE_OUTER_BOUND('',#842,.T.);
#481=FACE_OUTER_BOUND('',#843,.T.);
#482=FACE_OUTER_BOUND('',#844,.T.);
#483=FACE_OUTER_BOUND('',#845,.T.);
#484=FACE_OUTER_BOUND('',#846,.T.);
#485=FACE_OUTER_BOUND('',#847,.T.);
#486=FACE_OUTER_BOUND('',#848,.T.);
#487=FACE_OUTER_BOUND('',#849,.T.);
#488=FACE_OUTER_BOUND('',#850,.T.);
#489=FACE_OUTER_BOUND('',#851,.T.);
#490=FACE_OUTER_BOUND('',#852,.T.);
#491=FACE_OUTER_BOUND('',#853,.T.);
#492=EDGE_LOOP('',(#3103,#3104,#3105,#3106,#3107));
#493=EDGE_LOOP('',(#3108,#3109,#3110,#3111));
#494=EDGE_LOOP('',(#3112,#3113,#3114,#3115,#3116,#3117,#3118,#3119));
#495=EDGE_LOOP('',(#3120,#3121,#3122,#3123));
#496=EDGE_LOOP('',(#3124,#3125,#3126,#3127,#3128));
#497=EDGE_LOOP('',(#3129,#3130,#3131,#3132,#3133,#3134,#3135));
#498=EDGE_LOOP('',(#3136,#3137,#3138,#3139));
#499=EDGE_LOOP('',(#3140,#3141,#3142,#3143));
#500=EDGE_LOOP('',(#3144,#3145,#3146,#3147,#3148,#3149,#3150));
#501=EDGE_LOOP('',(#3151,#3152,#3153,#3154));
#502=EDGE_LOOP('',(#3155,#3156,#3157,#3158,#3159));
#503=EDGE_LOOP('',(#3160,#3161,#3162,#3163));
#504=EDGE_LOOP('',(#3164,#3165,#3166,#3167,#3168,#3169,#3170,#3171));
#505=EDGE_LOOP('',(#3172,#3173,#3174,#3175));
#506=EDGE_LOOP('',(#3176,#3177,#3178,#3179,#3180));
#507=EDGE_LOOP('',(#3181,#3182,#3183,#3184,#3185,#3186,#3187));
#508=EDGE_LOOP('',(#3188,#3189,#3190,#3191));
#509=EDGE_LOOP('',(#3192,#3193,#3194,#3195));
#510=EDGE_LOOP('',(#3196,#3197,#3198,#3199,#3200,#3201,#3202));
#511=EDGE_LOOP('',(#3203,#3204,#3205,#3206));
#512=EDGE_LOOP('',(#3207,#3208,#3209,#3210,#3211));
#513=EDGE_LOOP('',(#3212,#3213,#3214,#3215));
#514=EDGE_LOOP('',(#3216,#3217,#3218,#3219,#3220,#3221,#3222,#3223));
#515=EDGE_LOOP('',(#3224,#3225,#3226,#3227));
#516=EDGE_LOOP('',(#3228,#3229,#3230,#3231,#3232));
#517=EDGE_LOOP('',(#3233,#3234,#3235,#3236,#3237,#3238,#3239));
#518=EDGE_LOOP('',(#3240,#3241,#3242,#3243));
#519=EDGE_LOOP('',(#3244,#3245,#3246,#3247));
#520=EDGE_LOOP('',(#3248,#3249,#3250,#3251,#3252,#3253,#3254));
#521=EDGE_LOOP('',(#3255,#3256,#3257,#3258));
#522=EDGE_LOOP('',(#3259,#3260,#3261,#3262));
#523=EDGE_LOOP('',(#3263,#3264,#3265,#3266,#3267,#3268,#3269,#3270));
#524=EDGE_LOOP('',(#3271,#3272,#3273,#3274));
#525=EDGE_LOOP('',(#3275,#3276,#3277,#3278,#3279));
#526=EDGE_LOOP('',(#3280,#3281,#3282,#3283,#3284));
#527=EDGE_LOOP('',(#3285,#3286,#3287,#3288,#3289,#3290,#3291));
#528=EDGE_LOOP('',(#3292,#3293,#3294,#3295));
#529=EDGE_LOOP('',(#3296,#3297,#3298,#3299,#3300,#3301));
#530=EDGE_LOOP('',(#3302,#3303,#3304,#3305));
#531=EDGE_LOOP('',(#3306,#3307,#3308,#3309));
#532=EDGE_LOOP('',(#3310,#3311,#3312,#3313));
#533=EDGE_LOOP('',(#3314,#3315,#3316,#3317,#3318,#3319,#3320,#3321));
#534=EDGE_LOOP('',(#3322,#3323,#3324,#3325));
#535=EDGE_LOOP('',(#3326,#3327,#3328,#3329,#3330,#3331));
#536=EDGE_LOOP('',(#3332,#3333,#3334,#3335));
#537=EDGE_LOOP('',(#3336,#3337,#3338,#3339));
#538=EDGE_LOOP('',(#3340,#3341,#3342,#3343));
#539=EDGE_LOOP('',(#3344,#3345,#3346,#3347,#3348,#3349));
#540=EDGE_LOOP('',(#3350,#3351,#3352,#3353,#3354,#3355,#3356));
#541=EDGE_LOOP('',(#3357,#3358,#3359,#3360));
#542=EDGE_LOOP('',(#3361,#3362,#3363,#3364));
#543=EDGE_LOOP('',(#3365,#3366,#3367,#3368));
#544=EDGE_LOOP('',(#3369,#3370,#3371,#3372,#3373,#3374));
#545=EDGE_LOOP('',(#3375,#3376,#3377,#3378,#3379,#3380));
#546=EDGE_LOOP('',(#3381,#3382,#3383,#3384));
#547=EDGE_LOOP('',(#3385,#3386,#3387,#3388));
#548=EDGE_LOOP('',(#3389,#3390,#3391,#3392,#3393,#3394));
#549=EDGE_LOOP('',(#3395,#3396,#3397,#3398));
#550=EDGE_LOOP('',(#3399,#3400,#3401,#3402));
#551=EDGE_LOOP('',(#3403,#3404,#3405,#3406));
#552=EDGE_LOOP('',(#3407,#3408,#3409,#3410));
#553=EDGE_LOOP('',(#3411,#3412,#3413,#3414));
#554=EDGE_LOOP('',(#3415,#3416,#3417,#3418,#3419,#3420,#3421,#3422,#3423,
#3424,#3425,#3426,#3427,#3428));
#555=EDGE_LOOP('',(#3429,#3430,#3431,#3432,#3433,#3434));
#556=EDGE_LOOP('',(#3435,#3436,#3437,#3438,#3439,#3440));
#557=EDGE_LOOP('',(#3441,#3442,#3443,#3444));
#558=EDGE_LOOP('',(#3445,#3446,#3447,#3448));
#559=EDGE_LOOP('',(#3449,#3450,#3451,#3452));
#560=EDGE_LOOP('',(#3453,#3454,#3455,#3456,#3457,#3458,#3459,#3460,#3461,
#3462,#3463,#3464,#3465,#3466,#3467,#3468,#3469,#3470,#3471,#3472,#3473,
#3474,#3475,#3476,#3477,#3478,#3479,#3480,#3481,#3482,#3483,#3484,#3485,
#3486,#3487,#3488,#3489,#3490));
#561=EDGE_LOOP('',(#3491));
#562=EDGE_LOOP('',(#3492,#3493,#3494,#3495));
#563=EDGE_LOOP('',(#3496));
#564=EDGE_LOOP('',(#3497));
#565=EDGE_LOOP('',(#3498));
#566=EDGE_LOOP('',(#3499));
#567=EDGE_LOOP('',(#3500));
#568=EDGE_LOOP('',(#3501));
#569=EDGE_LOOP('',(#3502));
#570=EDGE_LOOP('',(#3503));
#571=EDGE_LOOP('',(#3504));
#572=EDGE_LOOP('',(#3505));
#573=EDGE_LOOP('',(#3506));
#574=EDGE_LOOP('',(#3507));
#575=EDGE_LOOP('',(#3508,#3509,#3510,#3511));
#576=EDGE_LOOP('',(#3512,#3513,#3514,#3515,#3516,#3517));
#577=EDGE_LOOP('',(#3518,#3519,#3520,#3521,#3522,#3523));
#578=EDGE_LOOP('',(#3524,#3525,#3526,#3527,#3528,#3529));
#579=EDGE_LOOP('',(#3530,#3531,#3532,#3533,#3534,#3535));
#580=EDGE_LOOP('',(#3536,#3537,#3538,#3539,#3540,#3541));
#581=EDGE_LOOP('',(#3542,#3543,#3544,#3545,#3546,#3547));
#582=EDGE_LOOP('',(#3548,#3549,#3550,#3551,#3552,#3553));
#583=EDGE_LOOP('',(#3554,#3555,#3556,#3557,#3558,#3559));
#584=EDGE_LOOP('',(#3560,#3561,#3562,#3563,#3564,#3565));
#585=EDGE_LOOP('',(#3566,#3567,#3568,#3569,#3570,#3571));
#586=EDGE_LOOP('',(#3572,#3573,#3574,#3575,#3576,#3577));
#587=EDGE_LOOP('',(#3578,#3579,#3580,#3581,#3582,#3583));
#588=EDGE_LOOP('',(#3584,#3585,#3586,#3587,#3588,#3589));
#589=EDGE_LOOP('',(#3590,#3591,#3592,#3593,#3594,#3595));
#590=EDGE_LOOP('',(#3596,#3597,#3598,#3599));
#591=EDGE_LOOP('',(#3600,#3601,#3602,#3603));
#592=EDGE_LOOP('',(#3604,#3605,#3606,#3607));
#593=EDGE_LOOP('',(#3608,#3609,#3610,#3611));
#594=EDGE_LOOP('',(#3612,#3613,#3614,#3615));
#595=EDGE_LOOP('',(#3616,#3617,#3618,#3619));
#596=EDGE_LOOP('',(#3620,#3621,#3622,#3623));
#597=EDGE_LOOP('',(#3624,#3625,#3626,#3627));
#598=EDGE_LOOP('',(#3628,#3629,#3630,#3631));
#599=EDGE_LOOP('',(#3632,#3633,#3634,#3635));
#600=EDGE_LOOP('',(#3636,#3637,#3638,#3639));
#601=EDGE_LOOP('',(#3640,#3641,#3642,#3643));
#602=EDGE_LOOP('',(#3644,#3645,#3646,#3647));
#603=EDGE_LOOP('',(#3648,#3649,#3650,#3651));
#604=EDGE_LOOP('',(#3652,#3653,#3654,#3655));
#605=EDGE_LOOP('',(#3656,#3657,#3658,#3659));
#606=EDGE_LOOP('',(#3660,#3661,#3662,#3663));
#607=EDGE_LOOP('',(#3664,#3665,#3666,#3667));
#608=EDGE_LOOP('',(#3668,#3669,#3670,#3671));
#609=EDGE_LOOP('',(#3672,#3673,#3674,#3675));
#610=EDGE_LOOP('',(#3676,#3677,#3678,#3679));
#611=EDGE_LOOP('',(#3680,#3681,#3682,#3683));
#612=EDGE_LOOP('',(#3684,#3685,#3686,#3687));
#613=EDGE_LOOP('',(#3688,#3689,#3690,#3691));
#614=EDGE_LOOP('',(#3692,#3693,#3694,#3695));
#615=EDGE_LOOP('',(#3696,#3697,#3698,#3699));
#616=EDGE_LOOP('',(#3700,#3701,#3702,#3703));
#617=EDGE_LOOP('',(#3704,#3705,#3706,#3707));
#618=EDGE_LOOP('',(#3708,#3709,#3710,#3711));
#619=EDGE_LOOP('',(#3712,#3713,#3714,#3715));
#620=EDGE_LOOP('',(#3716,#3717,#3718,#3719));
#621=EDGE_LOOP('',(#3720,#3721,#3722,#3723));
#622=EDGE_LOOP('',(#3724,#3725,#3726,#3727));
#623=EDGE_LOOP('',(#3728,#3729,#3730,#3731));
#624=EDGE_LOOP('',(#3732,#3733,#3734,#3735));
#625=EDGE_LOOP('',(#3736,#3737,#3738,#3739));
#626=EDGE_LOOP('',(#3740,#3741,#3742,#3743));
#627=EDGE_LOOP('',(#3744,#3745,#3746,#3747));
#628=EDGE_LOOP('',(#3748,#3749,#3750,#3751));
#629=EDGE_LOOP('',(#3752,#3753,#3754,#3755));
#630=EDGE_LOOP('',(#3756,#3757,#3758,#3759));
#631=EDGE_LOOP('',(#3760,#3761,#3762,#3763));
#632=EDGE_LOOP('',(#3764,#3765,#3766,#3767));
#633=EDGE_LOOP('',(#3768,#3769,#3770,#3771));
#634=EDGE_LOOP('',(#3772,#3773,#3774,#3775));
#635=EDGE_LOOP('',(#3776,#3777,#3778,#3779));
#636=EDGE_LOOP('',(#3780,#3781,#3782,#3783));
#637=EDGE_LOOP('',(#3784,#3785,#3786,#3787));
#638=EDGE_LOOP('',(#3788,#3789,#3790));
#639=EDGE_LOOP('',(#3791,#3792,#3793,#3794));
#640=EDGE_LOOP('',(#3795,#3796,#3797,#3798));
#641=EDGE_LOOP('',(#3799,#3800,#3801,#3802));
#642=EDGE_LOOP('',(#3803,#3804,#3805,#3806));
#643=EDGE_LOOP('',(#3807,#3808,#3809,#3810));
#644=EDGE_LOOP('',(#3811,#3812,#3813,#3814));
#645=EDGE_LOOP('',(#3815,#3816,#3817,#3818));
#646=EDGE_LOOP('',(#3819,#3820,#3821,#3822));
#647=EDGE_LOOP('',(#3823,#3824,#3825,#3826));
#648=EDGE_LOOP('',(#3827,#3828,#3829,#3830));
#649=EDGE_LOOP('',(#3831,#3832,#3833,#3834));
#650=EDGE_LOOP('',(#3835,#3836,#3837,#3838));
#651=EDGE_LOOP('',(#3839,#3840,#3841,#3842));
#652=EDGE_LOOP('',(#3843,#3844,#3845,#3846));
#653=EDGE_LOOP('',(#3847,#3848,#3849,#3850));
#654=EDGE_LOOP('',(#3851,#3852,#3853,#3854));
#655=EDGE_LOOP('',(#3855,#3856,#3857,#3858));
#656=EDGE_LOOP('',(#3859,#3860,#3861,#3862));
#657=EDGE_LOOP('',(#3863,#3864,#3865,#3866));
#658=EDGE_LOOP('',(#3867,#3868,#3869,#3870));
#659=EDGE_LOOP('',(#3871,#3872,#3873,#3874));
#660=EDGE_LOOP('',(#3875,#3876,#3877,#3878));
#661=EDGE_LOOP('',(#3879,#3880,#3881,#3882));
#662=EDGE_LOOP('',(#3883,#3884,#3885,#3886));
#663=EDGE_LOOP('',(#3887,#3888,#3889,#3890));
#664=EDGE_LOOP('',(#3891,#3892,#3893,#3894));
#665=EDGE_LOOP('',(#3895,#3896,#3897,#3898));
#666=EDGE_LOOP('',(#3899,#3900,#3901,#3902));
#667=EDGE_LOOP('',(#3903,#3904,#3905,#3906));
#668=EDGE_LOOP('',(#3907,#3908,#3909,#3910));
#669=EDGE_LOOP('',(#3911,#3912,#3913,#3914));
#670=EDGE_LOOP('',(#3915,#3916,#3917,#3918));
#671=EDGE_LOOP('',(#3919,#3920,#3921,#3922));
#672=EDGE_LOOP('',(#3923,#3924,#3925,#3926));
#673=EDGE_LOOP('',(#3927,#3928,#3929,#3930));
#674=EDGE_LOOP('',(#3931,#3932,#3933,#3934));
#675=EDGE_LOOP('',(#3935,#3936,#3937,#3938));
#676=EDGE_LOOP('',(#3939,#3940,#3941,#3942));
#677=EDGE_LOOP('',(#3943,#3944,#3945,#3946));
#678=EDGE_LOOP('',(#3947,#3948,#3949,#3950));
#679=EDGE_LOOP('',(#3951,#3952,#3953,#3954));
#680=EDGE_LOOP('',(#3955,#3956,#3957,#3958));
#681=EDGE_LOOP('',(#3959,#3960,#3961,#3962));
#682=EDGE_LOOP('',(#3963,#3964,#3965,#3966,#3967,#3968,#3969,#3970,#3971,
#3972,#3973,#3974,#3975,#3976));
#683=EDGE_LOOP('',(#3977,#3978,#3979,#3980,#3981,#3982));
#684=EDGE_LOOP('',(#3983,#3984,#3985,#3986,#3987,#3988));
#685=EDGE_LOOP('',(#3989,#3990,#3991,#3992));
#686=EDGE_LOOP('',(#3993,#3994,#3995,#3996));
#687=EDGE_LOOP('',(#3997,#3998,#3999,#4000));
#688=EDGE_LOOP('',(#4001,#4002,#4003,#4004,#4005,#4006,#4007,#4008,#4009,
#4010,#4011,#4012,#4013,#4014));
#689=EDGE_LOOP('',(#4015,#4016,#4017,#4018,#4019,#4020));
#690=EDGE_LOOP('',(#4021,#4022,#4023,#4024,#4025,#4026));
#691=EDGE_LOOP('',(#4027,#4028,#4029,#4030));
#692=EDGE_LOOP('',(#4031,#4032,#4033,#4034));
#693=EDGE_LOOP('',(#4035,#4036,#4037,#4038));
#694=EDGE_LOOP('',(#4039,#4040,#4041,#4042));
#695=EDGE_LOOP('',(#4043,#4044,#4045,#4046));
#696=EDGE_LOOP('',(#4047,#4048,#4049,#4050));
#697=EDGE_LOOP('',(#4051,#4052,#4053,#4054));
#698=EDGE_LOOP('',(#4055,#4056,#4057,#4058));
#699=EDGE_LOOP('',(#4059,#4060,#4061,#4062));
#700=EDGE_LOOP('',(#4063,#4064,#4065,#4066));
#701=EDGE_LOOP('',(#4067,#4068,#4069,#4070));
#702=EDGE_LOOP('',(#4071,#4072,#4073,#4074));
#703=EDGE_LOOP('',(#4075,#4076,#4077,#4078));
#704=EDGE_LOOP('',(#4079,#4080,#4081,#4082,#4083,#4084,#4085,#4086,#4087,
#4088,#4089,#4090,#4091,#4092));
#705=EDGE_LOOP('',(#4093,#4094,#4095,#4096,#4097,#4098));
#706=EDGE_LOOP('',(#4099,#4100,#4101,#4102,#4103,#4104));
#707=EDGE_LOOP('',(#4105,#4106,#4107,#4108));
#708=EDGE_LOOP('',(#4109,#4110,#4111,#4112,#4113));
#709=EDGE_LOOP('',(#4114,#4115,#4116));
#710=EDGE_LOOP('',(#4117,#4118,#4119,#4120));
#711=EDGE_LOOP('',(#4121,#4122,#4123,#4124));
#712=EDGE_LOOP('',(#4125,#4126,#4127,#4128,#4129));
#713=EDGE_LOOP('',(#4130,#4131,#4132));
#714=EDGE_LOOP('',(#4133,#4134,#4135,#4136));
#715=EDGE_LOOP('',(#4137));
#716=EDGE_LOOP('',(#4138,#4139,#4140,#4141,#4142,#4143));
#717=EDGE_LOOP('',(#4144,#4145,#4146,#4147,#4148,#4149));
#718=EDGE_LOOP('',(#4150,#4151,#4152,#4153,#4154,#4155));
#719=EDGE_LOOP('',(#4156,#4157,#4158,#4159,#4160,#4161));
#720=EDGE_LOOP('',(#4162,#4163,#4164,#4165,#4166,#4167));
#721=EDGE_LOOP('',(#4168,#4169,#4170,#4171,#4172,#4173));
#722=EDGE_LOOP('',(#4174));
#723=EDGE_LOOP('',(#4175));
#724=EDGE_LOOP('',(#4176));
#725=EDGE_LOOP('',(#4177));
#726=EDGE_LOOP('',(#4178));
#727=EDGE_LOOP('',(#4179));
#728=EDGE_LOOP('',(#4180));
#729=EDGE_LOOP('',(#4181));
#730=EDGE_LOOP('',(#4182));
#731=EDGE_LOOP('',(#4183));
#732=EDGE_LOOP('',(#4184));
#733=EDGE_LOOP('',(#4185));
#734=EDGE_LOOP('',(#4186));
#735=EDGE_LOOP('',(#4187));
#736=EDGE_LOOP('',(#4188));
#737=EDGE_LOOP('',(#4189));
#738=EDGE_LOOP('',(#4190));
#739=EDGE_LOOP('',(#4191));
#740=EDGE_LOOP('',(#4192));
#741=EDGE_LOOP('',(#4193));
#742=EDGE_LOOP('',(#4194));
#743=EDGE_LOOP('',(#4195));
#744=EDGE_LOOP('',(#4196));
#745=EDGE_LOOP('',(#4197));
#746=EDGE_LOOP('',(#4198,#4199,#4200,#4201,#4202));
#747=EDGE_LOOP('',(#4203,#4204,#4205,#4206,#4207,#4208));
#748=EDGE_LOOP('',(#4209,#4210,#4211,#4212));
#749=EDGE_LOOP('',(#4213,#4214,#4215,#4216));
#750=EDGE_LOOP('',(#4217,#4218,#4219,#4220));
#751=EDGE_LOOP('',(#4221,#4222,#4223));
#752=EDGE_LOOP('',(#4224,#4225,#4226,#4227));
#753=EDGE_LOOP('',(#4228,#4229,#4230));
#754=EDGE_LOOP('',(#4231,#4232,#4233,#4234));
#755=EDGE_LOOP('',(#4235,#4236,#4237,#4238));
#756=EDGE_LOOP('',(#4239,#4240,#4241));
#757=EDGE_LOOP('',(#4242,#4243,#4244,#4245));
#758=EDGE_LOOP('',(#4246,#4247,#4248,#4249,#4250,#4251,#4252,#4253));
#759=EDGE_LOOP('',(#4254,#4255,#4256,#4257));
#760=EDGE_LOOP('',(#4258,#4259,#4260,#4261));
#761=EDGE_LOOP('',(#4262,#4263,#4264));
#762=EDGE_LOOP('',(#4265,#4266,#4267,#4268));
#763=EDGE_LOOP('',(#4269,#4270,#4271));
#764=EDGE_LOOP('',(#4272,#4273,#4274,#4275));
#765=EDGE_LOOP('',(#4276,#4277,#4278,#4279));
#766=EDGE_LOOP('',(#4280,#4281,#4282));
#767=EDGE_LOOP('',(#4283,#4284,#4285,#4286,#4287,#4288));
#768=EDGE_LOOP('',(#4289,#4290,#4291,#4292));
#769=EDGE_LOOP('',(#4293,#4294,#4295,#4296,#4297,#4298,#4299,#4300));
#770=EDGE_LOOP('',(#4301,#4302,#4303,#4304));
#771=EDGE_LOOP('',(#4305,#4306,#4307));
#772=EDGE_LOOP('',(#4308,#4309,#4310,#4311));
#773=EDGE_LOOP('',(#4312,#4313,#4314));
#774=EDGE_LOOP('',(#4315,#4316,#4317,#4318));
#775=EDGE_LOOP('',(#4319,#4320,#4321,#4322));
#776=EDGE_LOOP('',(#4323,#4324,#4325));
#777=EDGE_LOOP('',(#4326,#4327,#4328,#4329,#4330,#4331,#4332,#4333));
#778=EDGE_LOOP('',(#4334));
#779=EDGE_LOOP('',(#4335));
#780=EDGE_LOOP('',(#4336));
#781=EDGE_LOOP('',(#4337));
#782=EDGE_LOOP('',(#4338));
#783=EDGE_LOOP('',(#4339));
#784=EDGE_LOOP('',(#4340));
#785=EDGE_LOOP('',(#4341));
#786=EDGE_LOOP('',(#4342));
#787=EDGE_LOOP('',(#4343));
#788=EDGE_LOOP('',(#4344));
#789=EDGE_LOOP('',(#4345));
#790=EDGE_LOOP('',(#4346));
#791=EDGE_LOOP('',(#4347));
#792=EDGE_LOOP('',(#4348));
#793=EDGE_LOOP('',(#4349));
#794=EDGE_LOOP('',(#4350,#4351,#4352,#4353,#4354,#4355,#4356,#4357));
#795=EDGE_LOOP('',(#4358,#4359,#4360,#4361));
#796=EDGE_LOOP('',(#4362,#4363,#4364,#4365,#4366));
#797=EDGE_LOOP('',(#4367,#4368,#4369,#4370));
#798=EDGE_LOOP('',(#4371,#4372,#4373,#4374));
#799=EDGE_LOOP('',(#4375,#4376,#4377));
#800=EDGE_LOOP('',(#4378,#4379,#4380,#4381));
#801=EDGE_LOOP('',(#4382,#4383,#4384,#4385));
#802=EDGE_LOOP('',(#4386,#4387,#4388,#4389));
#803=EDGE_LOOP('',(#4390,#4391,#4392,#4393));
#804=EDGE_LOOP('',(#4394,#4395,#4396,#4397));
#805=EDGE_LOOP('',(#4398,#4399,#4400,#4401));
#806=EDGE_LOOP('',(#4402,#4403,#4404,#4405));
#807=EDGE_LOOP('',(#4406,#4407,#4408,#4409));
#808=EDGE_LOOP('',(#4410,#4411,#4412,#4413));
#809=EDGE_LOOP('',(#4414,#4415,#4416,#4417));
#810=EDGE_LOOP('',(#4418,#4419,#4420,#4421));
#811=EDGE_LOOP('',(#4422,#4423,#4424,#4425));
#812=EDGE_LOOP('',(#4426,#4427,#4428,#4429));
#813=EDGE_LOOP('',(#4430,#4431,#4432,#4433));
#814=EDGE_LOOP('',(#4434,#4435,#4436,#4437));
#815=EDGE_LOOP('',(#4438,#4439,#4440,#4441));
#816=EDGE_LOOP('',(#4442,#4443,#4444,#4445));
#817=EDGE_LOOP('',(#4446,#4447,#4448,#4449));
#818=EDGE_LOOP('',(#4450,#4451,#4452,#4453,#4454,#4455,#4456));
#819=EDGE_LOOP('',(#4457,#4458,#4459,#4460));
#820=EDGE_LOOP('',(#4461,#4462,#4463,#4464));
#821=EDGE_LOOP('',(#4465,#4466,#4467,#4468,#4469));
#822=EDGE_LOOP('',(#4470,#4471,#4472,#4473,#4474,#4475));
#823=EDGE_LOOP('',(#4476,#4477,#4478,#4479,#4480));
#824=EDGE_LOOP('',(#4481,#4482,#4483,#4484));
#825=EDGE_LOOP('',(#4485,#4486,#4487,#4488));
#826=EDGE_LOOP('',(#4489,#4490,#4491,#4492));
#827=EDGE_LOOP('',(#4493,#4494,#4495,#4496));
#828=EDGE_LOOP('',(#4497,#4498,#4499,#4500));
#829=EDGE_LOOP('',(#4501,#4502,#4503,#4504));
#830=EDGE_LOOP('',(#4505,#4506,#4507,#4508,#4509));
#831=EDGE_LOOP('',(#4510,#4511,#4512,#4513,#4514,#4515));
#832=EDGE_LOOP('',(#4516,#4517,#4518,#4519,#4520));
#833=EDGE_LOOP('',(#4521,#4522,#4523,#4524));
#834=EDGE_LOOP('',(#4525,#4526,#4527,#4528));
#835=EDGE_LOOP('',(#4529,#4530,#4531,#4532));
#836=EDGE_LOOP('',(#4533,#4534,#4535,#4536));
#837=EDGE_LOOP('',(#4537,#4538,#4539,#4540));
#838=EDGE_LOOP('',(#4541,#4542,#4543,#4544));
#839=EDGE_LOOP('',(#4545,#4546,#4547,#4548,#4549));
#840=EDGE_LOOP('',(#4550,#4551,#4552,#4553,#4554,#4555));
#841=EDGE_LOOP('',(#4556,#4557,#4558,#4559,#4560));
#842=EDGE_LOOP('',(#4561,#4562,#4563,#4564));
#843=EDGE_LOOP('',(#4565,#4566,#4567,#4568));
#844=EDGE_LOOP('',(#4569,#4570,#4571,#4572));
#845=EDGE_LOOP('',(#4573,#4574,#4575,#4576));
#846=EDGE_LOOP('',(#4577,#4578,#4579,#4580));
#847=EDGE_LOOP('',(#4581,#4582,#4583,#4584));
#848=EDGE_LOOP('',(#4585,#4586,#4587,#4588,#4589));
#849=EDGE_LOOP('',(#4590,#4591,#4592,#4593,#4594,#4595));
#850=EDGE_LOOP('',(#4596,#4597,#4598,#4599,#4600));
#851=EDGE_LOOP('',(#4601,#4602,#4603,#4604));
#852=EDGE_LOOP('',(#4605,#4606,#4607,#4608));
#853=EDGE_LOOP('',(#4609,#4610,#4611,#4612,#4613,#4614,#4615,#4616,#4617,
#4618,#4619,#4620));
#854=CIRCLE('',#5131,1.99999999999999);
#855=CIRCLE('',#5132,1.99999999999998);
#856=CIRCLE('',#5133,1.);
#857=CIRCLE('',#5134,3.);
#858=CIRCLE('',#5136,28.);
#859=CIRCLE('',#5137,30.);
#860=CIRCLE('',#5138,2.);
#861=CIRCLE('',#5139,28.);
#862=CIRCLE('',#5140,28.);
#863=CIRCLE('',#5141,2.00000000000001);
#864=CIRCLE('',#5142,1.);
#865=CIRCLE('',#5143,3.);
#866=CIRCLE('',#5146,7.25000000000001);
#867=CIRCLE('',#5147,7.25000000000001);
#868=CIRCLE('',#5148,7.25000000000001);
#869=CIRCLE('',#5150,7.25000000000001);
#870=CIRCLE('',#5152,7.25000000000001);
#871=CIRCLE('',#5153,2.99999999999999);
#872=CIRCLE('',#5155,7.25000000000001);
#873=CIRCLE('',#5157,0.999999999999996);
#874=CIRCLE('',#5159,1.99999999999999);
#875=CIRCLE('',#5160,1.99999999999998);
#876=CIRCLE('',#5161,1.);
#877=CIRCLE('',#5162,3.);
#878=CIRCLE('',#5164,28.);
#879=CIRCLE('',#5165,30.);
#880=CIRCLE('',#5166,2.);
#881=CIRCLE('',#5167,28.);
#882=CIRCLE('',#5168,28.);
#883=CIRCLE('',#5169,2.00000000000001);
#884=CIRCLE('',#5170,1.);
#885=CIRCLE('',#5171,3.);
#886=CIRCLE('',#5174,7.24999999999998);
#887=CIRCLE('',#5175,7.24999999999998);
#888=CIRCLE('',#5176,7.24999999999998);
#889=CIRCLE('',#5178,7.2500000000001);
#890=CIRCLE('',#5180,7.2500000000001);
#891=CIRCLE('',#5181,3.);
#892=CIRCLE('',#5183,7.2500000000001);
#893=CIRCLE('',#5185,0.999999999999996);
#894=CIRCLE('',#5187,1.99999999999999);
#895=CIRCLE('',#5188,1.99999999999998);
#896=CIRCLE('',#5189,1.);
#897=CIRCLE('',#5190,3.);
#898=CIRCLE('',#5192,27.9999999999999);
#899=CIRCLE('',#5193,30.);
#900=CIRCLE('',#5194,2.);
#901=CIRCLE('',#5195,27.9999999999999);
#902=CIRCLE('',#5196,27.9999999999999);
#903=CIRCLE('',#5197,2.00000000000003);
#904=CIRCLE('',#5198,1.);
#905=CIRCLE('',#5199,3.);
#906=CIRCLE('',#5202,7.25);
#907=CIRCLE('',#5203,7.25);
#908=CIRCLE('',#5204,7.25);
#909=CIRCLE('',#5206,7.25);
#910=CIRCLE('',#5208,7.25);
#911=CIRCLE('',#5209,3.);
#912=CIRCLE('',#5211,7.25);
#913=CIRCLE('',#5213,1.00000000000001);
#914=CIRCLE('',#5214,1.99999999999999);
#915=CIRCLE('',#5215,3.);
#916=CIRCLE('',#5216,1.99999999999998);
#917=CIRCLE('',#5217,1.);
#918=CIRCLE('',#5219,28.);
#919=CIRCLE('',#5220,30.);
#920=CIRCLE('',#5221,2.);
#921=CIRCLE('',#5222,28.);
#922=CIRCLE('',#5223,28.);
#923=CIRCLE('',#5224,2.00000000000001);
#924=CIRCLE('',#5225,1.);
#925=CIRCLE('',#5226,3.);
#926=CIRCLE('',#5230,7.24999999999996);
#927=CIRCLE('',#5231,7.24999999999996);
#928=CIRCLE('',#5232,7.24999999999996);
#929=CIRCLE('',#5234,0.999999999999996);
#930=CIRCLE('',#5237,3.);
#931=CIRCLE('',#5239,7.24999999999985);
#932=CIRCLE('',#5241,3.);
#933=CIRCLE('',#5242,7.24999999999985);
#934=CIRCLE('',#5244,30.);
#935=CIRCLE('',#5246,3.);
#936=CIRCLE('',#5249,0.999999999999996);
#937=CIRCLE('',#5251,0.999999999999996);
#938=CIRCLE('',#5255,7.24999999999985);
#939=CIRCLE('',#5258,0.999999999999996);
#940=CIRCLE('',#5264,0.999999999999996);
#941=CIRCLE('',#5267,3.);
#942=CIRCLE('',#5269,3.);
#943=CIRCLE('',#5271,2.99999999999999);
#944=CIRCLE('',#5273,3.);
#945=CIRCLE('',#5275,3.00000000000001);
#946=CIRCLE('',#5276,3.00000000000001);
#947=CIRCLE('',#5278,3.);
#948=CIRCLE('',#5279,3.);
#949=CIRCLE('',#5280,6.99999999999998);
#950=CIRCLE('',#5281,7.);
#951=CIRCLE('',#5282,3.);
#952=CIRCLE('',#5283,3.);
#953=CIRCLE('',#5284,1.99999999999999);
#954=CIRCLE('',#5285,2.00000000000038);
#955=CIRCLE('',#5286,1.99999999999998);
#956=CIRCLE('',#5287,2.0000000000004);
#957=CIRCLE('',#5288,1.99999999999999);
#958=CIRCLE('',#5289,2.00000000000035);
#959=CIRCLE('',#5290,1.99999999999994);
#960=CIRCLE('',#5291,2.00000000000029);
#961=CIRCLE('',#5292,2.00000000000008);
#962=CIRCLE('',#5293,2.00000000000024);
#963=CIRCLE('',#5294,1.99999999999997);
#964=CIRCLE('',#5295,2.0000000000004);
#965=CIRCLE('',#5297,3.6);
#966=CIRCLE('',#5298,3.6);
#967=CIRCLE('',#5300,3.6);
#968=CIRCLE('',#5301,3.6);
#969=CIRCLE('',#5303,4.85);
#970=CIRCLE('',#5305,38.);
#971=CIRCLE('',#5306,6.);
#972=CIRCLE('',#5307,6.);
#973=CIRCLE('',#5308,6.);
#974=CIRCLE('',#5309,6.);
#975=CIRCLE('',#5310,9.99999999999993);
#976=CIRCLE('',#5311,9.99999999999995);
#977=CIRCLE('',#5312,6.);
#978=CIRCLE('',#5313,6.);
#979=CIRCLE('',#5314,6.);
#980=CIRCLE('',#5315,6.);
#981=CIRCLE('',#5316,10.);
#982=CIRCLE('',#5317,10.0000000000002);
#983=CIRCLE('',#5318,6.);
#984=CIRCLE('',#5319,6.);
#985=CIRCLE('',#5320,6.);
#986=CIRCLE('',#5321,6.);
#987=CIRCLE('',#5322,10.);
#988=CIRCLE('',#5323,9.99999999999998);
#989=CIRCLE('',#5324,6.);
#990=CIRCLE('',#5325,6.);
#991=CIRCLE('',#5326,6.);
#992=CIRCLE('',#5327,6.);
#993=CIRCLE('',#5328,38.);
#994=CIRCLE('',#5329,3.75);
#995=CIRCLE('',#5330,3.75);
#996=CIRCLE('',#5331,4.85);
#997=CIRCLE('',#5332,91.2499999999999);
#998=CIRCLE('',#5333,91.2499999999998);
#999=CIRCLE('',#5334,3.75);
#1000=CIRCLE('',#5335,3.75);
#1001=CIRCLE('',#5336,3.75);
#1002=CIRCLE('',#5337,3.75);
#1003=CIRCLE('',#5338,3.75);
#1004=CIRCLE('',#5339,3.75);
#1005=CIRCLE('',#5340,3.75);
#1006=CIRCLE('',#5341,3.75);
#1007=CIRCLE('',#5342,3.75);
#1008=CIRCLE('',#5343,3.75);
#1009=CIRCLE('',#5344,3.75);
#1010=CIRCLE('',#5347,2.00000000000029);
#1011=CIRCLE('',#5348,1.99999999999994);
#1012=CIRCLE('',#5349,2.0000000000004);
#1013=CIRCLE('',#5350,1.99999999999997);
#1014=CIRCLE('',#5351,2.00000000000024);
#1015=CIRCLE('',#5352,2.00000000000008);
#1016=CIRCLE('',#5354,2.00000000000038);
#1017=CIRCLE('',#5355,1.99999999999999);
#1018=CIRCLE('',#5356,2.00000000000035);
#1019=CIRCLE('',#5357,1.99999999999999);
#1020=CIRCLE('',#5358,2.0000000000004);
#1021=CIRCLE('',#5359,1.99999999999998);
#1022=CIRCLE('',#5361,2.00000000000038);
#1023=CIRCLE('',#5362,1.99999999999999);
#1024=CIRCLE('',#5363,2.00000000000035);
#1025=CIRCLE('',#5364,2.00000000000001);
#1026=CIRCLE('',#5365,2.00000000000036);
#1027=CIRCLE('',#5366,1.99999999999995);
#1028=CIRCLE('',#5368,2.00000000000039);
#1029=CIRCLE('',#5369,1.99999999999999);
#1030=CIRCLE('',#5370,2.00000000000035);
#1031=CIRCLE('',#5371,1.99999999999999);
#1032=CIRCLE('',#5372,2.0000000000004);
#1033=CIRCLE('',#5373,1.99999999999991);
#1034=CIRCLE('',#5375,2.00000000000034);
#1035=CIRCLE('',#5376,1.99999999999999);
#1036=CIRCLE('',#5377,2.00000000000035);
#1037=CIRCLE('',#5378,1.99999999999999);
#1038=CIRCLE('',#5379,2.00000000000035);
#1039=CIRCLE('',#5380,1.99999999999999);
#1040=CIRCLE('',#5382,2.00000000000035);
#1041=CIRCLE('',#5383,1.99999999999999);
#1042=CIRCLE('',#5384,2.00000000000035);
#1043=CIRCLE('',#5385,2.);
#1044=CIRCLE('',#5386,2.00000000000035);
#1045=CIRCLE('',#5387,2.);
#1046=CIRCLE('',#5389,2.00000000000034);
#1047=CIRCLE('',#5390,1.99999999999996);
#1048=CIRCLE('',#5391,2.00000000000034);
#1049=CIRCLE('',#5392,1.99999999999995);
#1050=CIRCLE('',#5393,2.00000000000033);
#1051=CIRCLE('',#5394,1.99999999999996);
#1052=CIRCLE('',#5396,2.00000000000034);
#1053=CIRCLE('',#5397,1.99999999999998);
#1054=CIRCLE('',#5398,2.00000000000036);
#1055=CIRCLE('',#5399,1.99999999999997);
#1056=CIRCLE('',#5400,2.00000000000035);
#1057=CIRCLE('',#5401,1.99999999999998);
#1058=CIRCLE('',#5403,1.99999999999999);
#1059=CIRCLE('',#5404,1.99999999999996);
#1060=CIRCLE('',#5405,2.);
#1061=CIRCLE('',#5406,1.99999999999994);
#1062=CIRCLE('',#5407,2.);
#1063=CIRCLE('',#5408,1.99999999999995);
#1064=CIRCLE('',#5410,1.99999999999996);
#1065=CIRCLE('',#5411,1.99999999999992);
#1066=CIRCLE('',#5412,2.);
#1067=CIRCLE('',#5413,1.99999999999991);
#1068=CIRCLE('',#5414,1.99999999999998);
#1069=CIRCLE('',#5415,1.99999999999994);
#1070=CIRCLE('',#5417,2.);
#1071=CIRCLE('',#5418,1.99999999999994);
#1072=CIRCLE('',#5419,1.99999999999999);
#1073=CIRCLE('',#5420,1.99999999999994);
#1074=CIRCLE('',#5421,1.99999999999999);
#1075=CIRCLE('',#5422,1.99999999999992);
#1076=CIRCLE('',#5424,2.);
#1077=CIRCLE('',#5425,1.99999999999994);
#1078=CIRCLE('',#5426,1.99999999999998);
#1079=CIRCLE('',#5427,1.99999999999994);
#1080=CIRCLE('',#5428,1.99999999999999);
#1081=CIRCLE('',#5429,1.99999999999993);
#1082=CIRCLE('',#5431,2.00000000000007);
#1083=CIRCLE('',#5432,2.);
#1084=CIRCLE('',#5433,2.00000000000006);
#1085=CIRCLE('',#5434,2.);
#1086=CIRCLE('',#5435,2.00000000000006);
#1087=CIRCLE('',#5436,1.99999999999999);
#1088=CIRCLE('',#5438,2.00000000000007);
#1089=CIRCLE('',#5439,2.);
#1090=CIRCLE('',#5440,2.00000000000007);
#1091=CIRCLE('',#5441,2.);
#1092=CIRCLE('',#5442,2.00000000000006);
#1093=CIRCLE('',#5443,2.);
#1094=CIRCLE('',#5457,2.00000000000035);
#1095=CIRCLE('',#5459,2.00000000000001);
#1096=CIRCLE('',#5461,2.00000000000036);
#1097=CIRCLE('',#5463,1.99999999999995);
#1098=CIRCLE('',#5465,2.00000000000038);
#1099=CIRCLE('',#5467,1.99999999999999);
#1100=CIRCLE('',#5469,2.00000000000035);
#1101=CIRCLE('',#5471,1.99999999999999);
#1102=CIRCLE('',#5473,2.0000000000004);
#1103=CIRCLE('',#5475,1.99999999999991);
#1104=CIRCLE('',#5477,2.00000000000039);
#1105=CIRCLE('',#5479,1.99999999999999);
#1106=CIRCLE('',#5481,2.00000000000035);
#1107=CIRCLE('',#5483,1.99999999999999);
#1108=CIRCLE('',#5485,2.00000000000035);
#1109=CIRCLE('',#5487,1.99999999999999);
#1110=CIRCLE('',#5489,2.00000000000034);
#1111=CIRCLE('',#5491,1.99999999999999);
#1112=CIRCLE('',#5493,2.00000000000035);
#1113=CIRCLE('',#5495,2.);
#1114=CIRCLE('',#5497,2.00000000000035);
#1115=CIRCLE('',#5499,2.);
#1116=CIRCLE('',#5501,2.00000000000035);
#1117=CIRCLE('',#5503,1.99999999999999);
#1118=CIRCLE('',#5505,2.00000000000034);
#1119=CIRCLE('',#5507,1.99999999999995);
#1120=CIRCLE('',#5509,2.00000000000033);
#1121=CIRCLE('',#5511,1.99999999999996);
#1122=CIRCLE('',#5513,2.00000000000034);
#1123=CIRCLE('',#5515,1.99999999999996);
#1124=CIRCLE('',#5517,2.00000000000036);
#1125=CIRCLE('',#5519,1.99999999999997);
#1126=CIRCLE('',#5521,2.00000000000035);
#1127=CIRCLE('',#5523,1.99999999999998);
#1128=CIRCLE('',#5525,2.00000000000034);
#1129=CIRCLE('',#5527,1.99999999999998);
#1130=CIRCLE('',#5529,3.00000000000001);
#1131=CIRCLE('',#5530,3.);
#1132=CIRCLE('',#5531,3.00000000000001);
#1133=CIRCLE('',#5533,3.00000000000001);
#1134=CIRCLE('',#5535,2.);
#1135=CIRCLE('',#5537,1.99999999999994);
#1136=CIRCLE('',#5539,2.);
#1137=CIRCLE('',#5541,1.99999999999995);
#1138=CIRCLE('',#5543,1.99999999999999);
#1139=CIRCLE('',#5545,1.99999999999996);
#1140=CIRCLE('',#5547,2.);
#1141=CIRCLE('',#5549,1.99999999999991);
#1142=CIRCLE('',#5551,1.99999999999998);
#1143=CIRCLE('',#5553,1.99999999999994);
#1144=CIRCLE('',#5555,1.99999999999996);
#1145=CIRCLE('',#5557,1.99999999999992);
#1146=CIRCLE('',#5559,1.99999999999999);
#1147=CIRCLE('',#5561,1.99999999999994);
#1148=CIRCLE('',#5563,1.99999999999999);
#1149=CIRCLE('',#5565,1.99999999999992);
#1150=CIRCLE('',#5567,2.);
#1151=CIRCLE('',#5569,1.99999999999994);
#1152=CIRCLE('',#5571,1.99999999999998);
#1153=CIRCLE('',#5573,1.99999999999994);
#1154=CIRCLE('',#5575,1.99999999999999);
#1155=CIRCLE('',#5577,1.99999999999993);
#1156=CIRCLE('',#5579,2.);
#1157=CIRCLE('',#5581,1.99999999999994);
#1158=CIRCLE('',#5583,2.00000000000006);
#1159=CIRCLE('',#5585,2.);
#1160=CIRCLE('',#5587,2.00000000000006);
#1161=CIRCLE('',#5589,1.99999999999999);
#1162=CIRCLE('',#5591,2.00000000000007);
#1163=CIRCLE('',#5593,2.);
#1164=CIRCLE('',#5595,2.00000000000007);
#1165=CIRCLE('',#5597,2.);
#1166=CIRCLE('',#5599,2.00000000000006);
#1167=CIRCLE('',#5601,2.);
#1168=CIRCLE('',#5603,2.00000000000007);
#1169=CIRCLE('',#5605,2.);
#1170=CIRCLE('',#5607,3.00000000000001);
#1171=CIRCLE('',#5608,3.00000000000001);
#1172=CIRCLE('',#5610,3.);
#1173=CIRCLE('',#5612,3.);
#1174=CIRCLE('',#5614,3.);
#1175=CIRCLE('',#5615,3.);
#1176=CIRCLE('',#5617,3.);
#1177=CIRCLE('',#5618,3.);
#1178=CIRCLE('',#5620,3.);
#1179=CIRCLE('',#5621,3.);
#1180=CIRCLE('',#5623,3.);
#1181=CIRCLE('',#5624,7.0000000000002);
#1182=CIRCLE('',#5625,7.);
#1183=CIRCLE('',#5626,3.);
#1184=CIRCLE('',#5628,3.00000000000001);
#1185=CIRCLE('',#5629,3.00000000000001);
#1186=CIRCLE('',#5631,3.00000000000001);
#1187=CIRCLE('',#5632,3.00000000000001);
#1188=CIRCLE('',#5634,2.99999999999999);
#1189=CIRCLE('',#5635,2.99999999999999);
#1190=CIRCLE('',#5637,3.);
#1191=CIRCLE('',#5638,6.99999999999995);
#1192=CIRCLE('',#5639,6.99999999999994);
#1193=CIRCLE('',#5640,3.);
#1194=CIRCLE('',#5642,2.25);
#1195=CIRCLE('',#5643,2.25);
#1196=CIRCLE('',#5645,2.25);
#1197=CIRCLE('',#5646,2.25);
#1198=CIRCLE('',#5648,2.25);
#1199=CIRCLE('',#5649,2.25);
#1200=CIRCLE('',#5651,2.1);
#1201=CIRCLE('',#5652,2.1);
#1202=CIRCLE('',#5654,2.25);
#1203=CIRCLE('',#5655,2.25);
#1204=CIRCLE('',#5657,2.25);
#1205=CIRCLE('',#5658,2.25);
#1206=CIRCLE('',#5660,2.25);
#1207=CIRCLE('',#5661,2.25);
#1208=CIRCLE('',#5663,2.25);
#1209=CIRCLE('',#5664,2.25);
#1210=CIRCLE('',#5666,2.25000000000001);
#1211=CIRCLE('',#5667,2.25000000000001);
#1212=CIRCLE('',#5669,2.25);
#1213=CIRCLE('',#5670,2.25);
#1214=CIRCLE('',#5672,2.25);
#1215=CIRCLE('',#5673,2.25);
#1216=CIRCLE('',#5675,2.25);
#1217=CIRCLE('',#5676,2.25);
#1218=CIRCLE('',#5678,73.5);
#1219=CIRCLE('',#5679,73.5);
#1220=CIRCLE('',#5681,3.);
#1221=CIRCLE('',#5682,3.);
#1222=CIRCLE('',#5683,6.99999999999969);
#1223=CIRCLE('',#5684,7.00000000000001);
#1224=CIRCLE('',#5685,3.);
#1225=CIRCLE('',#5687,3.);
#1226=CIRCLE('',#5689,6.99999999999969);
#1227=CIRCLE('',#5691,3.);
#1228=CIRCLE('',#5692,2.99999999999999);
#1229=CIRCLE('',#5694,2.99999999999999);
#1230=CIRCLE('',#5695,9.99999999999969);
#1231=CIRCLE('',#5697,10.);
#1232=CIRCLE('',#5698,3.00000000000002);
#1233=CIRCLE('',#5699,7.00000000000001);
#1234=CIRCLE('',#5702,2.99999999999999);
#1235=CIRCLE('',#5703,3.);
#1236=CIRCLE('',#5705,91.2499999999998);
#1237=CIRCLE('',#5706,91.2499999999999);
#1238=CIRCLE('',#5708,3.75);
#1239=CIRCLE('',#5710,3.75);
#1240=CIRCLE('',#5712,3.75);
#1241=CIRCLE('',#5714,3.75);
#1242=CIRCLE('',#5716,3.75);
#1243=CIRCLE('',#5718,3.75);
#1244=CIRCLE('',#5720,3.75);
#1245=CIRCLE('',#5722,3.75);
#1246=CIRCLE('',#5724,3.75);
#1247=CIRCLE('',#5726,3.75);
#1248=CIRCLE('',#5728,3.75);
#1249=CIRCLE('',#5730,3.75);
#1250=CIRCLE('',#5732,3.);
#1251=CIRCLE('',#5735,3.);
#1252=CIRCLE('',#5737,3.);
#1253=CIRCLE('',#5739,3.);
#1254=CIRCLE('',#5741,3.00000000000001);
#1255=CIRCLE('',#5742,3.);
#1256=CIRCLE('',#5744,6.99999999999998);
#1257=CIRCLE('',#5746,3.00000000000001);
#1258=CIRCLE('',#5747,3.00000000000002);
#1259=CIRCLE('',#5749,7.);
#1260=CIRCLE('',#5751,3.);
#1261=CIRCLE('',#5753,3.00000000000001);
#1262=CIRCLE('',#5754,3.);
#1263=CIRCLE('',#5756,3.);
#1264=CIRCLE('',#5758,30.);
#1265=CIRCLE('',#5760,3.);
#1266=CIRCLE('',#5762,3.);
#1267=CIRCLE('',#5764,3.00000000000001);
#1268=CIRCLE('',#5765,3.);
#1269=CIRCLE('',#5767,7.0000000000002);
#1270=CIRCLE('',#5769,3.00000000000001);
#1271=CIRCLE('',#5770,3.00000000000001);
#1272=CIRCLE('',#5772,7.);
#1273=CIRCLE('',#5774,3.);
#1274=CIRCLE('',#5776,3.00000000000001);
#1275=CIRCLE('',#5777,2.99999999999999);
#1276=CIRCLE('',#5780,3.);
#1277=CIRCLE('',#5782,30.);
#1278=CIRCLE('',#5784,3.);
#1279=CIRCLE('',#5786,3.00000000000001);
#1280=CIRCLE('',#5787,2.99999999999999);
#1281=CIRCLE('',#5789,6.99999999999995);
#1282=CIRCLE('',#5791,3.00000000000001);
#1283=CIRCLE('',#5792,3.00000000000001);
#1284=CIRCLE('',#5794,6.99999999999993);
#1285=CIRCLE('',#5796,3.);
#1286=CIRCLE('',#5798,3.00000000000001);
#1287=CIRCLE('',#5799,2.99999999999999);
#1288=CIRCLE('',#5801,29.9999999999999);
#1289=CIRCLE('',#5802,25.);
#1290=CIRCLE('',#5805,3.);
#1291=CIRCLE('',#5807,3.);
#1292=CIRCLE('',#5808,3.00000000000001);
#1293=CIRCLE('',#5810,38.);
#1294=CIRCLE('',#5811,3.);
#1295=CIRCLE('',#5813,25.);
#1296=CIRCLE('',#5831,3.00000000000001);
#1297=CIRCLE('',#5833,2.99999999999999);
#1298=CIRCLE('',#5837,3.00000000000001);
#1299=CIRCLE('',#5839,2.99999999999999);
#1300=CIRCLE('',#5844,3.);
#1301=CIRCLE('',#5846,2.99999999999999);
#1302=CIRCLE('',#5850,3.00000000000001);
#1303=CIRCLE('',#5852,2.99999999999997);
#1304=CIRCLE('',#5857,3.00000000000001);
#1305=CIRCLE('',#5859,2.99999999999997);
#1306=CIRCLE('',#5863,3.00000000000001);
#1307=CIRCLE('',#5865,2.99999999999999);
#1308=CIRCLE('',#5870,3.);
#1309=CIRCLE('',#5872,2.99999999999999);
#1310=CIRCLE('',#5876,3.);
#1311=CIRCLE('',#5878,2.99999999999998);
#1312=CIRCLE('',#5881,13.);
#1313=LINE('',#7659,#1563);
#1314=LINE('',#7663,#1564);
#1315=LINE('',#7751,#1565);
#1316=LINE('',#7753,#1566);
#1317=LINE('',#7774,#1567);
#1318=LINE('',#7777,#1568);
#1319=LINE('',#7787,#1569);
#1320=LINE('',#7790,#1570);
#1321=LINE('',#7793,#1571);
#1322=LINE('',#7815,#1572);
#1323=LINE('',#7819,#1573);
#1324=LINE('',#7907,#1574);
#1325=LINE('',#7909,#1575);
#1326=LINE('',#7930,#1576);
#1327=LINE('',#7933,#1577);
#1328=LINE('',#7943,#1578);
#1329=LINE('',#7946,#1579);
#1330=LINE('',#7949,#1580);
#1331=LINE('',#7971,#1581);
#1332=LINE('',#7975,#1582);
#1333=LINE('',#8063,#1583);
#1334=LINE('',#8065,#1584);
#1335=LINE('',#8086,#1585);
#1336=LINE('',#8089,#1586);
#1337=LINE('',#8099,#1587);
#1338=LINE('',#8102,#1588);
#1339=LINE('',#8105,#1589);
#1340=LINE('',#8193,#1590);
#1341=LINE('',#8195,#1591);
#1342=LINE('',#8231,#1592);
#1343=LINE('',#8233,#1593);
#1344=LINE('',#8240,#1594);
#1345=LINE('',#8244,#1595);
#1346=LINE('',#8249,#1596);
#1347=LINE('',#8253,#1597);
#1348=LINE('',#8255,#1598);
#1349=LINE('',#8257,#1599);
#1350=LINE('',#8258,#1600);
#1351=LINE('',#8261,#1601);
#1352=LINE('',#8271,#1602);
#1353=LINE('',#8282,#1603);
#1354=LINE('',#8286,#1604);
#1355=LINE('',#8297,#1605);
#1356=LINE('',#8301,#1606);
#1357=LINE('',#8303,#1607);
#1358=LINE('',#8305,#1608);
#1359=LINE('',#8306,#1609);
#1360=LINE('',#8309,#1610);
#1361=LINE('',#8314,#1611);
#1362=LINE('',#8318,#1612);
#1363=LINE('',#8320,#1613);
#1364=LINE('',#8322,#1614);
#1365=LINE('',#8323,#1615);
#1366=LINE('',#8326,#1616);
#1367=LINE('',#8332,#1617);
#1368=LINE('',#8336,#1618);
#1369=LINE('',#8338,#1619);
#1370=LINE('',#8340,#1620);
#1371=LINE('',#8341,#1621);
#1372=LINE('',#8344,#1622);
#1373=LINE('',#8346,#1623);
#1374=LINE('',#8348,#1624);
#1375=LINE('',#8349,#1625);
#1376=LINE('',#8354,#1626);
#1377=LINE('',#8357,#1627);
#1378=LINE('',#8359,#1628);
#1379=LINE('',#8361,#1629);
#1380=LINE('',#8362,#1630);
#1381=LINE('',#8376,#1631);
#1382=LINE('',#8379,#1632);
#1383=LINE('',#8419,#1633);
#1384=LINE('',#8425,#1634);
#1385=LINE('',#8430,#1635);
#1386=LINE('',#8438,#1636);
#1387=LINE('',#8442,#1637);
#1388=LINE('',#8446,#1638);
#1389=LINE('',#8456,#1639);
#1390=LINE('',#8460,#1640);
#1391=LINE('',#8464,#1641);
#1392=LINE('',#8474,#1642);
#1393=LINE('',#8478,#1643);
#1394=LINE('',#8482,#1644);
#1395=LINE('',#8492,#1645);
#1396=LINE('',#8496,#1646);
#1397=LINE('',#8500,#1647);
#1398=LINE('',#8512,#1648);
#1399=LINE('',#8516,#1649);
#1400=LINE('',#8541,#1650);
#1401=LINE('',#8725,#1651);
#1402=LINE('',#8726,#1652);
#1403=LINE('',#8728,#1653);
#1404=LINE('',#8730,#1654);
#1405=LINE('',#8732,#1655);
#1406=LINE('',#8734,#1656);
#1407=LINE('',#8737,#1657);
#1408=LINE('',#8738,#1658);
#1409=LINE('',#8740,#1659);
#1410=LINE('',#8742,#1660);
#1411=LINE('',#8744,#1661);
#1412=LINE('',#8746,#1662);
#1413=LINE('',#8752,#1663);
#1414=LINE('',#8753,#1664);
#1415=LINE('',#8757,#1665);
#1416=LINE('',#8761,#1666);
#1417=LINE('',#8765,#1667);
#1418=LINE('',#8769,#1668);
#1419=LINE('',#8776,#1669);
#1420=LINE('',#8777,#1670);
#1421=LINE('',#8781,#1671);
#1422=LINE('',#8785,#1672);
#1423=LINE('',#8789,#1673);
#1424=LINE('',#8793,#1674);
#1425=LINE('',#8800,#1675);
#1426=LINE('',#8801,#1676);
#1427=LINE('',#8805,#1677);
#1428=LINE('',#8809,#1678);
#1429=LINE('',#8813,#1679);
#1430=LINE('',#8817,#1680);
#1431=LINE('',#8824,#1681);
#1432=LINE('',#8825,#1682);
#1433=LINE('',#8829,#1683);
#1434=LINE('',#8833,#1684);
#1435=LINE('',#8837,#1685);
#1436=LINE('',#8841,#1686);
#1437=LINE('',#8848,#1687);
#1438=LINE('',#8849,#1688);
#1439=LINE('',#8853,#1689);
#1440=LINE('',#8857,#1690);
#1441=LINE('',#8861,#1691);
#1442=LINE('',#8865,#1692);
#1443=LINE('',#8872,#1693);
#1444=LINE('',#8873,#1694);
#1445=LINE('',#8877,#1695);
#1446=LINE('',#8881,#1696);
#1447=LINE('',#8885,#1697);
#1448=LINE('',#8889,#1698);
#1449=LINE('',#8903,#1699);
#1450=LINE('',#8904,#1700);
#1451=LINE('',#8909,#1701);
#1452=LINE('',#8910,#1702);
#1453=LINE('',#8914,#1703);
#1454=LINE('',#8918,#1704);
#1455=LINE('',#8922,#1705);
#1456=LINE('',#8926,#1706);
#1457=LINE('',#8933,#1707);
#1458=LINE('',#8934,#1708);
#1459=LINE('',#8938,#1709);
#1460=LINE('',#8942,#1710);
#1461=LINE('',#8946,#1711);
#1462=LINE('',#8950,#1712);
#1463=LINE('',#8957,#1713);
#1464=LINE('',#8958,#1714);
#1465=LINE('',#8962,#1715);
#1466=LINE('',#8966,#1716);
#1467=LINE('',#8970,#1717);
#1468=LINE('',#8974,#1718);
#1469=LINE('',#8981,#1719);
#1470=LINE('',#8982,#1720);
#1471=LINE('',#8986,#1721);
#1472=LINE('',#8990,#1722);
#1473=LINE('',#8994,#1723);
#1474=LINE('',#8998,#1724);
#1475=LINE('',#9005,#1725);
#1476=LINE('',#9006,#1726);
#1477=LINE('',#9010,#1727);
#1478=LINE('',#9014,#1728);
#1479=LINE('',#9018,#1729);
#1480=LINE('',#9022,#1730);
#1481=LINE('',#9029,#1731);
#1482=LINE('',#9030,#1732);
#1483=LINE('',#9034,#1733);
#1484=LINE('',#9038,#1734);
#1485=LINE('',#9042,#1735);
#1486=LINE('',#9046,#1736);
#1487=LINE('',#9054,#1737);
#1488=LINE('',#9057,#1738);
#1489=LINE('',#9062,#1739);
#1490=LINE('',#9063,#1740);
#1491=LINE('',#9068,#1741);
#1492=LINE('',#9069,#1742);
#1493=LINE('',#9075,#1743);
#1494=LINE('',#9078,#1744);
#1495=LINE('',#9084,#1745);
#1496=LINE('',#9087,#1746);
#1497=LINE('',#9093,#1747);
#1498=LINE('',#9096,#1748);
#1499=LINE('',#9103,#1749);
#1500=LINE('',#9109,#1750);
#1501=LINE('',#9112,#1751);
#1502=LINE('',#9118,#1752);
#1503=LINE('',#9121,#1753);
#1504=LINE('',#9127,#1754);
#1505=LINE('',#9130,#1755);
#1506=LINE('',#9140,#1756);
#1507=LINE('',#9146,#1757);
#1508=LINE('',#9152,#1758);
#1509=LINE('',#9158,#1759);
#1510=LINE('',#9164,#1760);
#1511=LINE('',#9170,#1761);
#1512=LINE('',#9176,#1762);
#1513=LINE('',#9182,#1763);
#1514=LINE('',#9188,#1764);
#1515=LINE('',#9194,#1765);
#1516=LINE('',#9200,#1766);
#1517=LINE('',#9206,#1767);
#1518=LINE('',#9212,#1768);
#1519=LINE('',#9223,#1769);
#1520=LINE('',#9228,#1770);
#1521=LINE('',#9229,#1771);
#1522=LINE('',#9269,#1772);
#1523=LINE('',#9273,#1773);
#1524=LINE('',#9319,#1774);
#1525=LINE('',#9322,#1775);
#1526=LINE('',#9323,#1776);
#1527=LINE('',#9327,#1777);
#1528=LINE('',#9330,#1778);
#1529=LINE('',#9352,#1779);
#1530=LINE('',#9364,#1780);
#1531=LINE('',#9368,#1781);
#1532=LINE('',#9379,#1782);
#1533=LINE('',#9396,#1783);
#1534=LINE('',#9402,#1784);
#1535=LINE('',#9403,#1785);
#1536=LINE('',#9407,#1786);
#1537=LINE('',#9419,#1787);
#1538=LINE('',#9423,#1788);
#1539=LINE('',#9451,#1789);
#1540=LINE('',#9454,#1790);
#1541=LINE('',#9455,#1791);
#1542=LINE('',#9456,#1792);
#1543=LINE('',#9469,#1793);
#1544=LINE('',#9471,#1794);
#1545=LINE('',#9481,#1795);
#1546=LINE('',#9630,#1796);
#1547=LINE('',#9632,#1797);
#1548=LINE('',#9633,#1798);
#1549=LINE('',#9635,#1799);
#1550=LINE('',#9637,#1800);
#1551=LINE('',#9640,#1801);
#1552=LINE('',#9642,#1802);
#1553=LINE('',#9644,#1803);
#1554=LINE('',#9646,#1804);
#1555=LINE('',#9648,#1805);
#1556=LINE('',#9650,#1806);
#1557=LINE('',#9652,#1807);
#1558=LINE('',#9654,#1808);
#1559=LINE('',#9656,#1809);
#1560=LINE('',#9658,#1810);
#1561=LINE('',#9660,#1811);
#1562=LINE('',#9667,#1812);
#1563=VECTOR('',#5886,10.);
#1564=VECTOR('',#5889,10.);
#1565=VECTOR('',#5916,10.);
#1566=VECTOR('',#5917,10.);
#1567=VECTOR('',#5922,2.99999999999999);
#1568=VECTOR('',#5925,0.999999999999996);
#1569=VECTOR('',#5940,0.999999999999996);
#1570=VECTOR('',#5943,2.99999999999999);
#1571=VECTOR('',#5946,0.999999999999996);
#1572=VECTOR('',#5951,10.);
#1573=VECTOR('',#5954,10.);
#1574=VECTOR('',#5981,10.);
#1575=VECTOR('',#5982,10.);
#1576=VECTOR('',#5987,3.);
#1577=VECTOR('',#5990,0.999999999999996);
#1578=VECTOR('',#6005,0.999999999999996);
#1579=VECTOR('',#6008,3.);
#1580=VECTOR('',#6011,0.999999999999996);
#1581=VECTOR('',#6016,10.);
#1582=VECTOR('',#6019,10.);
#1583=VECTOR('',#6046,10.);
#1584=VECTOR('',#6047,10.);
#1585=VECTOR('',#6052,3.);
#1586=VECTOR('',#6055,0.999999999999996);
#1587=VECTOR('',#6070,1.00000000000001);
#1588=VECTOR('',#6073,3.);
#1589=VECTOR('',#6076,1.00000000000001);
#1590=VECTOR('',#6107,10.);
#1591=VECTOR('',#6108,10.);
#1592=VECTOR('',#6111,10.);
#1593=VECTOR('',#6112,10.);
#1594=VECTOR('',#6115,0.999999999999996);
#1595=VECTOR('',#6118,3.);
#1596=VECTOR('',#6125,0.999999999999996);
#1597=VECTOR('',#6130,10.);
#1598=VECTOR('',#6131,10.);
#1599=VECTOR('',#6132,10.);
#1600=VECTOR('',#6133,10.);
#1601=VECTOR('',#6136,10.);
#1602=VECTOR('',#6151,10.);
#1603=VECTOR('',#6152,10.);
#1604=VECTOR('',#6155,10.);
#1605=VECTOR('',#6158,10.);
#1606=VECTOR('',#6163,0.999999999999996);
#1607=VECTOR('',#6164,10.);
#1608=VECTOR('',#6165,10.);
#1609=VECTOR('',#6166,10.);
#1610=VECTOR('',#6169,0.999999999999996);
#1611=VECTOR('',#6176,0.999999999999996);
#1612=VECTOR('',#6181,10.);
#1613=VECTOR('',#6182,10.);
#1614=VECTOR('',#6183,10.);
#1615=VECTOR('',#6184,10.);
#1616=VECTOR('',#6187,3.);
#1617=VECTOR('',#6196,0.999999999999996);
#1618=VECTOR('',#6201,10.);
#1619=VECTOR('',#6202,10.);
#1620=VECTOR('',#6203,10.);
#1621=VECTOR('',#6204,10.);
#1622=VECTOR('',#6207,10.);
#1623=VECTOR('',#6208,10.);
#1624=VECTOR('',#6209,10.);
#1625=VECTOR('',#6210,10.);
#1626=VECTOR('',#6217,0.999999999999996);
#1627=VECTOR('',#6220,10.);
#1628=VECTOR('',#6221,10.);
#1629=VECTOR('',#6222,10.);
#1630=VECTOR('',#6223,10.);
#1631=VECTOR('',#6244,3.00000000000001);
#1632=VECTOR('',#6247,3.00000000000001);
#1633=VECTOR('',#6290,3.6);
#1634=VECTOR('',#6297,3.6);
#1635=VECTOR('',#6304,3.85);
#1636=VECTOR('',#6311,10.);
#1637=VECTOR('',#6314,10.);
#1638=VECTOR('',#6317,10.);
#1639=VECTOR('',#6326,10.);
#1640=VECTOR('',#6329,10.);
#1641=VECTOR('',#6332,10.);
#1642=VECTOR('',#6341,10.);
#1643=VECTOR('',#6344,10.);
#1644=VECTOR('',#6347,10.);
#1645=VECTOR('',#6356,10.);
#1646=VECTOR('',#6359,10.);
#1647=VECTOR('',#6362,10.);
#1648=VECTOR('',#6373,10.);
#1649=VECTOR('',#6376,10.);
#1650=VECTOR('',#6403,3.85);
#1651=VECTOR('',#6602,10.);
#1652=VECTOR('',#6603,10.);
#1653=VECTOR('',#6606,10.);
#1654=VECTOR('',#6609,10.);
#1655=VECTOR('',#6612,10.);
#1656=VECTOR('',#6615,10.);
#1657=VECTOR('',#6620,10.);
#1658=VECTOR('',#6621,10.);
#1659=VECTOR('',#6624,10.);
#1660=VECTOR('',#6627,10.);
#1661=VECTOR('',#6630,10.);
#1662=VECTOR('',#6633,10.);
#1663=VECTOR('',#6640,10.);
#1664=VECTOR('',#6641,10.);
#1665=VECTOR('',#6646,10.);
#1666=VECTOR('',#6651,10.);
#1667=VECTOR('',#6656,10.);
#1668=VECTOR('',#6661,10.);
#1669=VECTOR('',#6670,10.);
#1670=VECTOR('',#6671,10.);
#1671=VECTOR('',#6676,10.);
#1672=VECTOR('',#6681,10.);
#1673=VECTOR('',#6686,10.);
#1674=VECTOR('',#6691,10.);
#1675=VECTOR('',#6700,10.);
#1676=VECTOR('',#6701,10.);
#1677=VECTOR('',#6706,10.);
#1678=VECTOR('',#6711,10.);
#1679=VECTOR('',#6716,10.);
#1680=VECTOR('',#6721,10.);
#1681=VECTOR('',#6730,10.);
#1682=VECTOR('',#6731,10.);
#1683=VECTOR('',#6736,10.);
#1684=VECTOR('',#6741,10.);
#1685=VECTOR('',#6746,10.);
#1686=VECTOR('',#6751,10.);
#1687=VECTOR('',#6760,10.);
#1688=VECTOR('',#6761,10.);
#1689=VECTOR('',#6766,10.);
#1690=VECTOR('',#6771,10.);
#1691=VECTOR('',#6776,10.);
#1692=VECTOR('',#6781,10.);
#1693=VECTOR('',#6790,10.);
#1694=VECTOR('',#6791,10.);
#1695=VECTOR('',#6796,10.);
#1696=VECTOR('',#6801,10.);
#1697=VECTOR('',#6806,10.);
#1698=VECTOR('',#6811,10.);
#1699=VECTOR('',#6828,3.00000000000001);
#1700=VECTOR('',#6829,3.00000000000001);
#1701=VECTOR('',#6834,10.);
#1702=VECTOR('',#6835,10.);
#1703=VECTOR('',#6840,10.);
#1704=VECTOR('',#6845,10.);
#1705=VECTOR('',#6850,10.);
#1706=VECTOR('',#6855,10.);
#1707=VECTOR('',#6864,10.);
#1708=VECTOR('',#6865,10.);
#1709=VECTOR('',#6870,10.);
#1710=VECTOR('',#6875,10.);
#1711=VECTOR('',#6880,10.);
#1712=VECTOR('',#6885,10.);
#1713=VECTOR('',#6894,10.);
#1714=VECTOR('',#6895,10.);
#1715=VECTOR('',#6900,10.);
#1716=VECTOR('',#6905,10.);
#1717=VECTOR('',#6910,10.);
#1718=VECTOR('',#6915,10.);
#1719=VECTOR('',#6924,10.);
#1720=VECTOR('',#6925,10.);
#1721=VECTOR('',#6930,10.);
#1722=VECTOR('',#6935,10.);
#1723=VECTOR('',#6940,10.);
#1724=VECTOR('',#6945,10.);
#1725=VECTOR('',#6954,10.);
#1726=VECTOR('',#6955,10.);
#1727=VECTOR('',#6960,10.);
#1728=VECTOR('',#6965,10.);
#1729=VECTOR('',#6970,10.);
#1730=VECTOR('',#6975,10.);
#1731=VECTOR('',#6984,10.);
#1732=VECTOR('',#6985,10.);
#1733=VECTOR('',#6990,10.);
#1734=VECTOR('',#6995,10.);
#1735=VECTOR('',#7000,10.);
#1736=VECTOR('',#7005,10.);
#1737=VECTOR('',#7014,10.);
#1738=VECTOR('',#7017,3.);
#1739=VECTOR('',#7022,3.);
#1740=VECTOR('',#7023,10.);
#1741=VECTOR('',#7028,10.);
#1742=VECTOR('',#7029,3.);
#1743=VECTOR('',#7034,3.);
#1744=VECTOR('',#7037,10.);
#1745=VECTOR('',#7042,3.);
#1746=VECTOR('',#7045,3.);
#1747=VECTOR('',#7050,10.);
#1748=VECTOR('',#7053,3.);
#1749=VECTOR('',#7064,10.);
#1750=VECTOR('',#7069,3.);
#1751=VECTOR('',#7072,10.);
#1752=VECTOR('',#7077,3.00000000000001);
#1753=VECTOR('',#7080,3.00000000000001);
#1754=VECTOR('',#7085,10.);
#1755=VECTOR('',#7088,3.);
#1756=VECTOR('',#7103,2.25);
#1757=VECTOR('',#7110,2.25);
#1758=VECTOR('',#7117,2.25);
#1759=VECTOR('',#7124,2.1);
#1760=VECTOR('',#7131,2.25);
#1761=VECTOR('',#7138,2.25);
#1762=VECTOR('',#7145,2.25);
#1763=VECTOR('',#7152,2.25);
#1764=VECTOR('',#7159,2.25000000000001);
#1765=VECTOR('',#7166,2.25);
#1766=VECTOR('',#7173,2.25);
#1767=VECTOR('',#7180,2.25);
#1768=VECTOR('',#7187,73.5);
#1769=VECTOR('',#7202,10.);
#1770=VECTOR('',#7207,3.);
#1771=VECTOR('',#7208,10.);
#1772=VECTOR('',#7243,10.);
#1773=VECTOR('',#7246,10.);
#1774=VECTOR('',#7301,10.);
#1775=VECTOR('',#7304,10.);
#1776=VECTOR('',#7305,10.);
#1777=VECTOR('',#7310,10.);
#1778=VECTOR('',#7313,10.);
#1779=VECTOR('',#7354,10.);
#1780=VECTOR('',#7357,10.);
#1781=VECTOR('',#7360,10.);
#1782=VECTOR('',#7363,10.);
#1783=VECTOR('',#7394,10.);
#1784=VECTOR('',#7403,10.);
#1785=VECTOR('',#7404,10.);
#1786=VECTOR('',#7409,10.);
#1787=VECTOR('',#7412,10.);
#1788=VECTOR('',#7415,10.);
#1789=VECTOR('',#7452,10.);
#1790=VECTOR('',#7455,10.);
#1791=VECTOR('',#7456,10.);
#1792=VECTOR('',#7457,10.);
#1793=VECTOR('',#7462,10.);
#1794=VECTOR('',#7463,10.);
#1795=VECTOR('',#7464,10.);
#1796=VECTOR('',#7485,25.);
#1797=VECTOR('',#7488,10.);
#1798=VECTOR('',#7489,10.);
#1799=VECTOR('',#7492,10.);
#1800=VECTOR('',#7495,10.);
#1801=VECTOR('',#7500,3.75);
#1802=VECTOR('',#7503,3.75);
#1803=VECTOR('',#7506,3.75);
#1804=VECTOR('',#7509,3.75);
#1805=VECTOR('',#7512,3.75);
#1806=VECTOR('',#7515,3.75);
#1807=VECTOR('',#7518,3.75);
#1808=VECTOR('',#7521,3.75);
#1809=VECTOR('',#7524,3.75);
#1810=VECTOR('',#7527,3.75);
#1811=VECTOR('',#7530,3.75);
#1812=VECTOR('',#7533,3.75);
#1813=B_SPLINE_CURVE_WITH_KNOTS('',3,(#7642,#7643,#7644,#7645,#7646,#7647,
#7648,#7649,#7650,#7651,#7652,#7653,#7654,#7655,#7656,#7657),
 .UNSPECIFIED.,.F.,.F.,(4,2,2,2,2,2,2,4),(0.442066205140718,0.454557405782634,
0.494501425097354,0.534445444412074,0.579786117550394,0.625126790688715,
0.691655605499094,0.758184420309472),.UNSPECIFIED.);
#1814=B_SPLINE_CURVE_WITH_KNOTS('',3,(#7664,#7665,#7666,#7667),
 .UNSPECIFIED.,.F.,.F.,(4,4),(3.00076225664644,3.03502397410243),
 .UNSPECIFIED.);
#1815=B_SPLINE_CURVE_WITH_KNOTS('',3,(#7691,#7692,#7693,#7694,#7695,#7696,
#7697,#7698,#7699,#7700,#7701,#7702),.UNSPECIFIED.,.F.,.F.,(4,2,2,2,2,4),
(4.16566040306128,4.37396414686039,4.57796797291144,4.78054287444659,5.07906725950704,
5.09002323145716),.UNSPECIFIED.);
#1816=B_SPLINE_CURVE_WITH_KNOTS('',3,(#7711,#7712,#7713,#7714,#7715,#7716,
#7717,#7718,#7719,#7720,#7721,#7722),.UNSPECIFIED.,.F.,.F.,(4,2,2,2,2,4),
(4.16566040306102,4.37396414686003,4.57796797291103,4.78054287444636,5.0790672595075,
5.09002323145762),.UNSPECIFIED.);
#1817=B_SPLINE_CURVE_WITH_KNOTS('',3,(#7747,#7748,#7749,#7750),
 .UNSPECIFIED.,.F.,.F.,(4,4),(0.492741707169883,0.527003424625879),
 .UNSPECIFIED.);
#1818=B_SPLINE_CURVE_WITH_KNOTS('',3,(#7754,#7755,#7756,#7757,#7758,#7759,
#7760,#7761,#7762,#7763,#7764,#7765,#7766,#7767,#7768,#7769),
 .UNSPECIFIED.,.F.,.F.,(4,2,2,2,2,2,2,4),(0.,0.0665288148103801,0.13305762962076,
0.17839830275908,0.223738975897399,0.263682995212119,0.303627014526839,
0.316118215168758),.UNSPECIFIED.);
#1819=B_SPLINE_CURVE_WITH_KNOTS('',3,(#7798,#7799,#7800,#7801,#7802,#7803,
#7804,#7805,#7806,#7807,#7808,#7809,#7810,#7811,#7812,#7813),
 .UNSPECIFIED.,.F.,.F.,(4,2,2,2,2,2,2,4),(0.442066205140717,0.454557405782634,
0.494501425097354,0.534445444412074,0.579786117550393,0.625126790688713,
0.691655605499093,0.758184420309473),.UNSPECIFIED.);
#1820=B_SPLINE_CURVE_WITH_KNOTS('',3,(#7820,#7821,#7822,#7823),
 .UNSPECIFIED.,.F.,.F.,(4,4),(3.00076225664643,3.03502397410243),
 .UNSPECIFIED.);
#1821=B_SPLINE_CURVE_WITH_KNOTS('',3,(#7847,#7848,#7849,#7850,#7851,#7852,
#7853,#7854,#7855,#7856,#7857,#7858),.UNSPECIFIED.,.F.,.F.,(4,2,2,2,2,4),
(4.1656604030742,4.37396414687327,4.57796797292425,4.7805428744595,5.07906725952071,
5.09002323147078),.UNSPECIFIED.);
#1822=B_SPLINE_CURVE_WITH_KNOTS('',3,(#7867,#7868,#7869,#7870,#7871,#7872,
#7873,#7874,#7875,#7876,#7877,#7878),.UNSPECIFIED.,.F.,.F.,(4,2,2,2,2,4),
(3.03758220051703,3.22523490803611,3.43440103282363,3.6319820899532,3.785318772625,
3.93006453006668),.UNSPECIFIED.);
#1823=B_SPLINE_CURVE_WITH_KNOTS('',3,(#7903,#7904,#7905,#7906),
 .UNSPECIFIED.,.F.,.F.,(4,4),(0.492741707169893,0.527003424625883),
 .UNSPECIFIED.);
#1824=B_SPLINE_CURVE_WITH_KNOTS('',3,(#7910,#7911,#7912,#7913,#7914,#7915,
#7916,#7917,#7918,#7919,#7920,#7921,#7922,#7923,#7924,#7925),
 .UNSPECIFIED.,.F.,.F.,(4,2,2,2,2,2,2,4),(0.,0.0665288148103786,0.133057629620757,
0.178398302759078,0.223738975897399,0.263682995212119,0.303627014526839,
0.316118215168753),.UNSPECIFIED.);
#1825=B_SPLINE_CURVE_WITH_KNOTS('',3,(#7954,#7955,#7956,#7957,#7958,#7959,
#7960,#7961,#7962,#7963,#7964,#7965,#7966,#7967,#7968,#7969),
 .UNSPECIFIED.,.F.,.F.,(4,2,2,2,2,2,2,4),(0.442066205140718,0.454557405782634,
0.494501425097354,0.534445444412074,0.579786117550394,0.625126790688715,
0.691655605499094,0.758184420309472),.UNSPECIFIED.);
#1826=B_SPLINE_CURVE_WITH_KNOTS('',3,(#7976,#7977,#7978,#7979),
 .UNSPECIFIED.,.F.,.F.,(4,4),(3.00076225664642,3.03502397410241),
 .UNSPECIFIED.);
#1827=B_SPLINE_CURVE_WITH_KNOTS('',3,(#8003,#8004,#8005,#8006,#8007,#8008,
#8009,#8010,#8011,#8012,#8013,#8014),.UNSPECIFIED.,.F.,.F.,(4,2,2,2,2,4),
(3.03758220050073,3.22523490801975,3.43440103280743,3.63198208993725,3.78531877260917,
3.93006453005091),.UNSPECIFIED.);
#1828=B_SPLINE_CURVE_WITH_KNOTS('',3,(#8023,#8024,#8025,#8026,#8027,#8028,
#8029,#8030,#8031,#8032,#8033,#8034),.UNSPECIFIED.,.F.,.F.,(4,2,2,2,2,4),
(4.16566040312017,4.37396414691909,4.57796797296992,4.78054287450511,5.07906725956616,
5.09002323151635),.UNSPECIFIED.);
#1829=B_SPLINE_CURVE_WITH_KNOTS('',3,(#8059,#8060,#8061,#8062),
 .UNSPECIFIED.,.F.,.F.,(4,4),(0.492741707169866,0.527003424625857),
 .UNSPECIFIED.);
#1830=B_SPLINE_CURVE_WITH_KNOTS('',3,(#8066,#8067,#8068,#8069,#8070,#8071,
#8072,#8073,#8074,#8075,#8076,#8077,#8078,#8079,#8080,#8081),
 .UNSPECIFIED.,.F.,.F.,(4,2,2,2,2,2,2,4),(0.,0.0665288148103801,0.13305762962076,
0.178398302759082,0.223738975897403,0.263682995212123,0.303627014526843,
0.316118215168766),.UNSPECIFIED.);
#1831=B_SPLINE_CURVE_WITH_KNOTS('',3,(#8133,#8134,#8135,#8136,#8137,#8138,
#8139,#8140,#8141,#8142,#8143,#8144),.UNSPECIFIED.,.F.,.F.,(4,2,2,2,2,4),
(4.16566040309685,4.37396414689618,4.57796797294767,4.7805428744833,5.0790672595445,
5.09002323149463),.UNSPECIFIED.);
#1832=B_SPLINE_CURVE_WITH_KNOTS('',3,(#8153,#8154,#8155,#8156,#8157,#8158,
#8159,#8160,#8161,#8162,#8163,#8164),.UNSPECIFIED.,.F.,.F.,(4,2,2,2,2,4),
(4.16566040312032,4.37396414691932,4.5779679729701,4.78054287450509,5.07906725956572,
5.09002323151581),.UNSPECIFIED.);
#1833=B_SPLINE_CURVE_WITH_KNOTS('',3,(#8189,#8190,#8191,#8192),
 .UNSPECIFIED.,.F.,.F.,(4,4),(0.492741707169871,0.527003424625868),
 .UNSPECIFIED.);
#1834=B_SPLINE_CURVE_WITH_KNOTS('',3,(#8196,#8197,#8198,#8199,#8200,#8201,
#8202,#8203,#8204,#8205,#8206,#8207,#8208,#8209,#8210,#8211),
 .UNSPECIFIED.,.F.,.F.,(4,2,2,2,2,2,2,4),(0.,0.0665288148103771,0.133057629620754,
0.178398302759076,0.223738975897398,0.263682995212118,0.303627014526838,
0.316118215168757),.UNSPECIFIED.);
#1835=B_SPLINE_CURVE_WITH_KNOTS('',3,(#8215,#8216,#8217,#8218,#8219,#8220,
#8221,#8222,#8223,#8224,#8225,#8226,#8227,#8228,#8229,#8230),
 .UNSPECIFIED.,.F.,.F.,(4,2,2,2,2,2,2,4),(0.442066205140715,0.454557405782634,
0.494501425097354,0.534445444412074,0.579786117550393,0.625126790688713,
0.691655605499093,0.758184420309473),.UNSPECIFIED.);
#1836=B_SPLINE_CURVE_WITH_KNOTS('',3,(#8234,#8235,#8236,#8237),
 .UNSPECIFIED.,.F.,.F.,(4,4),(3.00076225664633,3.03502397410232),
 .UNSPECIFIED.);
#1837=B_SPLINE_CURVE_WITH_KNOTS('',3,(#8273,#8274,#8275,#8276,#8277,#8278,
#8279,#8280),.UNSPECIFIED.,.F.,.F.,(4,2,2,4),(1.17195769896996,1.250487135047,
1.49599550717913,1.49681200380857),.UNSPECIFIED.);
#1838=B_SPLINE_CURVE_WITH_KNOTS('',3,(#8287,#8288,#8289,#8290,#8291,#8292,
#8293,#8294),.UNSPECIFIED.,.F.,.F.,(4,2,2,4),(-0.000816496629435624,0.,
0.24550837232992,0.324037808492392),.UNSPECIFIED.);
#1839=B_SPLINE_CURVE_WITH_KNOTS('',3,(#9233,#9234,#9235,#9236,#9237,#9238,
#9239),.UNSPECIFIED.,.F.,.F.,(4,1,1,1,4),(1.26196141282243E-15,0.448175731045355,
0.896351462090709,1.12043932761339,1.56861505865874),.UNSPECIFIED.);
#1840=B_SPLINE_CURVE_WITH_KNOTS('',3,(#9255,#9256,#9257,#9258,#9259,#9260,
#9261),.UNSPECIFIED.,.F.,.F.,(4,1,1,1,4),(0.240158724126183,0.690883613387077,
1.14160850264797,1.36697094727842,1.81769583653931),.UNSPECIFIED.);
#1841=B_SPLINE_CURVE_WITH_KNOTS('',3,(#9313,#9314,#9315,#9316),
 .UNSPECIFIED.,.F.,.F.,(4,4),(-8.57647286525989E-15,0.275091269488179),
 .UNSPECIFIED.);
#1842=B_SPLINE_CURVE_WITH_KNOTS('',3,(#9355,#9356,#9357,#9358,#9359,#9360,
#9361,#9362),.UNSPECIFIED.,.F.,.F.,(4,2,2,4),(1.17195773376654,1.25048717231056,
1.4959955501427,1.49681204676416),.UNSPECIFIED.);
#1843=B_SPLINE_CURVE_WITH_KNOTS('',3,(#9369,#9370,#9371,#9372,#9373,#9374,
#9375,#9376),.UNSPECIFIED.,.F.,.F.,(4,2,2,4),(-0.000816496629386292,0.,
0.245508370423993,0.324037805761207),.UNSPECIFIED.);
#1844=B_SPLINE_CURVE_WITH_KNOTS('',3,(#9410,#9411,#9412,#9413,#9414,#9415,
#9416,#9417),.UNSPECIFIED.,.F.,.F.,(4,2,2,4),(1.17195768798712,1.25048712328559,
1.49599549362047,1.49681199025038),.UNSPECIFIED.);
#1845=B_SPLINE_CURVE_WITH_KNOTS('',3,(#9424,#9425,#9426,#9427,#9428,#9429,
#9430,#9431),.UNSPECIFIED.,.F.,.F.,(4,2,2,4),(-0.000816496621453158,0.,
0.245508377741999,0.324037816247708),.UNSPECIFIED.);
#1846=B_SPLINE_CURVE_WITH_KNOTS('',3,(#9461,#9462,#9463,#9464,#9465,#9466,
#9467,#9468),.UNSPECIFIED.,.F.,.F.,(4,2,2,4),(1.17195770644215,1.25048714304933,
1.4959955164071,1.49681201304292),.UNSPECIFIED.);
#1847=B_SPLINE_CURVE_WITH_KNOTS('',3,(#9473,#9474,#9475,#9476,#9477,#9478,
#9479,#9480),.UNSPECIFIED.,.F.,.F.,(4,2,2,4),(-0.000816496629417368,0.,
0.24550837173174,0.324037807635041),.UNSPECIFIED.);
#1848=B_SPLINE_CURVE_WITH_KNOTS('',3,(#9487,#9488,#9489,#9490),
 .UNSPECIFIED.,.F.,.F.,(4,4),(3.89768431206277,3.97000267685031),
 .UNSPECIFIED.);
#1849=B_SPLINE_CURVE_WITH_KNOTS('',3,(#9512,#9513,#9514,#9515),
 .UNSPECIFIED.,.F.,.F.,(4,4),(-3.97000267754195,-3.89768431206277),
 .UNSPECIFIED.);
#1850=B_SPLINE_CURVE_WITH_KNOTS('',3,(#9551,#9552,#9553,#9554,#9555,#9556,
#9557),.UNSPECIFIED.,.F.,.F.,(4,1,1,1,4),(-1.56861505865874,-1.12043932761339,
-0.896351462090709,-0.448175731045355,-1.26196141282243E-15),
 .UNSPECIFIED.);
#1851=B_SPLINE_CURVE_WITH_KNOTS('',3,(#9595,#9596,#9597,#9598,#9599,#9600,
#9601),.UNSPECIFIED.,.F.,.F.,(4,1,1,1,4),(-1.81769583653931,-1.36697094727842,
-1.14160850264797,-0.690883613387077,-0.240158724126183),.UNSPECIFIED.);
#1852=B_SPLINE_CURVE_WITH_KNOTS('',3,(#9622,#9623,#9624,#9625),
 .UNSPECIFIED.,.F.,.F.,(4,4),(-0.275091269488179,8.57647286525989E-15),
 .UNSPECIFIED.);
#1853=B_SPLINE_CURVE_WITH_KNOTS('',3,(#9663,#9664,#9665,#9666),
 .UNSPECIFIED.,.F.,.F.,(4,4),(-0.840479186646939,-0.778017946792617),
 .UNSPECIFIED.);
#1854=B_SPLINE_CURVE_WITH_KNOTS('',3,(#9668,#9669,#9670,#9671,#9672,#9673,
#9674,#9675,#9676,#9677,#9678,#9679,#9680,#9681,#9682,#9683),
 .UNSPECIFIED.,.F.,.F.,(4,2,2,2,2,2,2,4),(-0.778017946792617,-0.731181968573427,
-0.64023699103293,-0.499423499970552,-0.358572965499501,-0.228164357785146,
-0.110459565928162,-0.07442861343618),.UNSPECIFIED.);
#1855=B_SPLINE_CURVE_WITH_KNOTS('',3,(#9689,#9690,#9691,#9692,#9693,#9694),
 .UNSPECIFIED.,.F.,.F.,(4,2,4),(1.4651234302506,1.57516011325349,1.66918832409911),
 .UNSPECIFIED.);
#1856=B_SPLINE_CURVE_WITH_KNOTS('',3,(#9696,#9697,#9698,#9699,#9700,#9701),
 .UNSPECIFIED.,.F.,.F.,(4,2,4),(0.320205019016953,0.414233229862571,0.524269912865457),
 .UNSPECIFIED.);
#1857=B_SPLINE_CURVE_WITH_KNOTS('',3,(#9714,#9715,#9716,#9717,#9718,#9719),
 .UNSPECIFIED.,.F.,.F.,(4,2,4),(1.4651234302506,1.57516011325349,1.66918832409911),
 .UNSPECIFIED.);
#1858=B_SPLINE_CURVE_WITH_KNOTS('',3,(#9721,#9722,#9723,#9724,#9725,#9726),
 .UNSPECIFIED.,.F.,.F.,(4,2,4),(0.32020501901695,0.41423322986257,0.524269912865454),
 .UNSPECIFIED.);
#1859=B_SPLINE_CURVE_WITH_KNOTS('',3,(#9739,#9740,#9741,#9742,#9743,#9744),
 .UNSPECIFIED.,.F.,.F.,(4,2,4),(1.46512343025061,1.57516011325349,1.66918832409911),
 .UNSPECIFIED.);
#1860=B_SPLINE_CURVE_WITH_KNOTS('',3,(#9746,#9747,#9748,#9749,#9750,#9751),
 .UNSPECIFIED.,.F.,.F.,(4,2,4),(0.320205019016949,0.414233229862571,0.524269912865457),
 .UNSPECIFIED.);
#1861=B_SPLINE_CURVE_WITH_KNOTS('',3,(#9764,#9765,#9766,#9767,#9768,#9769),
 .UNSPECIFIED.,.F.,.F.,(4,2,4),(1.4651234302506,1.57516011325349,1.66918832409911),
 .UNSPECIFIED.);
#1862=B_SPLINE_CURVE_WITH_KNOTS('',3,(#9771,#9772,#9773,#9774,#9775,#9776),
 .UNSPECIFIED.,.F.,.F.,(4,2,4),(0.320205019016946,0.414233229862567,0.524269912865449),
 .UNSPECIFIED.);
#1863=VERTEX_POINT('',#7640);
#1864=VERTEX_POINT('',#7641);
#1865=VERTEX_POINT('',#7658);
#1866=VERTEX_POINT('',#7660);
#1867=VERTEX_POINT('',#7662);
#1868=VERTEX_POINT('',#7683);
#1869=VERTEX_POINT('',#7684);
#1870=VERTEX_POINT('',#7689);
#1871=VERTEX_POINT('',#7690);
#1872=VERTEX_POINT('',#7704);
#1873=VERTEX_POINT('',#7706);
#1874=VERTEX_POINT('',#7708);
#1875=VERTEX_POINT('',#7710);
#1876=VERTEX_POINT('',#7739);
#1877=VERTEX_POINT('',#7740);
#1878=VERTEX_POINT('',#7745);
#1879=VERTEX_POINT('',#7746);
#1880=VERTEX_POINT('',#7752);
#1881=VERTEX_POINT('',#7771);
#1882=VERTEX_POINT('',#7773);
#1883=VERTEX_POINT('',#7775);
#1884=VERTEX_POINT('',#7782);
#1885=VERTEX_POINT('',#7786);
#1886=VERTEX_POINT('',#7788);
#1887=VERTEX_POINT('',#7792);
#1888=VERTEX_POINT('',#7796);
#1889=VERTEX_POINT('',#7797);
#1890=VERTEX_POINT('',#7814);
#1891=VERTEX_POINT('',#7816);
#1892=VERTEX_POINT('',#7818);
#1893=VERTEX_POINT('',#7839);
#1894=VERTEX_POINT('',#7840);
#1895=VERTEX_POINT('',#7845);
#1896=VERTEX_POINT('',#7846);
#1897=VERTEX_POINT('',#7860);
#1898=VERTEX_POINT('',#7862);
#1899=VERTEX_POINT('',#7864);
#1900=VERTEX_POINT('',#7866);
#1901=VERTEX_POINT('',#7895);
#1902=VERTEX_POINT('',#7896);
#1903=VERTEX_POINT('',#7901);
#1904=VERTEX_POINT('',#7902);
#1905=VERTEX_POINT('',#7908);
#1906=VERTEX_POINT('',#7927);
#1907=VERTEX_POINT('',#7929);
#1908=VERTEX_POINT('',#7931);
#1909=VERTEX_POINT('',#7938);
#1910=VERTEX_POINT('',#7942);
#1911=VERTEX_POINT('',#7944);
#1912=VERTEX_POINT('',#7948);
#1913=VERTEX_POINT('',#7952);
#1914=VERTEX_POINT('',#7953);
#1915=VERTEX_POINT('',#7970);
#1916=VERTEX_POINT('',#7972);
#1917=VERTEX_POINT('',#7974);
#1918=VERTEX_POINT('',#7995);
#1919=VERTEX_POINT('',#7996);
#1920=VERTEX_POINT('',#8001);
#1921=VERTEX_POINT('',#8002);
#1922=VERTEX_POINT('',#8016);
#1923=VERTEX_POINT('',#8018);
#1924=VERTEX_POINT('',#8020);
#1925=VERTEX_POINT('',#8022);
#1926=VERTEX_POINT('',#8051);
#1927=VERTEX_POINT('',#8052);
#1928=VERTEX_POINT('',#8057);
#1929=VERTEX_POINT('',#8058);
#1930=VERTEX_POINT('',#8064);
#1931=VERTEX_POINT('',#8083);
#1932=VERTEX_POINT('',#8085);
#1933=VERTEX_POINT('',#8087);
#1934=VERTEX_POINT('',#8094);
#1935=VERTEX_POINT('',#8098);
#1936=VERTEX_POINT('',#8100);
#1937=VERTEX_POINT('',#8104);
#1938=VERTEX_POINT('',#8122);
#1939=VERTEX_POINT('',#8123);
#1940=VERTEX_POINT('',#8125);
#1941=VERTEX_POINT('',#8127);
#1942=VERTEX_POINT('',#8131);
#1943=VERTEX_POINT('',#8132);
#1944=VERTEX_POINT('',#8146);
#1945=VERTEX_POINT('',#8148);
#1946=VERTEX_POINT('',#8150);
#1947=VERTEX_POINT('',#8152);
#1948=VERTEX_POINT('',#8181);
#1949=VERTEX_POINT('',#8182);
#1950=VERTEX_POINT('',#8187);
#1951=VERTEX_POINT('',#8188);
#1952=VERTEX_POINT('',#8194);
#1953=VERTEX_POINT('',#8213);
#1954=VERTEX_POINT('',#8214);
#1955=VERTEX_POINT('',#8232);
#1956=VERTEX_POINT('',#8239);
#1957=VERTEX_POINT('',#8241);
#1958=VERTEX_POINT('',#8243);
#1959=VERTEX_POINT('',#8248);
#1960=VERTEX_POINT('',#8252);
#1961=VERTEX_POINT('',#8254);
#1962=VERTEX_POINT('',#8256);
#1963=VERTEX_POINT('',#8260);
#1964=VERTEX_POINT('',#8266);
#1965=VERTEX_POINT('',#8270);
#1966=VERTEX_POINT('',#8272);
#1967=VERTEX_POINT('',#8281);
#1968=VERTEX_POINT('',#8283);
#1969=VERTEX_POINT('',#8285);
#1970=VERTEX_POINT('',#8296);
#1971=VERTEX_POINT('',#8300);
#1972=VERTEX_POINT('',#8302);
#1973=VERTEX_POINT('',#8304);
#1974=VERTEX_POINT('',#8308);
#1975=VERTEX_POINT('',#8312);
#1976=VERTEX_POINT('',#8317);
#1977=VERTEX_POINT('',#8319);
#1978=VERTEX_POINT('',#8321);
#1979=VERTEX_POINT('',#8325);
#1980=VERTEX_POINT('',#8330);
#1981=VERTEX_POINT('',#8335);
#1982=VERTEX_POINT('',#8337);
#1983=VERTEX_POINT('',#8339);
#1984=VERTEX_POINT('',#8343);
#1985=VERTEX_POINT('',#8345);
#1986=VERTEX_POINT('',#8347);
#1987=VERTEX_POINT('',#8352);
#1988=VERTEX_POINT('',#8356);
#1989=VERTEX_POINT('',#8358);
#1990=VERTEX_POINT('',#8360);
#1991=VERTEX_POINT('',#8372);
#1992=VERTEX_POINT('',#8373);
#1993=VERTEX_POINT('',#8375);
#1994=VERTEX_POINT('',#8377);
#1995=VERTEX_POINT('',#8381);
#1996=VERTEX_POINT('',#8383);
#1997=VERTEX_POINT('',#8386);
#1998=VERTEX_POINT('',#8388);
#1999=VERTEX_POINT('',#8391);
#2000=VERTEX_POINT('',#8392);
#2001=VERTEX_POINT('',#8394);
#2002=VERTEX_POINT('',#8396);
#2003=VERTEX_POINT('',#8398);
#2004=VERTEX_POINT('',#8400);
#2005=VERTEX_POINT('',#8403);
#2006=VERTEX_POINT('',#8404);
#2007=VERTEX_POINT('',#8406);
#2008=VERTEX_POINT('',#8408);
#2009=VERTEX_POINT('',#8410);
#2010=VERTEX_POINT('',#8412);
#2011=VERTEX_POINT('',#8416);
#2012=VERTEX_POINT('',#8418);
#2013=VERTEX_POINT('',#8422);
#2014=VERTEX_POINT('',#8424);
#2015=VERTEX_POINT('',#8428);
#2016=VERTEX_POINT('',#8432);
#2017=VERTEX_POINT('',#8433);
#2018=VERTEX_POINT('',#8435);
#2019=VERTEX_POINT('',#8437);
#2020=VERTEX_POINT('',#8439);
#2021=VERTEX_POINT('',#8441);
#2022=VERTEX_POINT('',#8443);
#2023=VERTEX_POINT('',#8445);
#2024=VERTEX_POINT('',#8447);
#2025=VERTEX_POINT('',#8449);
#2026=VERTEX_POINT('',#8451);
#2027=VERTEX_POINT('',#8453);
#2028=VERTEX_POINT('',#8455);
#2029=VERTEX_POINT('',#8457);
#2030=VERTEX_POINT('',#8459);
#2031=VERTEX_POINT('',#8461);
#2032=VERTEX_POINT('',#8463);
#2033=VERTEX_POINT('',#8465);
#2034=VERTEX_POINT('',#8467);
#2035=VERTEX_POINT('',#8469);
#2036=VERTEX_POINT('',#8471);
#2037=VERTEX_POINT('',#8473);
#2038=VERTEX_POINT('',#8475);
#2039=VERTEX_POINT('',#8477);
#2040=VERTEX_POINT('',#8479);
#2041=VERTEX_POINT('',#8481);
#2042=VERTEX_POINT('',#8483);
#2043=VERTEX_POINT('',#8485);
#2044=VERTEX_POINT('',#8487);
#2045=VERTEX_POINT('',#8489);
#2046=VERTEX_POINT('',#8491);
#2047=VERTEX_POINT('',#8493);
#2048=VERTEX_POINT('',#8495);
#2049=VERTEX_POINT('',#8497);
#2050=VERTEX_POINT('',#8499);
#2051=VERTEX_POINT('',#8501);
#2052=VERTEX_POINT('',#8503);
#2053=VERTEX_POINT('',#8505);
#2054=VERTEX_POINT('',#8508);
#2055=VERTEX_POINT('',#8510);
#2056=VERTEX_POINT('',#8511);
#2057=VERTEX_POINT('',#8513);
#2058=VERTEX_POINT('',#8515);
#2059=VERTEX_POINT('',#8518);
#2060=VERTEX_POINT('',#8520);
#2061=VERTEX_POINT('',#8522);
#2062=VERTEX_POINT('',#8524);
#2063=VERTEX_POINT('',#8526);
#2064=VERTEX_POINT('',#8528);
#2065=VERTEX_POINT('',#8530);
#2066=VERTEX_POINT('',#8532);
#2067=VERTEX_POINT('',#8534);
#2068=VERTEX_POINT('',#8536);
#2069=VERTEX_POINT('',#8538);
#2070=VERTEX_POINT('',#8543);
#2071=VERTEX_POINT('',#8544);
#2072=VERTEX_POINT('',#8546);
#2073=VERTEX_POINT('',#8548);
#2074=VERTEX_POINT('',#8550);
#2075=VERTEX_POINT('',#8552);
#2076=VERTEX_POINT('',#8556);
#2077=VERTEX_POINT('',#8557);
#2078=VERTEX_POINT('',#8559);
#2079=VERTEX_POINT('',#8561);
#2080=VERTEX_POINT('',#8563);
#2081=VERTEX_POINT('',#8565);
#2082=VERTEX_POINT('',#8569);
#2083=VERTEX_POINT('',#8570);
#2084=VERTEX_POINT('',#8572);
#2085=VERTEX_POINT('',#8574);
#2086=VERTEX_POINT('',#8576);
#2087=VERTEX_POINT('',#8578);
#2088=VERTEX_POINT('',#8582);
#2089=VERTEX_POINT('',#8583);
#2090=VERTEX_POINT('',#8585);
#2091=VERTEX_POINT('',#8587);
#2092=VERTEX_POINT('',#8589);
#2093=VERTEX_POINT('',#8591);
#2094=VERTEX_POINT('',#8595);
#2095=VERTEX_POINT('',#8596);
#2096=VERTEX_POINT('',#8598);
#2097=VERTEX_POINT('',#8600);
#2098=VERTEX_POINT('',#8602);
#2099=VERTEX_POINT('',#8604);
#2100=VERTEX_POINT('',#8608);
#2101=VERTEX_POINT('',#8609);
#2102=VERTEX_POINT('',#8611);
#2103=VERTEX_POINT('',#8613);
#2104=VERTEX_POINT('',#8615);
#2105=VERTEX_POINT('',#8617);
#2106=VERTEX_POINT('',#8621);
#2107=VERTEX_POINT('',#8622);
#2108=VERTEX_POINT('',#8624);
#2109=VERTEX_POINT('',#8626);
#2110=VERTEX_POINT('',#8628);
#2111=VERTEX_POINT('',#8630);
#2112=VERTEX_POINT('',#8634);
#2113=VERTEX_POINT('',#8635);
#2114=VERTEX_POINT('',#8637);
#2115=VERTEX_POINT('',#8639);
#2116=VERTEX_POINT('',#8641);
#2117=VERTEX_POINT('',#8643);
#2118=VERTEX_POINT('',#8647);
#2119=VERTEX_POINT('',#8648);
#2120=VERTEX_POINT('',#8650);
#2121=VERTEX_POINT('',#8652);
#2122=VERTEX_POINT('',#8654);
#2123=VERTEX_POINT('',#8656);
#2124=VERTEX_POINT('',#8660);
#2125=VERTEX_POINT('',#8661);
#2126=VERTEX_POINT('',#8663);
#2127=VERTEX_POINT('',#8665);
#2128=VERTEX_POINT('',#8667);
#2129=VERTEX_POINT('',#8669);
#2130=VERTEX_POINT('',#8673);
#2131=VERTEX_POINT('',#8674);
#2132=VERTEX_POINT('',#8676);
#2133=VERTEX_POINT('',#8678);
#2134=VERTEX_POINT('',#8680);
#2135=VERTEX_POINT('',#8682);
#2136=VERTEX_POINT('',#8686);
#2137=VERTEX_POINT('',#8687);
#2138=VERTEX_POINT('',#8689);
#2139=VERTEX_POINT('',#8691);
#2140=VERTEX_POINT('',#8693);
#2141=VERTEX_POINT('',#8695);
#2142=VERTEX_POINT('',#8699);
#2143=VERTEX_POINT('',#8700);
#2144=VERTEX_POINT('',#8702);
#2145=VERTEX_POINT('',#8704);
#2146=VERTEX_POINT('',#8706);
#2147=VERTEX_POINT('',#8708);
#2148=VERTEX_POINT('',#8712);
#2149=VERTEX_POINT('',#8713);
#2150=VERTEX_POINT('',#8715);
#2151=VERTEX_POINT('',#8717);
#2152=VERTEX_POINT('',#8719);
#2153=VERTEX_POINT('',#8721);
#2154=VERTEX_POINT('',#8749);
#2155=VERTEX_POINT('',#8750);
#2156=VERTEX_POINT('',#8755);
#2157=VERTEX_POINT('',#8759);
#2158=VERTEX_POINT('',#8763);
#2159=VERTEX_POINT('',#8767);
#2160=VERTEX_POINT('',#8773);
#2161=VERTEX_POINT('',#8774);
#2162=VERTEX_POINT('',#8779);
#2163=VERTEX_POINT('',#8783);
#2164=VERTEX_POINT('',#8787);
#2165=VERTEX_POINT('',#8791);
#2166=VERTEX_POINT('',#8797);
#2167=VERTEX_POINT('',#8798);
#2168=VERTEX_POINT('',#8803);
#2169=VERTEX_POINT('',#8807);
#2170=VERTEX_POINT('',#8811);
#2171=VERTEX_POINT('',#8815);
#2172=VERTEX_POINT('',#8821);
#2173=VERTEX_POINT('',#8822);
#2174=VERTEX_POINT('',#8827);
#2175=VERTEX_POINT('',#8831);
#2176=VERTEX_POINT('',#8835);
#2177=VERTEX_POINT('',#8839);
#2178=VERTEX_POINT('',#8845);
#2179=VERTEX_POINT('',#8846);
#2180=VERTEX_POINT('',#8851);
#2181=VERTEX_POINT('',#8855);
#2182=VERTEX_POINT('',#8859);
#2183=VERTEX_POINT('',#8863);
#2184=VERTEX_POINT('',#8869);
#2185=VERTEX_POINT('',#8870);
#2186=VERTEX_POINT('',#8875);
#2187=VERTEX_POINT('',#8879);
#2188=VERTEX_POINT('',#8883);
#2189=VERTEX_POINT('',#8887);
#2190=VERTEX_POINT('',#8893);
#2191=VERTEX_POINT('',#8894);
#2192=VERTEX_POINT('',#8896);
#2193=VERTEX_POINT('',#8900);
#2194=VERTEX_POINT('',#8901);
#2195=VERTEX_POINT('',#8906);
#2196=VERTEX_POINT('',#8907);
#2197=VERTEX_POINT('',#8912);
#2198=VERTEX_POINT('',#8916);
#2199=VERTEX_POINT('',#8920);
#2200=VERTEX_POINT('',#8924);
#2201=VERTEX_POINT('',#8930);
#2202=VERTEX_POINT('',#8931);
#2203=VERTEX_POINT('',#8936);
#2204=VERTEX_POINT('',#8940);
#2205=VERTEX_POINT('',#8944);
#2206=VERTEX_POINT('',#8948);
#2207=VERTEX_POINT('',#8954);
#2208=VERTEX_POINT('',#8955);
#2209=VERTEX_POINT('',#8960);
#2210=VERTEX_POINT('',#8964);
#2211=VERTEX_POINT('',#8968);
#2212=VERTEX_POINT('',#8972);
#2213=VERTEX_POINT('',#8978);
#2214=VERTEX_POINT('',#8979);
#2215=VERTEX_POINT('',#8984);
#2216=VERTEX_POINT('',#8988);
#2217=VERTEX_POINT('',#8992);
#2218=VERTEX_POINT('',#8996);
#2219=VERTEX_POINT('',#9002);
#2220=VERTEX_POINT('',#9003);
#2221=VERTEX_POINT('',#9008);
#2222=VERTEX_POINT('',#9012);
#2223=VERTEX_POINT('',#9016);
#2224=VERTEX_POINT('',#9020);
#2225=VERTEX_POINT('',#9026);
#2226=VERTEX_POINT('',#9027);
#2227=VERTEX_POINT('',#9032);
#2228=VERTEX_POINT('',#9036);
#2229=VERTEX_POINT('',#9040);
#2230=VERTEX_POINT('',#9044);
#2231=VERTEX_POINT('',#9050);
#2232=VERTEX_POINT('',#9051);
#2233=VERTEX_POINT('',#9053);
#2234=VERTEX_POINT('',#9055);
#2235=VERTEX_POINT('',#9059);
#2236=VERTEX_POINT('',#9060);
#2237=VERTEX_POINT('',#9065);
#2238=VERTEX_POINT('',#9066);
#2239=VERTEX_POINT('',#9071);
#2240=VERTEX_POINT('',#9072);
#2241=VERTEX_POINT('',#9074);
#2242=VERTEX_POINT('',#9076);
#2243=VERTEX_POINT('',#9080);
#2244=VERTEX_POINT('',#9081);
#2245=VERTEX_POINT('',#9083);
#2246=VERTEX_POINT('',#9085);
#2247=VERTEX_POINT('',#9089);
#2248=VERTEX_POINT('',#9090);
#2249=VERTEX_POINT('',#9092);
#2250=VERTEX_POINT('',#9094);
#2251=VERTEX_POINT('',#9101);
#2252=VERTEX_POINT('',#9105);
#2253=VERTEX_POINT('',#9106);
#2254=VERTEX_POINT('',#9108);
#2255=VERTEX_POINT('',#9110);
#2256=VERTEX_POINT('',#9114);
#2257=VERTEX_POINT('',#9115);
#2258=VERTEX_POINT('',#9117);
#2259=VERTEX_POINT('',#9119);
#2260=VERTEX_POINT('',#9123);
#2261=VERTEX_POINT('',#9124);
#2262=VERTEX_POINT('',#9126);
#2263=VERTEX_POINT('',#9128);
#2264=VERTEX_POINT('',#9137);
#2265=VERTEX_POINT('',#9139);
#2266=VERTEX_POINT('',#9143);
#2267=VERTEX_POINT('',#9145);
#2268=VERTEX_POINT('',#9149);
#2269=VERTEX_POINT('',#9151);
#2270=VERTEX_POINT('',#9155);
#2271=VERTEX_POINT('',#9157);
#2272=VERTEX_POINT('',#9161);
#2273=VERTEX_POINT('',#9163);
#2274=VERTEX_POINT('',#9167);
#2275=VERTEX_POINT('',#9169);
#2276=VERTEX_POINT('',#9173);
#2277=VERTEX_POINT('',#9175);
#2278=VERTEX_POINT('',#9179);
#2279=VERTEX_POINT('',#9181);
#2280=VERTEX_POINT('',#9185);
#2281=VERTEX_POINT('',#9187);
#2282=VERTEX_POINT('',#9191);
#2283=VERTEX_POINT('',#9193);
#2284=VERTEX_POINT('',#9197);
#2285=VERTEX_POINT('',#9199);
#2286=VERTEX_POINT('',#9203);
#2287=VERTEX_POINT('',#9205);
#2288=VERTEX_POINT('',#9209);
#2289=VERTEX_POINT('',#9211);
#2290=VERTEX_POINT('',#9215);
#2291=VERTEX_POINT('',#9217);
#2292=VERTEX_POINT('',#9221);
#2293=VERTEX_POINT('',#9225);
#2294=VERTEX_POINT('',#9226);
#2295=VERTEX_POINT('',#9231);
#2296=VERTEX_POINT('',#9241);
#2297=VERTEX_POINT('',#9245);
#2298=VERTEX_POINT('',#9249);
#2299=VERTEX_POINT('',#9251);
#2300=VERTEX_POINT('',#9263);
#2301=VERTEX_POINT('',#9267);
#2302=VERTEX_POINT('',#9268);
#2303=VERTEX_POINT('',#9270);
#2304=VERTEX_POINT('',#9272);
#2305=VERTEX_POINT('',#9276);
#2306=VERTEX_POINT('',#9279);
#2307=VERTEX_POINT('',#9282);
#2308=VERTEX_POINT('',#9285);
#2309=VERTEX_POINT('',#9288);
#2310=VERTEX_POINT('',#9291);
#2311=VERTEX_POINT('',#9294);
#2312=VERTEX_POINT('',#9297);
#2313=VERTEX_POINT('',#9300);
#2314=VERTEX_POINT('',#9303);
#2315=VERTEX_POINT('',#9306);
#2316=VERTEX_POINT('',#9309);
#2317=VERTEX_POINT('',#9312);
#2318=VERTEX_POINT('',#9317);
#2319=VERTEX_POINT('',#9321);
#2320=VERTEX_POINT('',#9325);
#2321=VERTEX_POINT('',#9329);
#2322=VERTEX_POINT('',#9350);
#2323=VERTEX_POINT('',#9354);
#2324=VERTEX_POINT('',#9363);
#2325=VERTEX_POINT('',#9365);
#2326=VERTEX_POINT('',#9367);
#2327=VERTEX_POINT('',#9378);
#2328=VERTEX_POINT('',#9394);
#2329=VERTEX_POINT('',#9401);
#2330=VERTEX_POINT('',#9405);
#2331=VERTEX_POINT('',#9409);
#2332=VERTEX_POINT('',#9418);
#2333=VERTEX_POINT('',#9420);
#2334=VERTEX_POINT('',#9422);
#2335=VERTEX_POINT('',#9450);
#2336=VERTEX_POINT('',#9452);
#2337=VERTEX_POINT('',#9457);
#2338=VERTEX_POINT('',#9460);
#2339=VERTEX_POINT('',#9470);
#2340=VERTEX_POINT('',#9472);
#2341=VERTEX_POINT('',#9485);
#2342=VERTEX_POINT('',#9628);
#2343=VERTEX_POINT('',#9662);
#2344=EDGE_CURVE('',#1863,#1864,#1813,.T.);
#2345=EDGE_CURVE('',#1864,#1865,#1313,.T.);
#2346=EDGE_CURVE('',#1865,#1866,#854,.T.);
#2347=EDGE_CURVE('',#1866,#1867,#1314,.T.);
#2348=EDGE_CURVE('',#1867,#1863,#1814,.T.);
#2349=EDGE_CURVE('',#1868,#1869,#855,.T.);
#2350=EDGE_CURVE('',#1869,#1866,#856,.T.);
#2351=EDGE_CURVE('',#1865,#1868,#857,.T.);
#2352=EDGE_CURVE('',#1870,#1871,#1815,.T.);
#2353=EDGE_CURVE('',#1871,#1869,#858,.T.);
#2354=EDGE_CURVE('',#1868,#1872,#859,.T.);
#2355=EDGE_CURVE('',#1872,#1873,#860,.T.);
#2356=EDGE_CURVE('',#1873,#1874,#861,.T.);
#2357=EDGE_CURVE('',#1874,#1875,#1816,.T.);
#2358=EDGE_CURVE('',#1875,#1870,#862,.T.);
#2359=EDGE_CURVE('',#1876,#1877,#863,.T.);
#2360=EDGE_CURVE('',#1877,#1873,#864,.T.);
#2361=EDGE_CURVE('',#1872,#1876,#865,.T.);
#2362=EDGE_CURVE('',#1878,#1879,#1817,.T.);
#2363=EDGE_CURVE('',#1879,#1877,#1315,.T.);
#2364=EDGE_CURVE('',#1876,#1880,#1316,.T.);
#2365=EDGE_CURVE('',#1880,#1878,#1818,.T.);
#2366=EDGE_CURVE('',#1881,#1870,#866,.T.);
#2367=EDGE_CURVE('',#1882,#1881,#1317,.T.);
#2368=EDGE_CURVE('',#1883,#1882,#867,.T.);
#2369=EDGE_CURVE('',#1863,#1883,#1318,.T.);
#2370=EDGE_CURVE('',#1871,#1867,#868,.T.);
#2371=EDGE_CURVE('',#1879,#1874,#869,.T.);
#2372=EDGE_CURVE('',#1875,#1884,#870,.T.);
#2373=EDGE_CURVE('',#1881,#1884,#871,.T.);
#2374=EDGE_CURVE('',#1885,#1878,#1319,.T.);
#2375=EDGE_CURVE('',#1886,#1885,#872,.T.);
#2376=EDGE_CURVE('',#1884,#1886,#1320,.T.);
#2377=EDGE_CURVE('',#1880,#1887,#1321,.T.);
#2378=EDGE_CURVE('',#1887,#1885,#873,.F.);
#2379=EDGE_CURVE('',#1888,#1889,#1819,.T.);
#2380=EDGE_CURVE('',#1889,#1890,#1322,.T.);
#2381=EDGE_CURVE('',#1890,#1891,#874,.T.);
#2382=EDGE_CURVE('',#1891,#1892,#1323,.T.);
#2383=EDGE_CURVE('',#1892,#1888,#1820,.T.);
#2384=EDGE_CURVE('',#1893,#1894,#875,.T.);
#2385=EDGE_CURVE('',#1894,#1891,#876,.T.);
#2386=EDGE_CURVE('',#1890,#1893,#877,.T.);
#2387=EDGE_CURVE('',#1895,#1896,#1821,.T.);
#2388=EDGE_CURVE('',#1896,#1894,#878,.T.);
#2389=EDGE_CURVE('',#1893,#1897,#879,.T.);
#2390=EDGE_CURVE('',#1897,#1898,#880,.T.);
#2391=EDGE_CURVE('',#1898,#1899,#881,.T.);
#2392=EDGE_CURVE('',#1899,#1900,#1822,.T.);
#2393=EDGE_CURVE('',#1900,#1895,#882,.T.);
#2394=EDGE_CURVE('',#1901,#1902,#883,.T.);
#2395=EDGE_CURVE('',#1902,#1898,#884,.T.);
#2396=EDGE_CURVE('',#1897,#1901,#885,.T.);
#2397=EDGE_CURVE('',#1903,#1904,#1823,.T.);
#2398=EDGE_CURVE('',#1904,#1902,#1324,.T.);
#2399=EDGE_CURVE('',#1901,#1905,#1325,.T.);
#2400=EDGE_CURVE('',#1905,#1903,#1824,.T.);
#2401=EDGE_CURVE('',#1906,#1895,#886,.T.);
#2402=EDGE_CURVE('',#1907,#1906,#1326,.T.);
#2403=EDGE_CURVE('',#1908,#1907,#887,.T.);
#2404=EDGE_CURVE('',#1888,#1908,#1327,.T.);
#2405=EDGE_CURVE('',#1896,#1892,#888,.T.);
#2406=EDGE_CURVE('',#1904,#1899,#889,.T.);
#2407=EDGE_CURVE('',#1900,#1909,#890,.T.);
#2408=EDGE_CURVE('',#1906,#1909,#891,.T.);
#2409=EDGE_CURVE('',#1910,#1903,#1328,.T.);
#2410=EDGE_CURVE('',#1911,#1910,#892,.T.);
#2411=EDGE_CURVE('',#1909,#1911,#1329,.T.);
#2412=EDGE_CURVE('',#1905,#1912,#1330,.T.);
#2413=EDGE_CURVE('',#1912,#1910,#893,.F.);
#2414=EDGE_CURVE('',#1913,#1914,#1825,.T.);
#2415=EDGE_CURVE('',#1914,#1915,#1331,.T.);
#2416=EDGE_CURVE('',#1915,#1916,#894,.T.);
#2417=EDGE_CURVE('',#1916,#1917,#1332,.T.);
#2418=EDGE_CURVE('',#1917,#1913,#1826,.T.);
#2419=EDGE_CURVE('',#1918,#1919,#895,.T.);
#2420=EDGE_CURVE('',#1919,#1916,#896,.T.);
#2421=EDGE_CURVE('',#1915,#1918,#897,.T.);
#2422=EDGE_CURVE('',#1920,#1921,#1827,.T.);
#2423=EDGE_CURVE('',#1921,#1919,#898,.T.);
#2424=EDGE_CURVE('',#1918,#1922,#899,.T.);
#2425=EDGE_CURVE('',#1922,#1923,#900,.T.);
#2426=EDGE_CURVE('',#1923,#1924,#901,.T.);
#2427=EDGE_CURVE('',#1924,#1925,#1828,.T.);
#2428=EDGE_CURVE('',#1925,#1920,#902,.T.);
#2429=EDGE_CURVE('',#1926,#1927,#903,.T.);
#2430=EDGE_CURVE('',#1927,#1923,#904,.T.);
#2431=EDGE_CURVE('',#1922,#1926,#905,.T.);
#2432=EDGE_CURVE('',#1928,#1929,#1829,.T.);
#2433=EDGE_CURVE('',#1929,#1927,#1333,.T.);
#2434=EDGE_CURVE('',#1926,#1930,#1334,.T.);
#2435=EDGE_CURVE('',#1930,#1928,#1830,.T.);
#2436=EDGE_CURVE('',#1931,#1920,#906,.T.);
#2437=EDGE_CURVE('',#1932,#1931,#1335,.T.);
#2438=EDGE_CURVE('',#1933,#1932,#907,.T.);
#2439=EDGE_CURVE('',#1913,#1933,#1336,.T.);
#2440=EDGE_CURVE('',#1921,#1917,#908,.T.);
#2441=EDGE_CURVE('',#1929,#1924,#909,.T.);
#2442=EDGE_CURVE('',#1925,#1934,#910,.T.);
#2443=EDGE_CURVE('',#1931,#1934,#911,.T.);
#2444=EDGE_CURVE('',#1935,#1928,#1337,.T.);
#2445=EDGE_CURVE('',#1936,#1935,#912,.T.);
#2446=EDGE_CURVE('',#1934,#1936,#1338,.T.);
#2447=EDGE_CURVE('',#1930,#1937,#1339,.T.);
#2448=EDGE_CURVE('',#1937,#1935,#913,.F.);
#2449=EDGE_CURVE('',#1938,#1939,#914,.T.);
#2450=EDGE_CURVE('',#1939,#1940,#915,.T.);
#2451=EDGE_CURVE('',#1940,#1941,#916,.T.);
#2452=EDGE_CURVE('',#1941,#1938,#917,.T.);
#2453=EDGE_CURVE('',#1942,#1943,#1831,.T.);
#2454=EDGE_CURVE('',#1943,#1941,#918,.T.);
#2455=EDGE_CURVE('',#1940,#1944,#919,.T.);
#2456=EDGE_CURVE('',#1944,#1945,#920,.T.);
#2457=EDGE_CURVE('',#1945,#1946,#921,.T.);
#2458=EDGE_CURVE('',#1946,#1947,#1832,.T.);
#2459=EDGE_CURVE('',#1947,#1942,#922,.T.);
#2460=EDGE_CURVE('',#1948,#1949,#923,.T.);
#2461=EDGE_CURVE('',#1949,#1945,#924,.T.);
#2462=EDGE_CURVE('',#1944,#1948,#925,.T.);
#2463=EDGE_CURVE('',#1950,#1951,#1833,.T.);
#2464=EDGE_CURVE('',#1951,#1949,#1340,.T.);
#2465=EDGE_CURVE('',#1948,#1952,#1341,.T.);
#2466=EDGE_CURVE('',#1952,#1950,#1834,.T.);
#2467=EDGE_CURVE('',#1953,#1954,#1835,.T.);
#2468=EDGE_CURVE('',#1954,#1939,#1342,.T.);
#2469=EDGE_CURVE('',#1938,#1955,#1343,.T.);
#2470=EDGE_CURVE('',#1955,#1953,#1836,.T.);
#2471=EDGE_CURVE('',#1956,#1950,#1344,.T.);
#2472=EDGE_CURVE('',#1957,#1956,#926,.T.);
#2473=EDGE_CURVE('',#1958,#1957,#1345,.T.);
#2474=EDGE_CURVE('',#1947,#1958,#927,.T.);
#2475=EDGE_CURVE('',#1951,#1946,#928,.T.);
#2476=EDGE_CURVE('',#1952,#1959,#1346,.T.);
#2477=EDGE_CURVE('',#1959,#1956,#929,.F.);
#2478=EDGE_CURVE('',#1960,#1948,#1347,.T.);
#2479=EDGE_CURVE('',#1961,#1960,#1348,.T.);
#2480=EDGE_CURVE('',#1962,#1961,#1349,.T.);
#2481=EDGE_CURVE('',#1959,#1962,#1350,.T.);
#2482=EDGE_CURVE('',#1944,#1963,#1351,.T.);
#2483=EDGE_CURVE('',#1960,#1963,#930,.T.);
#2484=EDGE_CURVE('',#1943,#1955,#931,.T.);
#2485=EDGE_CURVE('',#1964,#1958,#932,.T.);
#2486=EDGE_CURVE('',#1964,#1942,#933,.T.);
#2487=EDGE_CURVE('',#1965,#1940,#1352,.T.);
#2488=EDGE_CURVE('',#1965,#1966,#1837,.F.);
#2489=EDGE_CURVE('',#1967,#1966,#1353,.T.);
#2490=EDGE_CURVE('',#1967,#1968,#934,.T.);
#2491=EDGE_CURVE('',#1968,#1969,#1354,.T.);
#2492=EDGE_CURVE('',#1963,#1969,#1838,.T.);
#2493=EDGE_CURVE('',#1939,#1970,#1355,.T.);
#2494=EDGE_CURVE('',#1965,#1970,#935,.T.);
#2495=EDGE_CURVE('',#1971,#1954,#1356,.T.);
#2496=EDGE_CURVE('',#1972,#1971,#1357,.T.);
#2497=EDGE_CURVE('',#1973,#1972,#1358,.T.);
#2498=EDGE_CURVE('',#1970,#1973,#1359,.T.);
#2499=EDGE_CURVE('',#1953,#1974,#1360,.T.);
#2500=EDGE_CURVE('',#1971,#1974,#936,.T.);
#2501=EDGE_CURVE('',#1975,#1933,#937,.T.);
#2502=EDGE_CURVE('',#1975,#1914,#1361,.T.);
#2503=EDGE_CURVE('',#1976,#1926,#1362,.T.);
#2504=EDGE_CURVE('',#1977,#1976,#1363,.T.);
#2505=EDGE_CURVE('',#1978,#1977,#1364,.T.);
#2506=EDGE_CURVE('',#1937,#1978,#1365,.T.);
#2507=EDGE_CURVE('',#1979,#1964,#1366,.T.);
#2508=EDGE_CURVE('',#1974,#1979,#938,.T.);
#2509=EDGE_CURVE('',#1980,#1883,#939,.T.);
#2510=EDGE_CURVE('',#1980,#1864,#1367,.T.);
#2511=EDGE_CURVE('',#1981,#1876,#1368,.T.);
#2512=EDGE_CURVE('',#1982,#1981,#1369,.T.);
#2513=EDGE_CURVE('',#1983,#1982,#1370,.T.);
#2514=EDGE_CURVE('',#1887,#1983,#1371,.T.);
#2515=EDGE_CURVE('',#1984,#1901,#1372,.T.);
#2516=EDGE_CURVE('',#1985,#1984,#1373,.T.);
#2517=EDGE_CURVE('',#1986,#1985,#1374,.T.);
#2518=EDGE_CURVE('',#1912,#1986,#1375,.T.);
#2519=EDGE_CURVE('',#1987,#1908,#940,.T.);
#2520=EDGE_CURVE('',#1987,#1889,#1376,.T.);
#2521=EDGE_CURVE('',#1988,#1987,#1377,.T.);
#2522=EDGE_CURVE('',#1989,#1988,#1378,.T.);
#2523=EDGE_CURVE('',#1990,#1989,#1379,.T.);
#2524=EDGE_CURVE('',#1890,#1990,#1380,.T.);
#2525=EDGE_CURVE('',#1932,#1936,#941,.T.);
#2526=EDGE_CURVE('',#1979,#1957,#942,.T.);
#2527=EDGE_CURVE('',#1882,#1886,#943,.T.);
#2528=EDGE_CURVE('',#1907,#1911,#944,.T.);
#2529=EDGE_CURVE('',#1991,#1992,#945,.T.);
#2530=EDGE_CURVE('',#1992,#1993,#1381,.T.);
#2531=EDGE_CURVE('',#1994,#1993,#946,.T.);
#2532=EDGE_CURVE('',#1994,#1991,#1382,.T.);
#2533=EDGE_CURVE('',#1986,#1995,#947,.T.);
#2534=EDGE_CURVE('',#1996,#1995,#948,.T.);
#2535=EDGE_CURVE('',#1996,#1992,#949,.T.);
#2536=EDGE_CURVE('',#1991,#1997,#950,.T.);
#2537=EDGE_CURVE('',#1998,#1997,#951,.T.);
#2538=EDGE_CURVE('',#1988,#1998,#952,.T.);
#2539=EDGE_CURVE('',#1999,#2000,#953,.T.);
#2540=EDGE_CURVE('',#2000,#2001,#954,.T.);
#2541=EDGE_CURVE('',#2001,#2002,#955,.T.);
#2542=EDGE_CURVE('',#2002,#2003,#956,.T.);
#2543=EDGE_CURVE('',#2003,#2004,#957,.T.);
#2544=EDGE_CURVE('',#2004,#1999,#958,.T.);
#2545=EDGE_CURVE('',#2005,#2006,#959,.T.);
#2546=EDGE_CURVE('',#2006,#2007,#960,.T.);
#2547=EDGE_CURVE('',#2007,#2008,#961,.T.);
#2548=EDGE_CURVE('',#2008,#2009,#962,.T.);
#2549=EDGE_CURVE('',#2009,#2010,#963,.T.);
#2550=EDGE_CURVE('',#2010,#2005,#964,.T.);
#2551=EDGE_CURVE('',#2011,#2011,#965,.T.);
#2552=EDGE_CURVE('',#2011,#2012,#1383,.T.);
#2553=EDGE_CURVE('',#2012,#2012,#966,.T.);
#2554=EDGE_CURVE('',#2013,#2013,#967,.T.);
#2555=EDGE_CURVE('',#2013,#2014,#1384,.T.);
#2556=EDGE_CURVE('',#2014,#2014,#968,.T.);
#2557=EDGE_CURVE('',#2015,#2015,#969,.T.);
#2558=EDGE_CURVE('',#2015,#2011,#1385,.T.);
#2559=EDGE_CURVE('',#2016,#2017,#970,.T.);
#2560=EDGE_CURVE('',#2018,#2016,#971,.T.);
#2561=EDGE_CURVE('',#2019,#2018,#1386,.T.);
#2562=EDGE_CURVE('',#2020,#2019,#972,.T.);
#2563=EDGE_CURVE('',#2020,#2021,#1387,.T.);
#2564=EDGE_CURVE('',#2022,#2021,#973,.T.);
#2565=EDGE_CURVE('',#2023,#2022,#1388,.T.);
#2566=EDGE_CURVE('',#2024,#2023,#974,.T.);
#2567=EDGE_CURVE('',#2025,#2024,#975,.T.);
#2568=EDGE_CURVE('',#2026,#2025,#976,.T.);
#2569=EDGE_CURVE('',#2027,#2026,#977,.T.);
#2570=EDGE_CURVE('',#2028,#2027,#1389,.T.);
#2571=EDGE_CURVE('',#2029,#2028,#978,.T.);
#2572=EDGE_CURVE('',#2029,#2030,#1390,.T.);
#2573=EDGE_CURVE('',#2031,#2030,#979,.T.);
#2574=EDGE_CURVE('',#2032,#2031,#1391,.T.);
#2575=EDGE_CURVE('',#2033,#2032,#980,.T.);
#2576=EDGE_CURVE('',#2034,#2033,#981,.T.);
#2577=EDGE_CURVE('',#2035,#2034,#982,.T.);
#2578=EDGE_CURVE('',#2036,#2035,#983,.T.);
#2579=EDGE_CURVE('',#2037,#2036,#1392,.T.);
#2580=EDGE_CURVE('',#2038,#2037,#984,.T.);
#2581=EDGE_CURVE('',#2038,#2039,#1393,.T.);
#2582=EDGE_CURVE('',#2040,#2039,#985,.T.);
#2583=EDGE_CURVE('',#2041,#2040,#1394,.T.);
#2584=EDGE_CURVE('',#2042,#2041,#986,.T.);
#2585=EDGE_CURVE('',#2043,#2042,#987,.T.);
#2586=EDGE_CURVE('',#2044,#2043,#988,.T.);
#2587=EDGE_CURVE('',#2045,#2044,#989,.T.);
#2588=EDGE_CURVE('',#2046,#2045,#1395,.T.);
#2589=EDGE_CURVE('',#2047,#2046,#990,.T.);
#2590=EDGE_CURVE('',#2047,#2048,#1396,.T.);
#2591=EDGE_CURVE('',#2049,#2048,#991,.T.);
#2592=EDGE_CURVE('',#2050,#2049,#1397,.T.);
#2593=EDGE_CURVE('',#2051,#2050,#992,.T.);
#2594=EDGE_CURVE('',#2052,#2051,#993,.T.);
#2595=EDGE_CURVE('',#2052,#2053,#994,.T.);
#2596=EDGE_CURVE('',#2053,#2017,#995,.T.);
#2597=EDGE_CURVE('',#2054,#2054,#996,.T.);
#2598=EDGE_CURVE('',#2055,#2056,#1398,.T.);
#2599=EDGE_CURVE('',#2056,#2057,#997,.T.);
#2600=EDGE_CURVE('',#2057,#2058,#1399,.T.);
#2601=EDGE_CURVE('',#2058,#2055,#998,.T.);
#2602=EDGE_CURVE('',#2059,#2059,#999,.T.);
#2603=EDGE_CURVE('',#2060,#2060,#1000,.T.);
#2604=EDGE_CURVE('',#2061,#2061,#1001,.T.);
#2605=EDGE_CURVE('',#2062,#2062,#1002,.T.);
#2606=EDGE_CURVE('',#2063,#2063,#1003,.T.);
#2607=EDGE_CURVE('',#2064,#2064,#1004,.T.);
#2608=EDGE_CURVE('',#2065,#2065,#1005,.T.);
#2609=EDGE_CURVE('',#2066,#2066,#1006,.T.);
#2610=EDGE_CURVE('',#2067,#2067,#1007,.T.);
#2611=EDGE_CURVE('',#2068,#2068,#1008,.T.);
#2612=EDGE_CURVE('',#2069,#2069,#1009,.T.);
#2613=EDGE_CURVE('',#2054,#2013,#1400,.T.);
#2614=EDGE_CURVE('',#2070,#2071,#1010,.T.);
#2615=EDGE_CURVE('',#2072,#2070,#1011,.T.);
#2616=EDGE_CURVE('',#2073,#2072,#1012,.T.);
#2617=EDGE_CURVE('',#2074,#2073,#1013,.T.);
#2618=EDGE_CURVE('',#2075,#2074,#1014,.T.);
#2619=EDGE_CURVE('',#2071,#2075,#1015,.T.);
#2620=EDGE_CURVE('',#2076,#2077,#1016,.T.);
#2621=EDGE_CURVE('',#2078,#2076,#1017,.T.);
#2622=EDGE_CURVE('',#2079,#2078,#1018,.T.);
#2623=EDGE_CURVE('',#2080,#2079,#1019,.T.);
#2624=EDGE_CURVE('',#2081,#2080,#1020,.T.);
#2625=EDGE_CURVE('',#2077,#2081,#1021,.T.);
#2626=EDGE_CURVE('',#2082,#2083,#1022,.T.);
#2627=EDGE_CURVE('',#2084,#2082,#1023,.T.);
#2628=EDGE_CURVE('',#2085,#2084,#1024,.T.);
#2629=EDGE_CURVE('',#2086,#2085,#1025,.T.);
#2630=EDGE_CURVE('',#2087,#2086,#1026,.T.);
#2631=EDGE_CURVE('',#2083,#2087,#1027,.T.);
#2632=EDGE_CURVE('',#2088,#2089,#1028,.T.);
#2633=EDGE_CURVE('',#2090,#2088,#1029,.T.);
#2634=EDGE_CURVE('',#2091,#2090,#1030,.T.);
#2635=EDGE_CURVE('',#2092,#2091,#1031,.T.);
#2636=EDGE_CURVE('',#2093,#2092,#1032,.T.);
#2637=EDGE_CURVE('',#2089,#2093,#1033,.T.);
#2638=EDGE_CURVE('',#2094,#2095,#1034,.T.);
#2639=EDGE_CURVE('',#2096,#2094,#1035,.T.);
#2640=EDGE_CURVE('',#2097,#2096,#1036,.T.);
#2641=EDGE_CURVE('',#2098,#2097,#1037,.T.);
#2642=EDGE_CURVE('',#2099,#2098,#1038,.T.);
#2643=EDGE_CURVE('',#2095,#2099,#1039,.T.);
#2644=EDGE_CURVE('',#2100,#2101,#1040,.T.);
#2645=EDGE_CURVE('',#2102,#2100,#1041,.T.);
#2646=EDGE_CURVE('',#2103,#2102,#1042,.T.);
#2647=EDGE_CURVE('',#2104,#2103,#1043,.T.);
#2648=EDGE_CURVE('',#2105,#2104,#1044,.T.);
#2649=EDGE_CURVE('',#2101,#2105,#1045,.T.);
#2650=EDGE_CURVE('',#2106,#2107,#1046,.T.);
#2651=EDGE_CURVE('',#2108,#2106,#1047,.T.);
#2652=EDGE_CURVE('',#2109,#2108,#1048,.T.);
#2653=EDGE_CURVE('',#2110,#2109,#1049,.T.);
#2654=EDGE_CURVE('',#2111,#2110,#1050,.T.);
#2655=EDGE_CURVE('',#2107,#2111,#1051,.T.);
#2656=EDGE_CURVE('',#2112,#2113,#1052,.T.);
#2657=EDGE_CURVE('',#2114,#2112,#1053,.T.);
#2658=EDGE_CURVE('',#2115,#2114,#1054,.T.);
#2659=EDGE_CURVE('',#2116,#2115,#1055,.T.);
#2660=EDGE_CURVE('',#2117,#2116,#1056,.T.);
#2661=EDGE_CURVE('',#2113,#2117,#1057,.T.);
#2662=EDGE_CURVE('',#2118,#2119,#1058,.T.);
#2663=EDGE_CURVE('',#2120,#2118,#1059,.T.);
#2664=EDGE_CURVE('',#2121,#2120,#1060,.T.);
#2665=EDGE_CURVE('',#2122,#2121,#1061,.T.);
#2666=EDGE_CURVE('',#2123,#2122,#1062,.T.);
#2667=EDGE_CURVE('',#2119,#2123,#1063,.T.);
#2668=EDGE_CURVE('',#2124,#2125,#1064,.T.);
#2669=EDGE_CURVE('',#2126,#2124,#1065,.T.);
#2670=EDGE_CURVE('',#2127,#2126,#1066,.T.);
#2671=EDGE_CURVE('',#2128,#2127,#1067,.T.);
#2672=EDGE_CURVE('',#2129,#2128,#1068,.T.);
#2673=EDGE_CURVE('',#2125,#2129,#1069,.T.);
#2674=EDGE_CURVE('',#2130,#2131,#1070,.T.);
#2675=EDGE_CURVE('',#2132,#2130,#1071,.T.);
#2676=EDGE_CURVE('',#2133,#2132,#1072,.T.);
#2677=EDGE_CURVE('',#2134,#2133,#1073,.T.);
#2678=EDGE_CURVE('',#2135,#2134,#1074,.T.);
#2679=EDGE_CURVE('',#2131,#2135,#1075,.T.);
#2680=EDGE_CURVE('',#2136,#2137,#1076,.T.);
#2681=EDGE_CURVE('',#2138,#2136,#1077,.T.);
#2682=EDGE_CURVE('',#2139,#2138,#1078,.T.);
#2683=EDGE_CURVE('',#2140,#2139,#1079,.T.);
#2684=EDGE_CURVE('',#2141,#2140,#1080,.T.);
#2685=EDGE_CURVE('',#2137,#2141,#1081,.T.);
#2686=EDGE_CURVE('',#2142,#2143,#1082,.T.);
#2687=EDGE_CURVE('',#2144,#2142,#1083,.T.);
#2688=EDGE_CURVE('',#2145,#2144,#1084,.T.);
#2689=EDGE_CURVE('',#2146,#2145,#1085,.T.);
#2690=EDGE_CURVE('',#2147,#2146,#1086,.T.);
#2691=EDGE_CURVE('',#2143,#2147,#1087,.T.);
#2692=EDGE_CURVE('',#2148,#2149,#1088,.T.);
#2693=EDGE_CURVE('',#2150,#2148,#1089,.T.);
#2694=EDGE_CURVE('',#2151,#2150,#1090,.T.);
#2695=EDGE_CURVE('',#2152,#2151,#1091,.T.);
#2696=EDGE_CURVE('',#2153,#2152,#1092,.T.);
#2697=EDGE_CURVE('',#2149,#2153,#1093,.T.);
#2698=EDGE_CURVE('',#2010,#2073,#1401,.T.);
#2699=EDGE_CURVE('',#2005,#2072,#1402,.T.);
#2700=EDGE_CURVE('',#2009,#2074,#1403,.T.);
#2701=EDGE_CURVE('',#2008,#2075,#1404,.T.);
#2702=EDGE_CURVE('',#2007,#2071,#1405,.T.);
#2703=EDGE_CURVE('',#2006,#2070,#1406,.T.);
#2704=EDGE_CURVE('',#2004,#2079,#1407,.T.);
#2705=EDGE_CURVE('',#1999,#2078,#1408,.T.);
#2706=EDGE_CURVE('',#2003,#2080,#1409,.T.);
#2707=EDGE_CURVE('',#2002,#2081,#1410,.T.);
#2708=EDGE_CURVE('',#2001,#2077,#1411,.T.);
#2709=EDGE_CURVE('',#2000,#2076,#1412,.T.);
#2710=EDGE_CURVE('',#2154,#2155,#1094,.T.);
#2711=EDGE_CURVE('',#2154,#2085,#1413,.T.);
#2712=EDGE_CURVE('',#2155,#2084,#1414,.T.);
#2713=EDGE_CURVE('',#2156,#2154,#1095,.T.);
#2714=EDGE_CURVE('',#2156,#2086,#1415,.T.);
#2715=EDGE_CURVE('',#2157,#2156,#1096,.T.);
#2716=EDGE_CURVE('',#2157,#2087,#1416,.T.);
#2717=EDGE_CURVE('',#2158,#2157,#1097,.T.);
#2718=EDGE_CURVE('',#2158,#2083,#1417,.T.);
#2719=EDGE_CURVE('',#2159,#2158,#1098,.T.);
#2720=EDGE_CURVE('',#2159,#2082,#1418,.T.);
#2721=EDGE_CURVE('',#2155,#2159,#1099,.T.);
#2722=EDGE_CURVE('',#2160,#2161,#1100,.T.);
#2723=EDGE_CURVE('',#2160,#2091,#1419,.T.);
#2724=EDGE_CURVE('',#2161,#2090,#1420,.T.);
#2725=EDGE_CURVE('',#2162,#2160,#1101,.T.);
#2726=EDGE_CURVE('',#2162,#2092,#1421,.T.);
#2727=EDGE_CURVE('',#2163,#2162,#1102,.T.);
#2728=EDGE_CURVE('',#2163,#2093,#1422,.T.);
#2729=EDGE_CURVE('',#2164,#2163,#1103,.T.);
#2730=EDGE_CURVE('',#2164,#2089,#1423,.T.);
#2731=EDGE_CURVE('',#2165,#2164,#1104,.T.);
#2732=EDGE_CURVE('',#2165,#2088,#1424,.T.);
#2733=EDGE_CURVE('',#2161,#2165,#1105,.T.);
#2734=EDGE_CURVE('',#2166,#2167,#1106,.T.);
#2735=EDGE_CURVE('',#2166,#2097,#1425,.T.);
#2736=EDGE_CURVE('',#2167,#2096,#1426,.T.);
#2737=EDGE_CURVE('',#2168,#2166,#1107,.T.);
#2738=EDGE_CURVE('',#2168,#2098,#1427,.T.);
#2739=EDGE_CURVE('',#2169,#2168,#1108,.T.);
#2740=EDGE_CURVE('',#2169,#2099,#1428,.T.);
#2741=EDGE_CURVE('',#2170,#2169,#1109,.T.);
#2742=EDGE_CURVE('',#2170,#2095,#1429,.T.);
#2743=EDGE_CURVE('',#2171,#2170,#1110,.T.);
#2744=EDGE_CURVE('',#2171,#2094,#1430,.T.);
#2745=EDGE_CURVE('',#2167,#2171,#1111,.T.);
#2746=EDGE_CURVE('',#2172,#2173,#1112,.T.);
#2747=EDGE_CURVE('',#2172,#2103,#1431,.T.);
#2748=EDGE_CURVE('',#2173,#2102,#1432,.T.);
#2749=EDGE_CURVE('',#2174,#2172,#1113,.T.);
#2750=EDGE_CURVE('',#2174,#2104,#1433,.T.);
#2751=EDGE_CURVE('',#2175,#2174,#1114,.T.);
#2752=EDGE_CURVE('',#2175,#2105,#1434,.T.);
#2753=EDGE_CURVE('',#2176,#2175,#1115,.T.);
#2754=EDGE_CURVE('',#2176,#2101,#1435,.T.);
#2755=EDGE_CURVE('',#2177,#2176,#1116,.T.);
#2756=EDGE_CURVE('',#2177,#2100,#1436,.T.);
#2757=EDGE_CURVE('',#2173,#2177,#1117,.T.);
#2758=EDGE_CURVE('',#2178,#2179,#1118,.T.);
#2759=EDGE_CURVE('',#2178,#2109,#1437,.T.);
#2760=EDGE_CURVE('',#2179,#2108,#1438,.T.);
#2761=EDGE_CURVE('',#2180,#2178,#1119,.T.);
#2762=EDGE_CURVE('',#2180,#2110,#1439,.T.);
#2763=EDGE_CURVE('',#2181,#2180,#1120,.T.);
#2764=EDGE_CURVE('',#2181,#2111,#1440,.T.);
#2765=EDGE_CURVE('',#2182,#2181,#1121,.T.);
#2766=EDGE_CURVE('',#2182,#2107,#1441,.T.);
#2767=EDGE_CURVE('',#2183,#2182,#1122,.T.);
#2768=EDGE_CURVE('',#2183,#2106,#1442,.T.);
#2769=EDGE_CURVE('',#2179,#2183,#1123,.T.);
#2770=EDGE_CURVE('',#2184,#2185,#1124,.T.);
#2771=EDGE_CURVE('',#2184,#2115,#1443,.T.);
#2772=EDGE_CURVE('',#2185,#2114,#1444,.T.);
#2773=EDGE_CURVE('',#2186,#2184,#1125,.T.);
#2774=EDGE_CURVE('',#2186,#2116,#1445,.T.);
#2775=EDGE_CURVE('',#2187,#2186,#1126,.T.);
#2776=EDGE_CURVE('',#2187,#2117,#1446,.T.);
#2777=EDGE_CURVE('',#2188,#2187,#1127,.T.);
#2778=EDGE_CURVE('',#2188,#2113,#1447,.T.);
#2779=EDGE_CURVE('',#2189,#2188,#1128,.T.);
#2780=EDGE_CURVE('',#2189,#2112,#1448,.T.);
#2781=EDGE_CURVE('',#2185,#2189,#1129,.T.);
#2782=EDGE_CURVE('',#2190,#2191,#1130,.T.);
#2783=EDGE_CURVE('',#2192,#2190,#1131,.T.);
#2784=EDGE_CURVE('',#2192,#2191,#1132,.T.);
#2785=EDGE_CURVE('',#2193,#2194,#1133,.T.);
#2786=EDGE_CURVE('',#2194,#2191,#1449,.T.);
#2787=EDGE_CURVE('',#2192,#2193,#1450,.T.);
#2788=EDGE_CURVE('',#2195,#2196,#1134,.T.);
#2789=EDGE_CURVE('',#2195,#2121,#1451,.T.);
#2790=EDGE_CURVE('',#2196,#2120,#1452,.T.);
#2791=EDGE_CURVE('',#2197,#2195,#1135,.T.);
#2792=EDGE_CURVE('',#2197,#2122,#1453,.T.);
#2793=EDGE_CURVE('',#2198,#2197,#1136,.T.);
#2794=EDGE_CURVE('',#2198,#2123,#1454,.T.);
#2795=EDGE_CURVE('',#2199,#2198,#1137,.T.);
#2796=EDGE_CURVE('',#2199,#2119,#1455,.T.);
#2797=EDGE_CURVE('',#2200,#2199,#1138,.T.);
#2798=EDGE_CURVE('',#2200,#2118,#1456,.T.);
#2799=EDGE_CURVE('',#2196,#2200,#1139,.T.);
#2800=EDGE_CURVE('',#2201,#2202,#1140,.T.);
#2801=EDGE_CURVE('',#2201,#2127,#1457,.T.);
#2802=EDGE_CURVE('',#2202,#2126,#1458,.T.);
#2803=EDGE_CURVE('',#2203,#2201,#1141,.T.);
#2804=EDGE_CURVE('',#2203,#2128,#1459,.T.);
#2805=EDGE_CURVE('',#2204,#2203,#1142,.T.);
#2806=EDGE_CURVE('',#2204,#2129,#1460,.T.);
#2807=EDGE_CURVE('',#2205,#2204,#1143,.T.);
#2808=EDGE_CURVE('',#2205,#2125,#1461,.T.);
#2809=EDGE_CURVE('',#2206,#2205,#1144,.T.);
#2810=EDGE_CURVE('',#2206,#2124,#1462,.T.);
#2811=EDGE_CURVE('',#2202,#2206,#1145,.T.);
#2812=EDGE_CURVE('',#2207,#2208,#1146,.T.);
#2813=EDGE_CURVE('',#2207,#2133,#1463,.T.);
#2814=EDGE_CURVE('',#2208,#2132,#1464,.T.);
#2815=EDGE_CURVE('',#2209,#2207,#1147,.T.);
#2816=EDGE_CURVE('',#2209,#2134,#1465,.T.);
#2817=EDGE_CURVE('',#2210,#2209,#1148,.T.);
#2818=EDGE_CURVE('',#2210,#2135,#1466,.T.);
#2819=EDGE_CURVE('',#2211,#2210,#1149,.T.);
#2820=EDGE_CURVE('',#2211,#2131,#1467,.T.);
#2821=EDGE_CURVE('',#2212,#2211,#1150,.T.);
#2822=EDGE_CURVE('',#2212,#2130,#1468,.T.);
#2823=EDGE_CURVE('',#2208,#2212,#1151,.T.);
#2824=EDGE_CURVE('',#2213,#2214,#1152,.T.);
#2825=EDGE_CURVE('',#2213,#2139,#1469,.T.);
#2826=EDGE_CURVE('',#2214,#2138,#1470,.T.);
#2827=EDGE_CURVE('',#2215,#2213,#1153,.T.);
#2828=EDGE_CURVE('',#2215,#2140,#1471,.T.);
#2829=EDGE_CURVE('',#2216,#2215,#1154,.T.);
#2830=EDGE_CURVE('',#2216,#2141,#1472,.T.);
#2831=EDGE_CURVE('',#2217,#2216,#1155,.T.);
#2832=EDGE_CURVE('',#2217,#2137,#1473,.T.);
#2833=EDGE_CURVE('',#2218,#2217,#1156,.T.);
#2834=EDGE_CURVE('',#2218,#2136,#1474,.T.);
#2835=EDGE_CURVE('',#2214,#2218,#1157,.T.);
#2836=EDGE_CURVE('',#2219,#2220,#1158,.T.);
#2837=EDGE_CURVE('',#2219,#2145,#1475,.T.);
#2838=EDGE_CURVE('',#2220,#2144,#1476,.T.);
#2839=EDGE_CURVE('',#2221,#2219,#1159,.T.);
#2840=EDGE_CURVE('',#2221,#2146,#1477,.T.);
#2841=EDGE_CURVE('',#2222,#2221,#1160,.T.);
#2842=EDGE_CURVE('',#2222,#2147,#1478,.T.);
#2843=EDGE_CURVE('',#2223,#2222,#1161,.T.);
#2844=EDGE_CURVE('',#2223,#2143,#1479,.T.);
#2845=EDGE_CURVE('',#2224,#2223,#1162,.T.);
#2846=EDGE_CURVE('',#2224,#2142,#1480,.T.);
#2847=EDGE_CURVE('',#2220,#2224,#1163,.T.);
#2848=EDGE_CURVE('',#2225,#2226,#1164,.T.);
#2849=EDGE_CURVE('',#2225,#2151,#1481,.T.);
#2850=EDGE_CURVE('',#2226,#2150,#1482,.T.);
#2851=EDGE_CURVE('',#2227,#2225,#1165,.T.);
#2852=EDGE_CURVE('',#2227,#2152,#1483,.T.);
#2853=EDGE_CURVE('',#2228,#2227,#1166,.T.);
#2854=EDGE_CURVE('',#2228,#2153,#1484,.T.);
#2855=EDGE_CURVE('',#2229,#2228,#1167,.T.);
#2856=EDGE_CURVE('',#2229,#2149,#1485,.T.);
#2857=EDGE_CURVE('',#2230,#2229,#1168,.T.);
#2858=EDGE_CURVE('',#2230,#2148,#1486,.T.);
#2859=EDGE_CURVE('',#2226,#2230,#1169,.T.);
#2860=EDGE_CURVE('',#2231,#2232,#1170,.T.);
#2861=EDGE_CURVE('',#2233,#2231,#1487,.T.);
#2862=EDGE_CURVE('',#2233,#2234,#1171,.T.);
#2863=EDGE_CURVE('',#2234,#2232,#1488,.T.);
#2864=EDGE_CURVE('',#2235,#2236,#1172,.T.);
#2865=EDGE_CURVE('',#2235,#1996,#1489,.T.);
#2866=EDGE_CURVE('',#2236,#1995,#1490,.T.);
#2867=EDGE_CURVE('',#2237,#2238,#1173,.T.);
#2868=EDGE_CURVE('',#1998,#2237,#1491,.T.);
#2869=EDGE_CURVE('',#1997,#2238,#1492,.T.);
#2870=EDGE_CURVE('',#2239,#2240,#1174,.T.);
#2871=EDGE_CURVE('',#2239,#2241,#1493,.T.);
#2872=EDGE_CURVE('',#2241,#2242,#1175,.T.);
#2873=EDGE_CURVE('',#2240,#2242,#1494,.T.);
#2874=EDGE_CURVE('',#2243,#2244,#1176,.T.);
#2875=EDGE_CURVE('',#2244,#2245,#1495,.T.);
#2876=EDGE_CURVE('',#2246,#2245,#1177,.T.);
#2877=EDGE_CURVE('',#2246,#2243,#1496,.T.);
#2878=EDGE_CURVE('',#2247,#2248,#1178,.T.);
#2879=EDGE_CURVE('',#2249,#2247,#1497,.T.);
#2880=EDGE_CURVE('',#2249,#2250,#1179,.T.);
#2881=EDGE_CURVE('',#2250,#2248,#1498,.T.);
#2882=EDGE_CURVE('',#1983,#2242,#1180,.T.);
#2883=EDGE_CURVE('',#2241,#2244,#1181,.T.);
#2884=EDGE_CURVE('',#2243,#2250,#1182,.T.);
#2885=EDGE_CURVE('',#2251,#2249,#1183,.T.);
#2886=EDGE_CURVE('',#2251,#1980,#1499,.T.);
#2887=EDGE_CURVE('',#2252,#2253,#1184,.T.);
#2888=EDGE_CURVE('',#2252,#2254,#1500,.T.);
#2889=EDGE_CURVE('',#2255,#2254,#1185,.F.);
#2890=EDGE_CURVE('',#2253,#2255,#1501,.T.);
#2891=EDGE_CURVE('',#2256,#2257,#1186,.T.);
#2892=EDGE_CURVE('',#2257,#2258,#1502,.T.);
#2893=EDGE_CURVE('',#2259,#2258,#1187,.T.);
#2894=EDGE_CURVE('',#2259,#2256,#1503,.T.);
#2895=EDGE_CURVE('',#2260,#2261,#1188,.T.);
#2896=EDGE_CURVE('',#2262,#2260,#1504,.T.);
#2897=EDGE_CURVE('',#2262,#2263,#1189,.T.);
#2898=EDGE_CURVE('',#2263,#2261,#1505,.T.);
#2899=EDGE_CURVE('',#1962,#2255,#1190,.T.);
#2900=EDGE_CURVE('',#2254,#2257,#1191,.T.);
#2901=EDGE_CURVE('',#2256,#2263,#1192,.T.);
#2902=EDGE_CURVE('',#1972,#2262,#1193,.T.);
#2903=EDGE_CURVE('',#2264,#2264,#1194,.T.);
#2904=EDGE_CURVE('',#2264,#2265,#1506,.T.);
#2905=EDGE_CURVE('',#2265,#2265,#1195,.T.);
#2906=EDGE_CURVE('',#2266,#2266,#1196,.T.);
#2907=EDGE_CURVE('',#2266,#2267,#1507,.T.);
#2908=EDGE_CURVE('',#2267,#2267,#1197,.T.);
#2909=EDGE_CURVE('',#2268,#2268,#1198,.T.);
#2910=EDGE_CURVE('',#2268,#2269,#1508,.T.);
#2911=EDGE_CURVE('',#2269,#2269,#1199,.T.);
#2912=EDGE_CURVE('',#2270,#2270,#1200,.T.);
#2913=EDGE_CURVE('',#2270,#2271,#1509,.T.);
#2914=EDGE_CURVE('',#2271,#2271,#1201,.T.);
#2915=EDGE_CURVE('',#2272,#2272,#1202,.T.);
#2916=EDGE_CURVE('',#2272,#2273,#1510,.T.);
#2917=EDGE_CURVE('',#2273,#2273,#1203,.T.);
#2918=EDGE_CURVE('',#2274,#2274,#1204,.T.);
#2919=EDGE_CURVE('',#2274,#2275,#1511,.T.);
#2920=EDGE_CURVE('',#2275,#2275,#1205,.T.);
#2921=EDGE_CURVE('',#2276,#2276,#1206,.T.);
#2922=EDGE_CURVE('',#2276,#2277,#1512,.T.);
#2923=EDGE_CURVE('',#2277,#2277,#1207,.T.);
#2924=EDGE_CURVE('',#2278,#2278,#1208,.T.);
#2925=EDGE_CURVE('',#2278,#2279,#1513,.T.);
#2926=EDGE_CURVE('',#2279,#2279,#1209,.T.);
#2927=EDGE_CURVE('',#2280,#2280,#1210,.T.);
#2928=EDGE_CURVE('',#2280,#2281,#1514,.T.);
#2929=EDGE_CURVE('',#2281,#2281,#1211,.T.);
#2930=EDGE_CURVE('',#2282,#2282,#1212,.T.);
#2931=EDGE_CURVE('',#2282,#2283,#1515,.T.);
#2932=EDGE_CURVE('',#2283,#2283,#1213,.T.);
#2933=EDGE_CURVE('',#2284,#2284,#1214,.T.);
#2934=EDGE_CURVE('',#2284,#2285,#1516,.T.);
#2935=EDGE_CURVE('',#2285,#2285,#1215,.T.);
#2936=EDGE_CURVE('',#2286,#2286,#1216,.T.);
#2937=EDGE_CURVE('',#2286,#2287,#1517,.T.);
#2938=EDGE_CURVE('',#2287,#2287,#1217,.T.);
#2939=EDGE_CURVE('',#2288,#2288,#1218,.T.);
#2940=EDGE_CURVE('',#2288,#2289,#1518,.T.);
#2941=EDGE_CURVE('',#2289,#2289,#1219,.T.);
#2942=EDGE_CURVE('',#1978,#2290,#1220,.T.);
#2943=EDGE_CURVE('',#2291,#2290,#1221,.T.);
#2944=EDGE_CURVE('',#2291,#2194,#1222,.T.);
#2945=EDGE_CURVE('',#2193,#2234,#1223,.T.);
#2946=EDGE_CURVE('',#2292,#2233,#1224,.T.);
#2947=EDGE_CURVE('',#2292,#1975,#1519,.T.);
#2948=EDGE_CURVE('',#2293,#2294,#1225,.T.);
#2949=EDGE_CURVE('',#2293,#2291,#1520,.T.);
#2950=EDGE_CURVE('',#2294,#2290,#1521,.T.);
#2951=EDGE_CURVE('',#2191,#2295,#1226,.T.);
#2952=EDGE_CURVE('',#2295,#2293,#1839,.T.);
#2953=EDGE_CURVE('',#2294,#2296,#1227,.T.);
#2954=EDGE_CURVE('',#2293,#2296,#1228,.T.);
#2955=EDGE_CURVE('',#2295,#2297,#1229,.T.);
#2956=EDGE_CURVE('',#2297,#2190,#1230,.T.);
#2957=EDGE_CURVE('',#2190,#2298,#1231,.T.);
#2958=EDGE_CURVE('',#2299,#2298,#1232,.T.);
#2959=EDGE_CURVE('',#2299,#2192,#1233,.T.);
#2960=EDGE_CURVE('',#2232,#2299,#1840,.T.);
#2961=EDGE_CURVE('',#2300,#2232,#1234,.T.);
#2962=EDGE_CURVE('',#2231,#2300,#1235,.T.);
#2963=EDGE_CURVE('',#2301,#2302,#1522,.T.);
#2964=EDGE_CURVE('',#2303,#2301,#1236,.T.);
#2965=EDGE_CURVE('',#2304,#2303,#1523,.T.);
#2966=EDGE_CURVE('',#2302,#2304,#1237,.T.);
#2967=EDGE_CURVE('',#2305,#2305,#1238,.T.);
#2968=EDGE_CURVE('',#2306,#2306,#1239,.T.);
#2969=EDGE_CURVE('',#2307,#2307,#1240,.T.);
#2970=EDGE_CURVE('',#2308,#2308,#1241,.T.);
#2971=EDGE_CURVE('',#2309,#2309,#1242,.T.);
#2972=EDGE_CURVE('',#2310,#2310,#1243,.T.);
#2973=EDGE_CURVE('',#2311,#2311,#1244,.T.);
#2974=EDGE_CURVE('',#2312,#2312,#1245,.T.);
#2975=EDGE_CURVE('',#2313,#2313,#1246,.T.);
#2976=EDGE_CURVE('',#2314,#2314,#1247,.T.);
#2977=EDGE_CURVE('',#2315,#2315,#1248,.T.);
#2978=EDGE_CURVE('',#2316,#2316,#1249,.T.);
#2979=EDGE_CURVE('',#2317,#2231,#1841,.T.);
#2980=EDGE_CURVE('',#2318,#2317,#1250,.T.);
#2981=EDGE_CURVE('',#2318,#2292,#1524,.T.);
#2982=EDGE_CURVE('',#2319,#2318,#1525,.T.);
#2983=EDGE_CURVE('',#1915,#2319,#1526,.T.);
#2984=EDGE_CURVE('',#2320,#2319,#1251,.T.);
#2985=EDGE_CURVE('',#2320,#1918,#1527,.T.);
#2986=EDGE_CURVE('',#1897,#2321,#1528,.T.);
#2987=EDGE_CURVE('',#1984,#2321,#1252,.T.);
#2988=EDGE_CURVE('',#2236,#1985,#1253,.T.);
#2989=EDGE_CURVE('',#2044,#2236,#1254,.T.);
#2990=EDGE_CURVE('',#2235,#2044,#1255,.T.);
#2991=EDGE_CURVE('',#1993,#2235,#1256,.T.);
#2992=EDGE_CURVE('',#2043,#1993,#1257,.T.);
#2993=EDGE_CURVE('',#1994,#2043,#1258,.T.);
#2994=EDGE_CURVE('',#2238,#1994,#1259,.T.);
#2995=EDGE_CURVE('',#1989,#2237,#1260,.T.);
#2996=EDGE_CURVE('',#2042,#2238,#1261,.T.);
#2997=EDGE_CURVE('',#2237,#2042,#1262,.T.);
#2998=EDGE_CURVE('',#2322,#1990,#1263,.T.);
#2999=EDGE_CURVE('',#2322,#1893,#1529,.T.);
#3000=EDGE_CURVE('',#2322,#2323,#1842,.F.);
#3001=EDGE_CURVE('',#2324,#2323,#1530,.T.);
#3002=EDGE_CURVE('',#2324,#2325,#1264,.T.);
#3003=EDGE_CURVE('',#2325,#2326,#1531,.T.);
#3004=EDGE_CURVE('',#2321,#2326,#1843,.T.);
#3005=EDGE_CURVE('',#1872,#2327,#1532,.T.);
#3006=EDGE_CURVE('',#1981,#2327,#1265,.T.);
#3007=EDGE_CURVE('',#2240,#1982,#1266,.T.);
#3008=EDGE_CURVE('',#2035,#2240,#1267,.T.);
#3009=EDGE_CURVE('',#2239,#2035,#1268,.T.);
#3010=EDGE_CURVE('',#2245,#2239,#1269,.T.);
#3011=EDGE_CURVE('',#2034,#2245,#1270,.T.);
#3012=EDGE_CURVE('',#2246,#2034,#1271,.T.);
#3013=EDGE_CURVE('',#2248,#2246,#1272,.T.);
#3014=EDGE_CURVE('',#2328,#2247,#1273,.T.);
#3015=EDGE_CURVE('',#2328,#2251,#1533,.T.);
#3016=EDGE_CURVE('',#2033,#2248,#1274,.T.);
#3017=EDGE_CURVE('',#2247,#2033,#1275,.T.);
#3018=EDGE_CURVE('',#2329,#2328,#1534,.T.);
#3019=EDGE_CURVE('',#1865,#2329,#1535,.T.);
#3020=EDGE_CURVE('',#2330,#2329,#1276,.T.);
#3021=EDGE_CURVE('',#2330,#1868,#1536,.T.);
#3022=EDGE_CURVE('',#2330,#2331,#1844,.F.);
#3023=EDGE_CURVE('',#2332,#2331,#1537,.T.);
#3024=EDGE_CURVE('',#2332,#2333,#1277,.T.);
#3025=EDGE_CURVE('',#2333,#2334,#1538,.T.);
#3026=EDGE_CURVE('',#2327,#2334,#1845,.T.);
#3027=EDGE_CURVE('',#2253,#1961,#1278,.T.);
#3028=EDGE_CURVE('',#2026,#2253,#1279,.T.);
#3029=EDGE_CURVE('',#2252,#2026,#1280,.T.);
#3030=EDGE_CURVE('',#2258,#2252,#1281,.T.);
#3031=EDGE_CURVE('',#2025,#2258,#1282,.T.);
#3032=EDGE_CURVE('',#2259,#2025,#1283,.T.);
#3033=EDGE_CURVE('',#2261,#2259,#1284,.T.);
#3034=EDGE_CURVE('',#1973,#2260,#1285,.T.);
#3035=EDGE_CURVE('',#2024,#2261,#1286,.T.);
#3036=EDGE_CURVE('',#2260,#2024,#1287,.T.);
#3037=EDGE_CURVE('',#2335,#1967,#1539,.T.);
#3038=EDGE_CURVE('',#2336,#2335,#1288,.T.);
#3039=EDGE_CURVE('',#2325,#2336,#1540,.T.);
#3040=EDGE_CURVE('',#2333,#2324,#1541,.T.);
#3041=EDGE_CURVE('',#1968,#2332,#1542,.T.);
#3042=EDGE_CURVE('',#2337,#2337,#1289,.T.);
#3043=EDGE_CURVE('',#2320,#2338,#1846,.F.);
#3044=EDGE_CURVE('',#2336,#2338,#1543,.T.);
#3045=EDGE_CURVE('',#2335,#2339,#1544,.T.);
#3046=EDGE_CURVE('',#2340,#2339,#1847,.T.);
#3047=EDGE_CURVE('',#1922,#2340,#1545,.T.);
#3048=EDGE_CURVE('',#1976,#2340,#1290,.T.);
#3049=EDGE_CURVE('',#2341,#1977,#1291,.T.);
#3050=EDGE_CURVE('',#2294,#2341,#1848,.T.);
#3051=EDGE_CURVE('',#2016,#2341,#1292,.T.);
#3052=EDGE_CURVE('',#2016,#2296,#1849,.T.);
#3053=EDGE_CURVE('',#2296,#2297,#1850,.T.);
#3054=EDGE_CURVE('',#2298,#2297,#1293,.T.);
#3055=EDGE_CURVE('',#2298,#2300,#1851,.T.);
#3056=EDGE_CURVE('',#2300,#2051,#1852,.T.);
#3057=EDGE_CURVE('',#2317,#2051,#1294,.T.);
#3058=EDGE_CURVE('',#2342,#2342,#1295,.T.);
#3059=EDGE_CURVE('',#2342,#2337,#1546,.T.);
#3060=EDGE_CURVE('',#2055,#2301,#1547,.T.);
#3061=EDGE_CURVE('',#2056,#2302,#1548,.T.);
#3062=EDGE_CURVE('',#2058,#2303,#1549,.T.);
#3063=EDGE_CURVE('',#2057,#2304,#1550,.T.);
#3064=EDGE_CURVE('',#2069,#2305,#1551,.T.);
#3065=EDGE_CURVE('',#2068,#2306,#1552,.T.);
#3066=EDGE_CURVE('',#2067,#2307,#1553,.T.);
#3067=EDGE_CURVE('',#2066,#2308,#1554,.T.);
#3068=EDGE_CURVE('',#2065,#2309,#1555,.T.);
#3069=EDGE_CURVE('',#2064,#2310,#1556,.T.);
#3070=EDGE_CURVE('',#2063,#2311,#1557,.T.);
#3071=EDGE_CURVE('',#2062,#2312,#1558,.T.);
#3072=EDGE_CURVE('',#2061,#2313,#1559,.T.);
#3073=EDGE_CURVE('',#2060,#2314,#1560,.T.);
#3074=EDGE_CURVE('',#2059,#2315,#1561,.T.);
#3075=EDGE_CURVE('',#2017,#2343,#1853,.T.);
#3076=EDGE_CURVE('',#2053,#2316,#1562,.T.);
#3077=EDGE_CURVE('',#2343,#2052,#1854,.T.);
#3078=EDGE_CURVE('',#2318,#2050,#1296,.T.);
#3079=EDGE_CURVE('',#2319,#2049,#1297,.T.);
#3080=EDGE_CURVE('',#2048,#2338,#1855,.T.);
#3081=EDGE_CURVE('',#2047,#2326,#1856,.F.);
#3082=EDGE_CURVE('',#1984,#2046,#1298,.T.);
#3083=EDGE_CURVE('',#1985,#2045,#1299,.T.);
#3084=EDGE_CURVE('',#1989,#2041,#1300,.T.);
#3085=EDGE_CURVE('',#1990,#2040,#1301,.T.);
#3086=EDGE_CURVE('',#2039,#2323,#1857,.T.);
#3087=EDGE_CURVE('',#2038,#2334,#1858,.F.);
#3088=EDGE_CURVE('',#2037,#1981,#1302,.T.);
#3089=EDGE_CURVE('',#2036,#1982,#1303,.T.);
#3090=EDGE_CURVE('',#2032,#2328,#1304,.T.);
#3091=EDGE_CURVE('',#2031,#2329,#1305,.T.);
#3092=EDGE_CURVE('',#2030,#2331,#1859,.T.);
#3093=EDGE_CURVE('',#2029,#1969,#1860,.F.);
#3094=EDGE_CURVE('',#1960,#2028,#1306,.T.);
#3095=EDGE_CURVE('',#1961,#2027,#1307,.T.);
#3096=EDGE_CURVE('',#1973,#2023,#1308,.T.);
#3097=EDGE_CURVE('',#1970,#2022,#1309,.T.);
#3098=EDGE_CURVE('',#2021,#1966,#1861,.T.);
#3099=EDGE_CURVE('',#2020,#2339,#1862,.F.);
#3100=EDGE_CURVE('',#1976,#2019,#1310,.T.);
#3101=EDGE_CURVE('',#1977,#2018,#1311,.T.);
#3102=EDGE_CURVE('',#2343,#2342,#1312,.T.);
#3103=ORIENTED_EDGE('',*,*,#2344,.T.);
#3104=ORIENTED_EDGE('',*,*,#2345,.T.);
#3105=ORIENTED_EDGE('',*,*,#2346,.T.);
#3106=ORIENTED_EDGE('',*,*,#2347,.T.);
#3107=ORIENTED_EDGE('',*,*,#2348,.T.);
#3108=ORIENTED_EDGE('',*,*,#2349,.T.);
#3109=ORIENTED_EDGE('',*,*,#2350,.T.);
#3110=ORIENTED_EDGE('',*,*,#2346,.F.);
#3111=ORIENTED_EDGE('',*,*,#2351,.T.);
#3112=ORIENTED_EDGE('',*,*,#2352,.T.);
#3113=ORIENTED_EDGE('',*,*,#2353,.T.);
#3114=ORIENTED_EDGE('',*,*,#2349,.F.);
#3115=ORIENTED_EDGE('',*,*,#2354,.T.);
#3116=ORIENTED_EDGE('',*,*,#2355,.T.);
#3117=ORIENTED_EDGE('',*,*,#2356,.T.);
#3118=ORIENTED_EDGE('',*,*,#2357,.T.);
#3119=ORIENTED_EDGE('',*,*,#2358,.T.);
#3120=ORIENTED_EDGE('',*,*,#2359,.T.);
#3121=ORIENTED_EDGE('',*,*,#2360,.T.);
#3122=ORIENTED_EDGE('',*,*,#2355,.F.);
#3123=ORIENTED_EDGE('',*,*,#2361,.T.);
#3124=ORIENTED_EDGE('',*,*,#2362,.T.);
#3125=ORIENTED_EDGE('',*,*,#2363,.T.);
#3126=ORIENTED_EDGE('',*,*,#2359,.F.);
#3127=ORIENTED_EDGE('',*,*,#2364,.T.);
#3128=ORIENTED_EDGE('',*,*,#2365,.T.);
#3129=ORIENTED_EDGE('',*,*,#2352,.F.);
#3130=ORIENTED_EDGE('',*,*,#2366,.F.);
#3131=ORIENTED_EDGE('',*,*,#2367,.F.);
#3132=ORIENTED_EDGE('',*,*,#2368,.F.);
#3133=ORIENTED_EDGE('',*,*,#2369,.F.);
#3134=ORIENTED_EDGE('',*,*,#2348,.F.);
#3135=ORIENTED_EDGE('',*,*,#2370,.F.);
#3136=ORIENTED_EDGE('',*,*,#2356,.F.);
#3137=ORIENTED_EDGE('',*,*,#2360,.F.);
#3138=ORIENTED_EDGE('',*,*,#2363,.F.);
#3139=ORIENTED_EDGE('',*,*,#2371,.T.);
#3140=ORIENTED_EDGE('',*,*,#2358,.F.);
#3141=ORIENTED_EDGE('',*,*,#2372,.T.);
#3142=ORIENTED_EDGE('',*,*,#2373,.F.);
#3143=ORIENTED_EDGE('',*,*,#2366,.T.);
#3144=ORIENTED_EDGE('',*,*,#2357,.F.);
#3145=ORIENTED_EDGE('',*,*,#2371,.F.);
#3146=ORIENTED_EDGE('',*,*,#2362,.F.);
#3147=ORIENTED_EDGE('',*,*,#2374,.F.);
#3148=ORIENTED_EDGE('',*,*,#2375,.F.);
#3149=ORIENTED_EDGE('',*,*,#2376,.F.);
#3150=ORIENTED_EDGE('',*,*,#2372,.F.);
#3151=ORIENTED_EDGE('',*,*,#2365,.F.);
#3152=ORIENTED_EDGE('',*,*,#2377,.T.);
#3153=ORIENTED_EDGE('',*,*,#2378,.T.);
#3154=ORIENTED_EDGE('',*,*,#2374,.T.);
#3155=ORIENTED_EDGE('',*,*,#2379,.T.);
#3156=ORIENTED_EDGE('',*,*,#2380,.T.);
#3157=ORIENTED_EDGE('',*,*,#2381,.T.);
#3158=ORIENTED_EDGE('',*,*,#2382,.T.);
#3159=ORIENTED_EDGE('',*,*,#2383,.T.);
#3160=ORIENTED_EDGE('',*,*,#2384,.T.);
#3161=ORIENTED_EDGE('',*,*,#2385,.T.);
#3162=ORIENTED_EDGE('',*,*,#2381,.F.);
#3163=ORIENTED_EDGE('',*,*,#2386,.T.);
#3164=ORIENTED_EDGE('',*,*,#2387,.T.);
#3165=ORIENTED_EDGE('',*,*,#2388,.T.);
#3166=ORIENTED_EDGE('',*,*,#2384,.F.);
#3167=ORIENTED_EDGE('',*,*,#2389,.T.);
#3168=ORIENTED_EDGE('',*,*,#2390,.T.);
#3169=ORIENTED_EDGE('',*,*,#2391,.T.);
#3170=ORIENTED_EDGE('',*,*,#2392,.T.);
#3171=ORIENTED_EDGE('',*,*,#2393,.T.);
#3172=ORIENTED_EDGE('',*,*,#2394,.T.);
#3173=ORIENTED_EDGE('',*,*,#2395,.T.);
#3174=ORIENTED_EDGE('',*,*,#2390,.F.);
#3175=ORIENTED_EDGE('',*,*,#2396,.T.);
#3176=ORIENTED_EDGE('',*,*,#2397,.T.);
#3177=ORIENTED_EDGE('',*,*,#2398,.T.);
#3178=ORIENTED_EDGE('',*,*,#2394,.F.);
#3179=ORIENTED_EDGE('',*,*,#2399,.T.);
#3180=ORIENTED_EDGE('',*,*,#2400,.T.);
#3181=ORIENTED_EDGE('',*,*,#2387,.F.);
#3182=ORIENTED_EDGE('',*,*,#2401,.F.);
#3183=ORIENTED_EDGE('',*,*,#2402,.F.);
#3184=ORIENTED_EDGE('',*,*,#2403,.F.);
#3185=ORIENTED_EDGE('',*,*,#2404,.F.);
#3186=ORIENTED_EDGE('',*,*,#2383,.F.);
#3187=ORIENTED_EDGE('',*,*,#2405,.F.);
#3188=ORIENTED_EDGE('',*,*,#2391,.F.);
#3189=ORIENTED_EDGE('',*,*,#2395,.F.);
#3190=ORIENTED_EDGE('',*,*,#2398,.F.);
#3191=ORIENTED_EDGE('',*,*,#2406,.T.);
#3192=ORIENTED_EDGE('',*,*,#2393,.F.);
#3193=ORIENTED_EDGE('',*,*,#2407,.T.);
#3194=ORIENTED_EDGE('',*,*,#2408,.F.);
#3195=ORIENTED_EDGE('',*,*,#2401,.T.);
#3196=ORIENTED_EDGE('',*,*,#2392,.F.);
#3197=ORIENTED_EDGE('',*,*,#2406,.F.);
#3198=ORIENTED_EDGE('',*,*,#2397,.F.);
#3199=ORIENTED_EDGE('',*,*,#2409,.F.);
#3200=ORIENTED_EDGE('',*,*,#2410,.F.);
#3201=ORIENTED_EDGE('',*,*,#2411,.F.);
#3202=ORIENTED_EDGE('',*,*,#2407,.F.);
#3203=ORIENTED_EDGE('',*,*,#2400,.F.);
#3204=ORIENTED_EDGE('',*,*,#2412,.T.);
#3205=ORIENTED_EDGE('',*,*,#2413,.T.);
#3206=ORIENTED_EDGE('',*,*,#2409,.T.);
#3207=ORIENTED_EDGE('',*,*,#2414,.T.);
#3208=ORIENTED_EDGE('',*,*,#2415,.T.);
#3209=ORIENTED_EDGE('',*,*,#2416,.T.);
#3210=ORIENTED_EDGE('',*,*,#2417,.T.);
#3211=ORIENTED_EDGE('',*,*,#2418,.T.);
#3212=ORIENTED_EDGE('',*,*,#2419,.T.);
#3213=ORIENTED_EDGE('',*,*,#2420,.T.);
#3214=ORIENTED_EDGE('',*,*,#2416,.F.);
#3215=ORIENTED_EDGE('',*,*,#2421,.T.);
#3216=ORIENTED_EDGE('',*,*,#2422,.T.);
#3217=ORIENTED_EDGE('',*,*,#2423,.T.);
#3218=ORIENTED_EDGE('',*,*,#2419,.F.);
#3219=ORIENTED_EDGE('',*,*,#2424,.T.);
#3220=ORIENTED_EDGE('',*,*,#2425,.T.);
#3221=ORIENTED_EDGE('',*,*,#2426,.T.);
#3222=ORIENTED_EDGE('',*,*,#2427,.T.);
#3223=ORIENTED_EDGE('',*,*,#2428,.T.);
#3224=ORIENTED_EDGE('',*,*,#2429,.T.);
#3225=ORIENTED_EDGE('',*,*,#2430,.T.);
#3226=ORIENTED_EDGE('',*,*,#2425,.F.);
#3227=ORIENTED_EDGE('',*,*,#2431,.T.);
#3228=ORIENTED_EDGE('',*,*,#2432,.T.);
#3229=ORIENTED_EDGE('',*,*,#2433,.T.);
#3230=ORIENTED_EDGE('',*,*,#2429,.F.);
#3231=ORIENTED_EDGE('',*,*,#2434,.T.);
#3232=ORIENTED_EDGE('',*,*,#2435,.T.);
#3233=ORIENTED_EDGE('',*,*,#2422,.F.);
#3234=ORIENTED_EDGE('',*,*,#2436,.F.);
#3235=ORIENTED_EDGE('',*,*,#2437,.F.);
#3236=ORIENTED_EDGE('',*,*,#2438,.F.);
#3237=ORIENTED_EDGE('',*,*,#2439,.F.);
#3238=ORIENTED_EDGE('',*,*,#2418,.F.);
#3239=ORIENTED_EDGE('',*,*,#2440,.F.);
#3240=ORIENTED_EDGE('',*,*,#2426,.F.);
#3241=ORIENTED_EDGE('',*,*,#2430,.F.);
#3242=ORIENTED_EDGE('',*,*,#2433,.F.);
#3243=ORIENTED_EDGE('',*,*,#2441,.T.);
#3244=ORIENTED_EDGE('',*,*,#2428,.F.);
#3245=ORIENTED_EDGE('',*,*,#2442,.T.);
#3246=ORIENTED_EDGE('',*,*,#2443,.F.);
#3247=ORIENTED_EDGE('',*,*,#2436,.T.);
#3248=ORIENTED_EDGE('',*,*,#2427,.F.);
#3249=ORIENTED_EDGE('',*,*,#2441,.F.);
#3250=ORIENTED_EDGE('',*,*,#2432,.F.);
#3251=ORIENTED_EDGE('',*,*,#2444,.F.);
#3252=ORIENTED_EDGE('',*,*,#2445,.F.);
#3253=ORIENTED_EDGE('',*,*,#2446,.F.);
#3254=ORIENTED_EDGE('',*,*,#2442,.F.);
#3255=ORIENTED_EDGE('',*,*,#2435,.F.);
#3256=ORIENTED_EDGE('',*,*,#2447,.T.);
#3257=ORIENTED_EDGE('',*,*,#2448,.T.);
#3258=ORIENTED_EDGE('',*,*,#2444,.T.);
#3259=ORIENTED_EDGE('',*,*,#2449,.T.);
#3260=ORIENTED_EDGE('',*,*,#2450,.T.);
#3261=ORIENTED_EDGE('',*,*,#2451,.T.);
#3262=ORIENTED_EDGE('',*,*,#2452,.T.);
#3263=ORIENTED_EDGE('',*,*,#2453,.T.);
#3264=ORIENTED_EDGE('',*,*,#2454,.T.);
#3265=ORIENTED_EDGE('',*,*,#2451,.F.);
#3266=ORIENTED_EDGE('',*,*,#2455,.T.);
#3267=ORIENTED_EDGE('',*,*,#2456,.T.);
#3268=ORIENTED_EDGE('',*,*,#2457,.T.);
#3269=ORIENTED_EDGE('',*,*,#2458,.T.);
#3270=ORIENTED_EDGE('',*,*,#2459,.T.);
#3271=ORIENTED_EDGE('',*,*,#2460,.T.);
#3272=ORIENTED_EDGE('',*,*,#2461,.T.);
#3273=ORIENTED_EDGE('',*,*,#2456,.F.);
#3274=ORIENTED_EDGE('',*,*,#2462,.T.);
#3275=ORIENTED_EDGE('',*,*,#2463,.T.);
#3276=ORIENTED_EDGE('',*,*,#2464,.T.);
#3277=ORIENTED_EDGE('',*,*,#2460,.F.);
#3278=ORIENTED_EDGE('',*,*,#2465,.T.);
#3279=ORIENTED_EDGE('',*,*,#2466,.T.);
#3280=ORIENTED_EDGE('',*,*,#2467,.T.);
#3281=ORIENTED_EDGE('',*,*,#2468,.T.);
#3282=ORIENTED_EDGE('',*,*,#2449,.F.);
#3283=ORIENTED_EDGE('',*,*,#2469,.T.);
#3284=ORIENTED_EDGE('',*,*,#2470,.T.);
#3285=ORIENTED_EDGE('',*,*,#2463,.F.);
#3286=ORIENTED_EDGE('',*,*,#2471,.F.);
#3287=ORIENTED_EDGE('',*,*,#2472,.F.);
#3288=ORIENTED_EDGE('',*,*,#2473,.F.);
#3289=ORIENTED_EDGE('',*,*,#2474,.F.);
#3290=ORIENTED_EDGE('',*,*,#2458,.F.);
#3291=ORIENTED_EDGE('',*,*,#2475,.F.);
#3292=ORIENTED_EDGE('',*,*,#2466,.F.);
#3293=ORIENTED_EDGE('',*,*,#2476,.T.);
#3294=ORIENTED_EDGE('',*,*,#2477,.T.);
#3295=ORIENTED_EDGE('',*,*,#2471,.T.);
#3296=ORIENTED_EDGE('',*,*,#2465,.F.);
#3297=ORIENTED_EDGE('',*,*,#2478,.F.);
#3298=ORIENTED_EDGE('',*,*,#2479,.F.);
#3299=ORIENTED_EDGE('',*,*,#2480,.F.);
#3300=ORIENTED_EDGE('',*,*,#2481,.F.);
#3301=ORIENTED_EDGE('',*,*,#2476,.F.);
#3302=ORIENTED_EDGE('',*,*,#2462,.F.);
#3303=ORIENTED_EDGE('',*,*,#2482,.T.);
#3304=ORIENTED_EDGE('',*,*,#2483,.F.);
#3305=ORIENTED_EDGE('',*,*,#2478,.T.);
#3306=ORIENTED_EDGE('',*,*,#2454,.F.);
#3307=ORIENTED_EDGE('',*,*,#2484,.T.);
#3308=ORIENTED_EDGE('',*,*,#2469,.F.);
#3309=ORIENTED_EDGE('',*,*,#2452,.F.);
#3310=ORIENTED_EDGE('',*,*,#2459,.F.);
#3311=ORIENTED_EDGE('',*,*,#2474,.T.);
#3312=ORIENTED_EDGE('',*,*,#2485,.F.);
#3313=ORIENTED_EDGE('',*,*,#2486,.T.);
#3314=ORIENTED_EDGE('',*,*,#2455,.F.);
#3315=ORIENTED_EDGE('',*,*,#2487,.F.);
#3316=ORIENTED_EDGE('',*,*,#2488,.T.);
#3317=ORIENTED_EDGE('',*,*,#2489,.F.);
#3318=ORIENTED_EDGE('',*,*,#2490,.T.);
#3319=ORIENTED_EDGE('',*,*,#2491,.T.);
#3320=ORIENTED_EDGE('',*,*,#2492,.F.);
#3321=ORIENTED_EDGE('',*,*,#2482,.F.);
#3322=ORIENTED_EDGE('',*,*,#2450,.F.);
#3323=ORIENTED_EDGE('',*,*,#2493,.T.);
#3324=ORIENTED_EDGE('',*,*,#2494,.F.);
#3325=ORIENTED_EDGE('',*,*,#2487,.T.);
#3326=ORIENTED_EDGE('',*,*,#2468,.F.);
#3327=ORIENTED_EDGE('',*,*,#2495,.F.);
#3328=ORIENTED_EDGE('',*,*,#2496,.F.);
#3329=ORIENTED_EDGE('',*,*,#2497,.F.);
#3330=ORIENTED_EDGE('',*,*,#2498,.F.);
#3331=ORIENTED_EDGE('',*,*,#2493,.F.);
#3332=ORIENTED_EDGE('',*,*,#2467,.F.);
#3333=ORIENTED_EDGE('',*,*,#2499,.T.);
#3334=ORIENTED_EDGE('',*,*,#2500,.F.);
#3335=ORIENTED_EDGE('',*,*,#2495,.T.);
#3336=ORIENTED_EDGE('',*,*,#2414,.F.);
#3337=ORIENTED_EDGE('',*,*,#2439,.T.);
#3338=ORIENTED_EDGE('',*,*,#2501,.F.);
#3339=ORIENTED_EDGE('',*,*,#2502,.T.);
#3340=ORIENTED_EDGE('',*,*,#2423,.F.);
#3341=ORIENTED_EDGE('',*,*,#2440,.T.);
#3342=ORIENTED_EDGE('',*,*,#2417,.F.);
#3343=ORIENTED_EDGE('',*,*,#2420,.F.);
#3344=ORIENTED_EDGE('',*,*,#2434,.F.);
#3345=ORIENTED_EDGE('',*,*,#2503,.F.);
#3346=ORIENTED_EDGE('',*,*,#2504,.F.);
#3347=ORIENTED_EDGE('',*,*,#2505,.F.);
#3348=ORIENTED_EDGE('',*,*,#2506,.F.);
#3349=ORIENTED_EDGE('',*,*,#2447,.F.);
#3350=ORIENTED_EDGE('',*,*,#2453,.F.);
#3351=ORIENTED_EDGE('',*,*,#2486,.F.);
#3352=ORIENTED_EDGE('',*,*,#2507,.F.);
#3353=ORIENTED_EDGE('',*,*,#2508,.F.);
#3354=ORIENTED_EDGE('',*,*,#2499,.F.);
#3355=ORIENTED_EDGE('',*,*,#2470,.F.);
#3356=ORIENTED_EDGE('',*,*,#2484,.F.);
#3357=ORIENTED_EDGE('',*,*,#2464,.F.);
#3358=ORIENTED_EDGE('',*,*,#2475,.T.);
#3359=ORIENTED_EDGE('',*,*,#2457,.F.);
#3360=ORIENTED_EDGE('',*,*,#2461,.F.);
#3361=ORIENTED_EDGE('',*,*,#2344,.F.);
#3362=ORIENTED_EDGE('',*,*,#2369,.T.);
#3363=ORIENTED_EDGE('',*,*,#2509,.F.);
#3364=ORIENTED_EDGE('',*,*,#2510,.T.);
#3365=ORIENTED_EDGE('',*,*,#2353,.F.);
#3366=ORIENTED_EDGE('',*,*,#2370,.T.);
#3367=ORIENTED_EDGE('',*,*,#2347,.F.);
#3368=ORIENTED_EDGE('',*,*,#2350,.F.);
#3369=ORIENTED_EDGE('',*,*,#2364,.F.);
#3370=ORIENTED_EDGE('',*,*,#2511,.F.);
#3371=ORIENTED_EDGE('',*,*,#2512,.F.);
#3372=ORIENTED_EDGE('',*,*,#2513,.F.);
#3373=ORIENTED_EDGE('',*,*,#2514,.F.);
#3374=ORIENTED_EDGE('',*,*,#2377,.F.);
#3375=ORIENTED_EDGE('',*,*,#2399,.F.);
#3376=ORIENTED_EDGE('',*,*,#2515,.F.);
#3377=ORIENTED_EDGE('',*,*,#2516,.F.);
#3378=ORIENTED_EDGE('',*,*,#2517,.F.);
#3379=ORIENTED_EDGE('',*,*,#2518,.F.);
#3380=ORIENTED_EDGE('',*,*,#2412,.F.);
#3381=ORIENTED_EDGE('',*,*,#2388,.F.);
#3382=ORIENTED_EDGE('',*,*,#2405,.T.);
#3383=ORIENTED_EDGE('',*,*,#2382,.F.);
#3384=ORIENTED_EDGE('',*,*,#2385,.F.);
#3385=ORIENTED_EDGE('',*,*,#2379,.F.);
#3386=ORIENTED_EDGE('',*,*,#2404,.T.);
#3387=ORIENTED_EDGE('',*,*,#2519,.F.);
#3388=ORIENTED_EDGE('',*,*,#2520,.T.);
#3389=ORIENTED_EDGE('',*,*,#2380,.F.);
#3390=ORIENTED_EDGE('',*,*,#2520,.F.);
#3391=ORIENTED_EDGE('',*,*,#2521,.F.);
#3392=ORIENTED_EDGE('',*,*,#2522,.F.);
#3393=ORIENTED_EDGE('',*,*,#2523,.F.);
#3394=ORIENTED_EDGE('',*,*,#2524,.F.);
#3395=ORIENTED_EDGE('',*,*,#2525,.F.);
#3396=ORIENTED_EDGE('',*,*,#2437,.T.);
#3397=ORIENTED_EDGE('',*,*,#2443,.T.);
#3398=ORIENTED_EDGE('',*,*,#2446,.T.);
#3399=ORIENTED_EDGE('',*,*,#2526,.F.);
#3400=ORIENTED_EDGE('',*,*,#2507,.T.);
#3401=ORIENTED_EDGE('',*,*,#2485,.T.);
#3402=ORIENTED_EDGE('',*,*,#2473,.T.);
#3403=ORIENTED_EDGE('',*,*,#2527,.F.);
#3404=ORIENTED_EDGE('',*,*,#2367,.T.);
#3405=ORIENTED_EDGE('',*,*,#2373,.T.);
#3406=ORIENTED_EDGE('',*,*,#2376,.T.);
#3407=ORIENTED_EDGE('',*,*,#2528,.F.);
#3408=ORIENTED_EDGE('',*,*,#2402,.T.);
#3409=ORIENTED_EDGE('',*,*,#2408,.T.);
#3410=ORIENTED_EDGE('',*,*,#2411,.T.);
#3411=ORIENTED_EDGE('',*,*,#2529,.T.);
#3412=ORIENTED_EDGE('',*,*,#2530,.T.);
#3413=ORIENTED_EDGE('',*,*,#2531,.F.);
#3414=ORIENTED_EDGE('',*,*,#2532,.T.);
#3415=ORIENTED_EDGE('',*,*,#2403,.T.);
#3416=ORIENTED_EDGE('',*,*,#2528,.T.);
#3417=ORIENTED_EDGE('',*,*,#2410,.T.);
#3418=ORIENTED_EDGE('',*,*,#2413,.F.);
#3419=ORIENTED_EDGE('',*,*,#2518,.T.);
#3420=ORIENTED_EDGE('',*,*,#2533,.T.);
#3421=ORIENTED_EDGE('',*,*,#2534,.F.);
#3422=ORIENTED_EDGE('',*,*,#2535,.T.);
#3423=ORIENTED_EDGE('',*,*,#2529,.F.);
#3424=ORIENTED_EDGE('',*,*,#2536,.T.);
#3425=ORIENTED_EDGE('',*,*,#2537,.F.);
#3426=ORIENTED_EDGE('',*,*,#2538,.F.);
#3427=ORIENTED_EDGE('',*,*,#2521,.T.);
#3428=ORIENTED_EDGE('',*,*,#2519,.T.);
#3429=ORIENTED_EDGE('',*,*,#2539,.T.);
#3430=ORIENTED_EDGE('',*,*,#2540,.T.);
#3431=ORIENTED_EDGE('',*,*,#2541,.T.);
#3432=ORIENTED_EDGE('',*,*,#2542,.T.);
#3433=ORIENTED_EDGE('',*,*,#2543,.T.);
#3434=ORIENTED_EDGE('',*,*,#2544,.T.);
#3435=ORIENTED_EDGE('',*,*,#2545,.T.);
#3436=ORIENTED_EDGE('',*,*,#2546,.T.);
#3437=ORIENTED_EDGE('',*,*,#2547,.T.);
#3438=ORIENTED_EDGE('',*,*,#2548,.T.);
#3439=ORIENTED_EDGE('',*,*,#2549,.T.);
#3440=ORIENTED_EDGE('',*,*,#2550,.T.);
#3441=ORIENTED_EDGE('',*,*,#2551,.F.);
#3442=ORIENTED_EDGE('',*,*,#2552,.T.);
#3443=ORIENTED_EDGE('',*,*,#2553,.F.);
#3444=ORIENTED_EDGE('',*,*,#2552,.F.);
#3445=ORIENTED_EDGE('',*,*,#2554,.F.);
#3446=ORIENTED_EDGE('',*,*,#2555,.T.);
#3447=ORIENTED_EDGE('',*,*,#2556,.F.);
#3448=ORIENTED_EDGE('',*,*,#2555,.F.);
#3449=ORIENTED_EDGE('',*,*,#2557,.T.);
#3450=ORIENTED_EDGE('',*,*,#2558,.T.);
#3451=ORIENTED_EDGE('',*,*,#2551,.T.);
#3452=ORIENTED_EDGE('',*,*,#2558,.F.);
#3453=ORIENTED_EDGE('',*,*,#2559,.F.);
#3454=ORIENTED_EDGE('',*,*,#2560,.F.);
#3455=ORIENTED_EDGE('',*,*,#2561,.F.);
#3456=ORIENTED_EDGE('',*,*,#2562,.F.);
#3457=ORIENTED_EDGE('',*,*,#2563,.T.);
#3458=ORIENTED_EDGE('',*,*,#2564,.F.);
#3459=ORIENTED_EDGE('',*,*,#2565,.F.);
#3460=ORIENTED_EDGE('',*,*,#2566,.F.);
#3461=ORIENTED_EDGE('',*,*,#2567,.F.);
#3462=ORIENTED_EDGE('',*,*,#2568,.F.);
#3463=ORIENTED_EDGE('',*,*,#2569,.F.);
#3464=ORIENTED_EDGE('',*,*,#2570,.F.);
#3465=ORIENTED_EDGE('',*,*,#2571,.F.);
#3466=ORIENTED_EDGE('',*,*,#2572,.T.);
#3467=ORIENTED_EDGE('',*,*,#2573,.F.);
#3468=ORIENTED_EDGE('',*,*,#2574,.F.);
#3469=ORIENTED_EDGE('',*,*,#2575,.F.);
#3470=ORIENTED_EDGE('',*,*,#2576,.F.);
#3471=ORIENTED_EDGE('',*,*,#2577,.F.);
#3472=ORIENTED_EDGE('',*,*,#2578,.F.);
#3473=ORIENTED_EDGE('',*,*,#2579,.F.);
#3474=ORIENTED_EDGE('',*,*,#2580,.F.);
#3475=ORIENTED_EDGE('',*,*,#2581,.T.);
#3476=ORIENTED_EDGE('',*,*,#2582,.F.);
#3477=ORIENTED_EDGE('',*,*,#2583,.F.);
#3478=ORIENTED_EDGE('',*,*,#2584,.F.);
#3479=ORIENTED_EDGE('',*,*,#2585,.F.);
#3480=ORIENTED_EDGE('',*,*,#2586,.F.);
#3481=ORIENTED_EDGE('',*,*,#2587,.F.);
#3482=ORIENTED_EDGE('',*,*,#2588,.F.);
#3483=ORIENTED_EDGE('',*,*,#2589,.F.);
#3484=ORIENTED_EDGE('',*,*,#2590,.T.);
#3485=ORIENTED_EDGE('',*,*,#2591,.F.);
#3486=ORIENTED_EDGE('',*,*,#2592,.F.);
#3487=ORIENTED_EDGE('',*,*,#2593,.F.);
#3488=ORIENTED_EDGE('',*,*,#2594,.F.);
#3489=ORIENTED_EDGE('',*,*,#2595,.T.);
#3490=ORIENTED_EDGE('',*,*,#2596,.T.);
#3491=ORIENTED_EDGE('',*,*,#2597,.F.);
#3492=ORIENTED_EDGE('',*,*,#2598,.T.);
#3493=ORIENTED_EDGE('',*,*,#2599,.T.);
#3494=ORIENTED_EDGE('',*,*,#2600,.T.);
#3495=ORIENTED_EDGE('',*,*,#2601,.T.);
#3496=ORIENTED_EDGE('',*,*,#2602,.T.);
#3497=ORIENTED_EDGE('',*,*,#2603,.T.);
#3498=ORIENTED_EDGE('',*,*,#2604,.T.);
#3499=ORIENTED_EDGE('',*,*,#2605,.T.);
#3500=ORIENTED_EDGE('',*,*,#2606,.T.);
#3501=ORIENTED_EDGE('',*,*,#2607,.T.);
#3502=ORIENTED_EDGE('',*,*,#2608,.T.);
#3503=ORIENTED_EDGE('',*,*,#2609,.T.);
#3504=ORIENTED_EDGE('',*,*,#2610,.T.);
#3505=ORIENTED_EDGE('',*,*,#2611,.T.);
#3506=ORIENTED_EDGE('',*,*,#2612,.T.);
#3507=ORIENTED_EDGE('',*,*,#2557,.F.);
#3508=ORIENTED_EDGE('',*,*,#2597,.T.);
#3509=ORIENTED_EDGE('',*,*,#2613,.T.);
#3510=ORIENTED_EDGE('',*,*,#2554,.T.);
#3511=ORIENTED_EDGE('',*,*,#2613,.F.);
#3512=ORIENTED_EDGE('',*,*,#2614,.F.);
#3513=ORIENTED_EDGE('',*,*,#2615,.F.);
#3514=ORIENTED_EDGE('',*,*,#2616,.F.);
#3515=ORIENTED_EDGE('',*,*,#2617,.F.);
#3516=ORIENTED_EDGE('',*,*,#2618,.F.);
#3517=ORIENTED_EDGE('',*,*,#2619,.F.);
#3518=ORIENTED_EDGE('',*,*,#2620,.F.);
#3519=ORIENTED_EDGE('',*,*,#2621,.F.);
#3520=ORIENTED_EDGE('',*,*,#2622,.F.);
#3521=ORIENTED_EDGE('',*,*,#2623,.F.);
#3522=ORIENTED_EDGE('',*,*,#2624,.F.);
#3523=ORIENTED_EDGE('',*,*,#2625,.F.);
#3524=ORIENTED_EDGE('',*,*,#2626,.F.);
#3525=ORIENTED_EDGE('',*,*,#2627,.F.);
#3526=ORIENTED_EDGE('',*,*,#2628,.F.);
#3527=ORIENTED_EDGE('',*,*,#2629,.F.);
#3528=ORIENTED_EDGE('',*,*,#2630,.F.);
#3529=ORIENTED_EDGE('',*,*,#2631,.F.);
#3530=ORIENTED_EDGE('',*,*,#2632,.F.);
#3531=ORIENTED_EDGE('',*,*,#2633,.F.);
#3532=ORIENTED_EDGE('',*,*,#2634,.F.);
#3533=ORIENTED_EDGE('',*,*,#2635,.F.);
#3534=ORIENTED_EDGE('',*,*,#2636,.F.);
#3535=ORIENTED_EDGE('',*,*,#2637,.F.);
#3536=ORIENTED_EDGE('',*,*,#2638,.F.);
#3537=ORIENTED_EDGE('',*,*,#2639,.F.);
#3538=ORIENTED_EDGE('',*,*,#2640,.F.);
#3539=ORIENTED_EDGE('',*,*,#2641,.F.);
#3540=ORIENTED_EDGE('',*,*,#2642,.F.);
#3541=ORIENTED_EDGE('',*,*,#2643,.F.);
#3542=ORIENTED_EDGE('',*,*,#2644,.F.);
#3543=ORIENTED_EDGE('',*,*,#2645,.F.);
#3544=ORIENTED_EDGE('',*,*,#2646,.F.);
#3545=ORIENTED_EDGE('',*,*,#2647,.F.);
#3546=ORIENTED_EDGE('',*,*,#2648,.F.);
#3547=ORIENTED_EDGE('',*,*,#2649,.F.);
#3548=ORIENTED_EDGE('',*,*,#2650,.F.);
#3549=ORIENTED_EDGE('',*,*,#2651,.F.);
#3550=ORIENTED_EDGE('',*,*,#2652,.F.);
#3551=ORIENTED_EDGE('',*,*,#2653,.F.);
#3552=ORIENTED_EDGE('',*,*,#2654,.F.);
#3553=ORIENTED_EDGE('',*,*,#2655,.F.);
#3554=ORIENTED_EDGE('',*,*,#2656,.F.);
#3555=ORIENTED_EDGE('',*,*,#2657,.F.);
#3556=ORIENTED_EDGE('',*,*,#2658,.F.);
#3557=ORIENTED_EDGE('',*,*,#2659,.F.);
#3558=ORIENTED_EDGE('',*,*,#2660,.F.);
#3559=ORIENTED_EDGE('',*,*,#2661,.F.);
#3560=ORIENTED_EDGE('',*,*,#2662,.F.);
#3561=ORIENTED_EDGE('',*,*,#2663,.F.);
#3562=ORIENTED_EDGE('',*,*,#2664,.F.);
#3563=ORIENTED_EDGE('',*,*,#2665,.F.);
#3564=ORIENTED_EDGE('',*,*,#2666,.F.);
#3565=ORIENTED_EDGE('',*,*,#2667,.F.);
#3566=ORIENTED_EDGE('',*,*,#2668,.F.);
#3567=ORIENTED_EDGE('',*,*,#2669,.F.);
#3568=ORIENTED_EDGE('',*,*,#2670,.F.);
#3569=ORIENTED_EDGE('',*,*,#2671,.F.);
#3570=ORIENTED_EDGE('',*,*,#2672,.F.);
#3571=ORIENTED_EDGE('',*,*,#2673,.F.);
#3572=ORIENTED_EDGE('',*,*,#2674,.F.);
#3573=ORIENTED_EDGE('',*,*,#2675,.F.);
#3574=ORIENTED_EDGE('',*,*,#2676,.F.);
#3575=ORIENTED_EDGE('',*,*,#2677,.F.);
#3576=ORIENTED_EDGE('',*,*,#2678,.F.);
#3577=ORIENTED_EDGE('',*,*,#2679,.F.);
#3578=ORIENTED_EDGE('',*,*,#2680,.F.);
#3579=ORIENTED_EDGE('',*,*,#2681,.F.);
#3580=ORIENTED_EDGE('',*,*,#2682,.F.);
#3581=ORIENTED_EDGE('',*,*,#2683,.F.);
#3582=ORIENTED_EDGE('',*,*,#2684,.F.);
#3583=ORIENTED_EDGE('',*,*,#2685,.F.);
#3584=ORIENTED_EDGE('',*,*,#2686,.F.);
#3585=ORIENTED_EDGE('',*,*,#2687,.F.);
#3586=ORIENTED_EDGE('',*,*,#2688,.F.);
#3587=ORIENTED_EDGE('',*,*,#2689,.F.);
#3588=ORIENTED_EDGE('',*,*,#2690,.F.);
#3589=ORIENTED_EDGE('',*,*,#2691,.F.);
#3590=ORIENTED_EDGE('',*,*,#2692,.F.);
#3591=ORIENTED_EDGE('',*,*,#2693,.F.);
#3592=ORIENTED_EDGE('',*,*,#2694,.F.);
#3593=ORIENTED_EDGE('',*,*,#2695,.F.);
#3594=ORIENTED_EDGE('',*,*,#2696,.F.);
#3595=ORIENTED_EDGE('',*,*,#2697,.F.);
#3596=ORIENTED_EDGE('',*,*,#2550,.F.);
#3597=ORIENTED_EDGE('',*,*,#2698,.T.);
#3598=ORIENTED_EDGE('',*,*,#2616,.T.);
#3599=ORIENTED_EDGE('',*,*,#2699,.F.);
#3600=ORIENTED_EDGE('',*,*,#2549,.F.);
#3601=ORIENTED_EDGE('',*,*,#2700,.T.);
#3602=ORIENTED_EDGE('',*,*,#2617,.T.);
#3603=ORIENTED_EDGE('',*,*,#2698,.F.);
#3604=ORIENTED_EDGE('',*,*,#2548,.F.);
#3605=ORIENTED_EDGE('',*,*,#2701,.T.);
#3606=ORIENTED_EDGE('',*,*,#2618,.T.);
#3607=ORIENTED_EDGE('',*,*,#2700,.F.);
#3608=ORIENTED_EDGE('',*,*,#2547,.F.);
#3609=ORIENTED_EDGE('',*,*,#2702,.T.);
#3610=ORIENTED_EDGE('',*,*,#2619,.T.);
#3611=ORIENTED_EDGE('',*,*,#2701,.F.);
#3612=ORIENTED_EDGE('',*,*,#2546,.F.);
#3613=ORIENTED_EDGE('',*,*,#2703,.T.);
#3614=ORIENTED_EDGE('',*,*,#2614,.T.);
#3615=ORIENTED_EDGE('',*,*,#2702,.F.);
#3616=ORIENTED_EDGE('',*,*,#2545,.F.);
#3617=ORIENTED_EDGE('',*,*,#2699,.T.);
#3618=ORIENTED_EDGE('',*,*,#2615,.T.);
#3619=ORIENTED_EDGE('',*,*,#2703,.F.);
#3620=ORIENTED_EDGE('',*,*,#2544,.F.);
#3621=ORIENTED_EDGE('',*,*,#2704,.T.);
#3622=ORIENTED_EDGE('',*,*,#2622,.T.);
#3623=ORIENTED_EDGE('',*,*,#2705,.F.);
#3624=ORIENTED_EDGE('',*,*,#2543,.F.);
#3625=ORIENTED_EDGE('',*,*,#2706,.T.);
#3626=ORIENTED_EDGE('',*,*,#2623,.T.);
#3627=ORIENTED_EDGE('',*,*,#2704,.F.);
#3628=ORIENTED_EDGE('',*,*,#2542,.F.);
#3629=ORIENTED_EDGE('',*,*,#2707,.T.);
#3630=ORIENTED_EDGE('',*,*,#2624,.T.);
#3631=ORIENTED_EDGE('',*,*,#2706,.F.);
#3632=ORIENTED_EDGE('',*,*,#2541,.F.);
#3633=ORIENTED_EDGE('',*,*,#2708,.T.);
#3634=ORIENTED_EDGE('',*,*,#2625,.T.);
#3635=ORIENTED_EDGE('',*,*,#2707,.F.);
#3636=ORIENTED_EDGE('',*,*,#2540,.F.);
#3637=ORIENTED_EDGE('',*,*,#2709,.T.);
#3638=ORIENTED_EDGE('',*,*,#2620,.T.);
#3639=ORIENTED_EDGE('',*,*,#2708,.F.);
#3640=ORIENTED_EDGE('',*,*,#2539,.F.);
#3641=ORIENTED_EDGE('',*,*,#2705,.T.);
#3642=ORIENTED_EDGE('',*,*,#2621,.T.);
#3643=ORIENTED_EDGE('',*,*,#2709,.F.);
#3644=ORIENTED_EDGE('',*,*,#2710,.F.);
#3645=ORIENTED_EDGE('',*,*,#2711,.T.);
#3646=ORIENTED_EDGE('',*,*,#2628,.T.);
#3647=ORIENTED_EDGE('',*,*,#2712,.F.);
#3648=ORIENTED_EDGE('',*,*,#2713,.F.);
#3649=ORIENTED_EDGE('',*,*,#2714,.T.);
#3650=ORIENTED_EDGE('',*,*,#2629,.T.);
#3651=ORIENTED_EDGE('',*,*,#2711,.F.);
#3652=ORIENTED_EDGE('',*,*,#2715,.F.);
#3653=ORIENTED_EDGE('',*,*,#2716,.T.);
#3654=ORIENTED_EDGE('',*,*,#2630,.T.);
#3655=ORIENTED_EDGE('',*,*,#2714,.F.);
#3656=ORIENTED_EDGE('',*,*,#2717,.F.);
#3657=ORIENTED_EDGE('',*,*,#2718,.T.);
#3658=ORIENTED_EDGE('',*,*,#2631,.T.);
#3659=ORIENTED_EDGE('',*,*,#2716,.F.);
#3660=ORIENTED_EDGE('',*,*,#2719,.F.);
#3661=ORIENTED_EDGE('',*,*,#2720,.T.);
#3662=ORIENTED_EDGE('',*,*,#2626,.T.);
#3663=ORIENTED_EDGE('',*,*,#2718,.F.);
#3664=ORIENTED_EDGE('',*,*,#2721,.F.);
#3665=ORIENTED_EDGE('',*,*,#2712,.T.);
#3666=ORIENTED_EDGE('',*,*,#2627,.T.);
#3667=ORIENTED_EDGE('',*,*,#2720,.F.);
#3668=ORIENTED_EDGE('',*,*,#2722,.F.);
#3669=ORIENTED_EDGE('',*,*,#2723,.T.);
#3670=ORIENTED_EDGE('',*,*,#2634,.T.);
#3671=ORIENTED_EDGE('',*,*,#2724,.F.);
#3672=ORIENTED_EDGE('',*,*,#2725,.F.);
#3673=ORIENTED_EDGE('',*,*,#2726,.T.);
#3674=ORIENTED_EDGE('',*,*,#2635,.T.);
#3675=ORIENTED_EDGE('',*,*,#2723,.F.);
#3676=ORIENTED_EDGE('',*,*,#2727,.F.);
#3677=ORIENTED_EDGE('',*,*,#2728,.T.);
#3678=ORIENTED_EDGE('',*,*,#2636,.T.);
#3679=ORIENTED_EDGE('',*,*,#2726,.F.);
#3680=ORIENTED_EDGE('',*,*,#2729,.F.);
#3681=ORIENTED_EDGE('',*,*,#2730,.T.);
#3682=ORIENTED_EDGE('',*,*,#2637,.T.);
#3683=ORIENTED_EDGE('',*,*,#2728,.F.);
#3684=ORIENTED_EDGE('',*,*,#2731,.F.);
#3685=ORIENTED_EDGE('',*,*,#2732,.T.);
#3686=ORIENTED_EDGE('',*,*,#2632,.T.);
#3687=ORIENTED_EDGE('',*,*,#2730,.F.);
#3688=ORIENTED_EDGE('',*,*,#2733,.F.);
#3689=ORIENTED_EDGE('',*,*,#2724,.T.);
#3690=ORIENTED_EDGE('',*,*,#2633,.T.);
#3691=ORIENTED_EDGE('',*,*,#2732,.F.);
#3692=ORIENTED_EDGE('',*,*,#2734,.F.);
#3693=ORIENTED_EDGE('',*,*,#2735,.T.);
#3694=ORIENTED_EDGE('',*,*,#2640,.T.);
#3695=ORIENTED_EDGE('',*,*,#2736,.F.);
#3696=ORIENTED_EDGE('',*,*,#2737,.F.);
#3697=ORIENTED_EDGE('',*,*,#2738,.T.);
#3698=ORIENTED_EDGE('',*,*,#2641,.T.);
#3699=ORIENTED_EDGE('',*,*,#2735,.F.);
#3700=ORIENTED_EDGE('',*,*,#2739,.F.);
#3701=ORIENTED_EDGE('',*,*,#2740,.T.);
#3702=ORIENTED_EDGE('',*,*,#2642,.T.);
#3703=ORIENTED_EDGE('',*,*,#2738,.F.);
#3704=ORIENTED_EDGE('',*,*,#2741,.F.);
#3705=ORIENTED_EDGE('',*,*,#2742,.T.);
#3706=ORIENTED_EDGE('',*,*,#2643,.T.);
#3707=ORIENTED_EDGE('',*,*,#2740,.F.);
#3708=ORIENTED_EDGE('',*,*,#2743,.F.);
#3709=ORIENTED_EDGE('',*,*,#2744,.T.);
#3710=ORIENTED_EDGE('',*,*,#2638,.T.);
#3711=ORIENTED_EDGE('',*,*,#2742,.F.);
#3712=ORIENTED_EDGE('',*,*,#2745,.F.);
#3713=ORIENTED_EDGE('',*,*,#2736,.T.);
#3714=ORIENTED_EDGE('',*,*,#2639,.T.);
#3715=ORIENTED_EDGE('',*,*,#2744,.F.);
#3716=ORIENTED_EDGE('',*,*,#2746,.F.);
#3717=ORIENTED_EDGE('',*,*,#2747,.T.);
#3718=ORIENTED_EDGE('',*,*,#2646,.T.);
#3719=ORIENTED_EDGE('',*,*,#2748,.F.);
#3720=ORIENTED_EDGE('',*,*,#2749,.F.);
#3721=ORIENTED_EDGE('',*,*,#2750,.T.);
#3722=ORIENTED_EDGE('',*,*,#2647,.T.);
#3723=ORIENTED_EDGE('',*,*,#2747,.F.);
#3724=ORIENTED_EDGE('',*,*,#2751,.F.);
#3725=ORIENTED_EDGE('',*,*,#2752,.T.);
#3726=ORIENTED_EDGE('',*,*,#2648,.T.);
#3727=ORIENTED_EDGE('',*,*,#2750,.F.);
#3728=ORIENTED_EDGE('',*,*,#2753,.F.);
#3729=ORIENTED_EDGE('',*,*,#2754,.T.);
#3730=ORIENTED_EDGE('',*,*,#2649,.T.);
#3731=ORIENTED_EDGE('',*,*,#2752,.F.);
#3732=ORIENTED_EDGE('',*,*,#2755,.F.);
#3733=ORIENTED_EDGE('',*,*,#2756,.T.);
#3734=ORIENTED_EDGE('',*,*,#2644,.T.);
#3735=ORIENTED_EDGE('',*,*,#2754,.F.);
#3736=ORIENTED_EDGE('',*,*,#2757,.F.);
#3737=ORIENTED_EDGE('',*,*,#2748,.T.);
#3738=ORIENTED_EDGE('',*,*,#2645,.T.);
#3739=ORIENTED_EDGE('',*,*,#2756,.F.);
#3740=ORIENTED_EDGE('',*,*,#2758,.F.);
#3741=ORIENTED_EDGE('',*,*,#2759,.T.);
#3742=ORIENTED_EDGE('',*,*,#2652,.T.);
#3743=ORIENTED_EDGE('',*,*,#2760,.F.);
#3744=ORIENTED_EDGE('',*,*,#2761,.F.);
#3745=ORIENTED_EDGE('',*,*,#2762,.T.);
#3746=ORIENTED_EDGE('',*,*,#2653,.T.);
#3747=ORIENTED_EDGE('',*,*,#2759,.F.);
#3748=ORIENTED_EDGE('',*,*,#2763,.F.);
#3749=ORIENTED_EDGE('',*,*,#2764,.T.);
#3750=ORIENTED_EDGE('',*,*,#2654,.T.);
#3751=ORIENTED_EDGE('',*,*,#2762,.F.);
#3752=ORIENTED_EDGE('',*,*,#2765,.F.);
#3753=ORIENTED_EDGE('',*,*,#2766,.T.);
#3754=ORIENTED_EDGE('',*,*,#2655,.T.);
#3755=ORIENTED_EDGE('',*,*,#2764,.F.);
#3756=ORIENTED_EDGE('',*,*,#2767,.F.);
#3757=ORIENTED_EDGE('',*,*,#2768,.T.);
#3758=ORIENTED_EDGE('',*,*,#2650,.T.);
#3759=ORIENTED_EDGE('',*,*,#2766,.F.);
#3760=ORIENTED_EDGE('',*,*,#2769,.F.);
#3761=ORIENTED_EDGE('',*,*,#2760,.T.);
#3762=ORIENTED_EDGE('',*,*,#2651,.T.);
#3763=ORIENTED_EDGE('',*,*,#2768,.F.);
#3764=ORIENTED_EDGE('',*,*,#2770,.F.);
#3765=ORIENTED_EDGE('',*,*,#2771,.T.);
#3766=ORIENTED_EDGE('',*,*,#2658,.T.);
#3767=ORIENTED_EDGE('',*,*,#2772,.F.);
#3768=ORIENTED_EDGE('',*,*,#2773,.F.);
#3769=ORIENTED_EDGE('',*,*,#2774,.T.);
#3770=ORIENTED_EDGE('',*,*,#2659,.T.);
#3771=ORIENTED_EDGE('',*,*,#2771,.F.);
#3772=ORIENTED_EDGE('',*,*,#2775,.F.);
#3773=ORIENTED_EDGE('',*,*,#2776,.T.);
#3774=ORIENTED_EDGE('',*,*,#2660,.T.);
#3775=ORIENTED_EDGE('',*,*,#2774,.F.);
#3776=ORIENTED_EDGE('',*,*,#2777,.F.);
#3777=ORIENTED_EDGE('',*,*,#2778,.T.);
#3778=ORIENTED_EDGE('',*,*,#2661,.T.);
#3779=ORIENTED_EDGE('',*,*,#2776,.F.);
#3780=ORIENTED_EDGE('',*,*,#2779,.F.);
#3781=ORIENTED_EDGE('',*,*,#2780,.T.);
#3782=ORIENTED_EDGE('',*,*,#2656,.T.);
#3783=ORIENTED_EDGE('',*,*,#2778,.F.);
#3784=ORIENTED_EDGE('',*,*,#2781,.F.);
#3785=ORIENTED_EDGE('',*,*,#2772,.T.);
#3786=ORIENTED_EDGE('',*,*,#2657,.T.);
#3787=ORIENTED_EDGE('',*,*,#2780,.F.);
#3788=ORIENTED_EDGE('',*,*,#2782,.F.);
#3789=ORIENTED_EDGE('',*,*,#2783,.F.);
#3790=ORIENTED_EDGE('',*,*,#2784,.T.);
#3791=ORIENTED_EDGE('',*,*,#2785,.T.);
#3792=ORIENTED_EDGE('',*,*,#2786,.T.);
#3793=ORIENTED_EDGE('',*,*,#2784,.F.);
#3794=ORIENTED_EDGE('',*,*,#2787,.T.);
#3795=ORIENTED_EDGE('',*,*,#2788,.F.);
#3796=ORIENTED_EDGE('',*,*,#2789,.T.);
#3797=ORIENTED_EDGE('',*,*,#2664,.T.);
#3798=ORIENTED_EDGE('',*,*,#2790,.F.);
#3799=ORIENTED_EDGE('',*,*,#2791,.F.);
#3800=ORIENTED_EDGE('',*,*,#2792,.T.);
#3801=ORIENTED_EDGE('',*,*,#2665,.T.);
#3802=ORIENTED_EDGE('',*,*,#2789,.F.);
#3803=ORIENTED_EDGE('',*,*,#2793,.F.);
#3804=ORIENTED_EDGE('',*,*,#2794,.T.);
#3805=ORIENTED_EDGE('',*,*,#2666,.T.);
#3806=ORIENTED_EDGE('',*,*,#2792,.F.);
#3807=ORIENTED_EDGE('',*,*,#2795,.F.);
#3808=ORIENTED_EDGE('',*,*,#2796,.T.);
#3809=ORIENTED_EDGE('',*,*,#2667,.T.);
#3810=ORIENTED_EDGE('',*,*,#2794,.F.);
#3811=ORIENTED_EDGE('',*,*,#2797,.F.);
#3812=ORIENTED_EDGE('',*,*,#2798,.T.);
#3813=ORIENTED_EDGE('',*,*,#2662,.T.);
#3814=ORIENTED_EDGE('',*,*,#2796,.F.);
#3815=ORIENTED_EDGE('',*,*,#2799,.F.);
#3816=ORIENTED_EDGE('',*,*,#2790,.T.);
#3817=ORIENTED_EDGE('',*,*,#2663,.T.);
#3818=ORIENTED_EDGE('',*,*,#2798,.F.);
#3819=ORIENTED_EDGE('',*,*,#2800,.F.);
#3820=ORIENTED_EDGE('',*,*,#2801,.T.);
#3821=ORIENTED_EDGE('',*,*,#2670,.T.);
#3822=ORIENTED_EDGE('',*,*,#2802,.F.);
#3823=ORIENTED_EDGE('',*,*,#2803,.F.);
#3824=ORIENTED_EDGE('',*,*,#2804,.T.);
#3825=ORIENTED_EDGE('',*,*,#2671,.T.);
#3826=ORIENTED_EDGE('',*,*,#2801,.F.);
#3827=ORIENTED_EDGE('',*,*,#2805,.F.);
#3828=ORIENTED_EDGE('',*,*,#2806,.T.);
#3829=ORIENTED_EDGE('',*,*,#2672,.T.);
#3830=ORIENTED_EDGE('',*,*,#2804,.F.);
#3831=ORIENTED_EDGE('',*,*,#2807,.F.);
#3832=ORIENTED_EDGE('',*,*,#2808,.T.);
#3833=ORIENTED_EDGE('',*,*,#2673,.T.);
#3834=ORIENTED_EDGE('',*,*,#2806,.F.);
#3835=ORIENTED_EDGE('',*,*,#2809,.F.);
#3836=ORIENTED_EDGE('',*,*,#2810,.T.);
#3837=ORIENTED_EDGE('',*,*,#2668,.T.);
#3838=ORIENTED_EDGE('',*,*,#2808,.F.);
#3839=ORIENTED_EDGE('',*,*,#2811,.F.);
#3840=ORIENTED_EDGE('',*,*,#2802,.T.);
#3841=ORIENTED_EDGE('',*,*,#2669,.T.);
#3842=ORIENTED_EDGE('',*,*,#2810,.F.);
#3843=ORIENTED_EDGE('',*,*,#2812,.F.);
#3844=ORIENTED_EDGE('',*,*,#2813,.T.);
#3845=ORIENTED_EDGE('',*,*,#2676,.T.);
#3846=ORIENTED_EDGE('',*,*,#2814,.F.);
#3847=ORIENTED_EDGE('',*,*,#2815,.F.);
#3848=ORIENTED_EDGE('',*,*,#2816,.T.);
#3849=ORIENTED_EDGE('',*,*,#2677,.T.);
#3850=ORIENTED_EDGE('',*,*,#2813,.F.);
#3851=ORIENTED_EDGE('',*,*,#2817,.F.);
#3852=ORIENTED_EDGE('',*,*,#2818,.T.);
#3853=ORIENTED_EDGE('',*,*,#2678,.T.);
#3854=ORIENTED_EDGE('',*,*,#2816,.F.);
#3855=ORIENTED_EDGE('',*,*,#2819,.F.);
#3856=ORIENTED_EDGE('',*,*,#2820,.T.);
#3857=ORIENTED_EDGE('',*,*,#2679,.T.);
#3858=ORIENTED_EDGE('',*,*,#2818,.F.);
#3859=ORIENTED_EDGE('',*,*,#2821,.F.);
#3860=ORIENTED_EDGE('',*,*,#2822,.T.);
#3861=ORIENTED_EDGE('',*,*,#2674,.T.);
#3862=ORIENTED_EDGE('',*,*,#2820,.F.);
#3863=ORIENTED_EDGE('',*,*,#2823,.F.);
#3864=ORIENTED_EDGE('',*,*,#2814,.T.);
#3865=ORIENTED_EDGE('',*,*,#2675,.T.);
#3866=ORIENTED_EDGE('',*,*,#2822,.F.);
#3867=ORIENTED_EDGE('',*,*,#2824,.F.);
#3868=ORIENTED_EDGE('',*,*,#2825,.T.);
#3869=ORIENTED_EDGE('',*,*,#2682,.T.);
#3870=ORIENTED_EDGE('',*,*,#2826,.F.);
#3871=ORIENTED_EDGE('',*,*,#2827,.F.);
#3872=ORIENTED_EDGE('',*,*,#2828,.T.);
#3873=ORIENTED_EDGE('',*,*,#2683,.T.);
#3874=ORIENTED_EDGE('',*,*,#2825,.F.);
#3875=ORIENTED_EDGE('',*,*,#2829,.F.);
#3876=ORIENTED_EDGE('',*,*,#2830,.T.);
#3877=ORIENTED_EDGE('',*,*,#2684,.T.);
#3878=ORIENTED_EDGE('',*,*,#2828,.F.);
#3879=ORIENTED_EDGE('',*,*,#2831,.F.);
#3880=ORIENTED_EDGE('',*,*,#2832,.T.);
#3881=ORIENTED_EDGE('',*,*,#2685,.T.);
#3882=ORIENTED_EDGE('',*,*,#2830,.F.);
#3883=ORIENTED_EDGE('',*,*,#2833,.F.);
#3884=ORIENTED_EDGE('',*,*,#2834,.T.);
#3885=ORIENTED_EDGE('',*,*,#2680,.T.);
#3886=ORIENTED_EDGE('',*,*,#2832,.F.);
#3887=ORIENTED_EDGE('',*,*,#2835,.F.);
#3888=ORIENTED_EDGE('',*,*,#2826,.T.);
#3889=ORIENTED_EDGE('',*,*,#2681,.T.);
#3890=ORIENTED_EDGE('',*,*,#2834,.F.);
#3891=ORIENTED_EDGE('',*,*,#2836,.F.);
#3892=ORIENTED_EDGE('',*,*,#2837,.T.);
#3893=ORIENTED_EDGE('',*,*,#2688,.T.);
#3894=ORIENTED_EDGE('',*,*,#2838,.F.);
#3895=ORIENTED_EDGE('',*,*,#2839,.F.);
#3896=ORIENTED_EDGE('',*,*,#2840,.T.);
#3897=ORIENTED_EDGE('',*,*,#2689,.T.);
#3898=ORIENTED_EDGE('',*,*,#2837,.F.);
#3899=ORIENTED_EDGE('',*,*,#2841,.F.);
#3900=ORIENTED_EDGE('',*,*,#2842,.T.);
#3901=ORIENTED_EDGE('',*,*,#2690,.T.);
#3902=ORIENTED_EDGE('',*,*,#2840,.F.);
#3903=ORIENTED_EDGE('',*,*,#2843,.F.);
#3904=ORIENTED_EDGE('',*,*,#2844,.T.);
#3905=ORIENTED_EDGE('',*,*,#2691,.T.);
#3906=ORIENTED_EDGE('',*,*,#2842,.F.);
#3907=ORIENTED_EDGE('',*,*,#2845,.F.);
#3908=ORIENTED_EDGE('',*,*,#2846,.T.);
#3909=ORIENTED_EDGE('',*,*,#2686,.T.);
#3910=ORIENTED_EDGE('',*,*,#2844,.F.);
#3911=ORIENTED_EDGE('',*,*,#2847,.F.);
#3912=ORIENTED_EDGE('',*,*,#2838,.T.);
#3913=ORIENTED_EDGE('',*,*,#2687,.T.);
#3914=ORIENTED_EDGE('',*,*,#2846,.F.);
#3915=ORIENTED_EDGE('',*,*,#2848,.F.);
#3916=ORIENTED_EDGE('',*,*,#2849,.T.);
#3917=ORIENTED_EDGE('',*,*,#2694,.T.);
#3918=ORIENTED_EDGE('',*,*,#2850,.F.);
#3919=ORIENTED_EDGE('',*,*,#2851,.F.);
#3920=ORIENTED_EDGE('',*,*,#2852,.T.);
#3921=ORIENTED_EDGE('',*,*,#2695,.T.);
#3922=ORIENTED_EDGE('',*,*,#2849,.F.);
#3923=ORIENTED_EDGE('',*,*,#2853,.F.);
#3924=ORIENTED_EDGE('',*,*,#2854,.T.);
#3925=ORIENTED_EDGE('',*,*,#2696,.T.);
#3926=ORIENTED_EDGE('',*,*,#2852,.F.);
#3927=ORIENTED_EDGE('',*,*,#2855,.F.);
#3928=ORIENTED_EDGE('',*,*,#2856,.T.);
#3929=ORIENTED_EDGE('',*,*,#2697,.T.);
#3930=ORIENTED_EDGE('',*,*,#2854,.F.);
#3931=ORIENTED_EDGE('',*,*,#2857,.F.);
#3932=ORIENTED_EDGE('',*,*,#2858,.T.);
#3933=ORIENTED_EDGE('',*,*,#2692,.T.);
#3934=ORIENTED_EDGE('',*,*,#2856,.F.);
#3935=ORIENTED_EDGE('',*,*,#2859,.F.);
#3936=ORIENTED_EDGE('',*,*,#2850,.T.);
#3937=ORIENTED_EDGE('',*,*,#2693,.T.);
#3938=ORIENTED_EDGE('',*,*,#2858,.F.);
#3939=ORIENTED_EDGE('',*,*,#2860,.F.);
#3940=ORIENTED_EDGE('',*,*,#2861,.F.);
#3941=ORIENTED_EDGE('',*,*,#2862,.T.);
#3942=ORIENTED_EDGE('',*,*,#2863,.T.);
#3943=ORIENTED_EDGE('',*,*,#2864,.F.);
#3944=ORIENTED_EDGE('',*,*,#2865,.T.);
#3945=ORIENTED_EDGE('',*,*,#2534,.T.);
#3946=ORIENTED_EDGE('',*,*,#2866,.F.);
#3947=ORIENTED_EDGE('',*,*,#2867,.F.);
#3948=ORIENTED_EDGE('',*,*,#2868,.F.);
#3949=ORIENTED_EDGE('',*,*,#2537,.T.);
#3950=ORIENTED_EDGE('',*,*,#2869,.T.);
#3951=ORIENTED_EDGE('',*,*,#2870,.F.);
#3952=ORIENTED_EDGE('',*,*,#2871,.T.);
#3953=ORIENTED_EDGE('',*,*,#2872,.T.);
#3954=ORIENTED_EDGE('',*,*,#2873,.F.);
#3955=ORIENTED_EDGE('',*,*,#2874,.T.);
#3956=ORIENTED_EDGE('',*,*,#2875,.T.);
#3957=ORIENTED_EDGE('',*,*,#2876,.F.);
#3958=ORIENTED_EDGE('',*,*,#2877,.T.);
#3959=ORIENTED_EDGE('',*,*,#2878,.F.);
#3960=ORIENTED_EDGE('',*,*,#2879,.F.);
#3961=ORIENTED_EDGE('',*,*,#2880,.T.);
#3962=ORIENTED_EDGE('',*,*,#2881,.T.);
#3963=ORIENTED_EDGE('',*,*,#2375,.T.);
#3964=ORIENTED_EDGE('',*,*,#2378,.F.);
#3965=ORIENTED_EDGE('',*,*,#2514,.T.);
#3966=ORIENTED_EDGE('',*,*,#2882,.T.);
#3967=ORIENTED_EDGE('',*,*,#2872,.F.);
#3968=ORIENTED_EDGE('',*,*,#2883,.T.);
#3969=ORIENTED_EDGE('',*,*,#2874,.F.);
#3970=ORIENTED_EDGE('',*,*,#2884,.T.);
#3971=ORIENTED_EDGE('',*,*,#2880,.F.);
#3972=ORIENTED_EDGE('',*,*,#2885,.F.);
#3973=ORIENTED_EDGE('',*,*,#2886,.T.);
#3974=ORIENTED_EDGE('',*,*,#2509,.T.);
#3975=ORIENTED_EDGE('',*,*,#2368,.T.);
#3976=ORIENTED_EDGE('',*,*,#2527,.T.);
#3977=ORIENTED_EDGE('',*,*,#2733,.T.);
#3978=ORIENTED_EDGE('',*,*,#2731,.T.);
#3979=ORIENTED_EDGE('',*,*,#2729,.T.);
#3980=ORIENTED_EDGE('',*,*,#2727,.T.);
#3981=ORIENTED_EDGE('',*,*,#2725,.T.);
#3982=ORIENTED_EDGE('',*,*,#2722,.T.);
#3983=ORIENTED_EDGE('',*,*,#2721,.T.);
#3984=ORIENTED_EDGE('',*,*,#2719,.T.);
#3985=ORIENTED_EDGE('',*,*,#2717,.T.);
#3986=ORIENTED_EDGE('',*,*,#2715,.T.);
#3987=ORIENTED_EDGE('',*,*,#2713,.T.);
#3988=ORIENTED_EDGE('',*,*,#2710,.T.);
#3989=ORIENTED_EDGE('',*,*,#2887,.F.);
#3990=ORIENTED_EDGE('',*,*,#2888,.T.);
#3991=ORIENTED_EDGE('',*,*,#2889,.F.);
#3992=ORIENTED_EDGE('',*,*,#2890,.F.);
#3993=ORIENTED_EDGE('',*,*,#2891,.T.);
#3994=ORIENTED_EDGE('',*,*,#2892,.T.);
#3995=ORIENTED_EDGE('',*,*,#2893,.F.);
#3996=ORIENTED_EDGE('',*,*,#2894,.T.);
#3997=ORIENTED_EDGE('',*,*,#2895,.F.);
#3998=ORIENTED_EDGE('',*,*,#2896,.F.);
#3999=ORIENTED_EDGE('',*,*,#2897,.T.);
#4000=ORIENTED_EDGE('',*,*,#2898,.T.);
#4001=ORIENTED_EDGE('',*,*,#2472,.T.);
#4002=ORIENTED_EDGE('',*,*,#2477,.F.);
#4003=ORIENTED_EDGE('',*,*,#2481,.T.);
#4004=ORIENTED_EDGE('',*,*,#2899,.T.);
#4005=ORIENTED_EDGE('',*,*,#2889,.T.);
#4006=ORIENTED_EDGE('',*,*,#2900,.T.);
#4007=ORIENTED_EDGE('',*,*,#2891,.F.);
#4008=ORIENTED_EDGE('',*,*,#2901,.T.);
#4009=ORIENTED_EDGE('',*,*,#2897,.F.);
#4010=ORIENTED_EDGE('',*,*,#2902,.F.);
#4011=ORIENTED_EDGE('',*,*,#2496,.T.);
#4012=ORIENTED_EDGE('',*,*,#2500,.T.);
#4013=ORIENTED_EDGE('',*,*,#2508,.T.);
#4014=ORIENTED_EDGE('',*,*,#2526,.T.);
#4015=ORIENTED_EDGE('',*,*,#2745,.T.);
#4016=ORIENTED_EDGE('',*,*,#2743,.T.);
#4017=ORIENTED_EDGE('',*,*,#2741,.T.);
#4018=ORIENTED_EDGE('',*,*,#2739,.T.);
#4019=ORIENTED_EDGE('',*,*,#2737,.T.);
#4020=ORIENTED_EDGE('',*,*,#2734,.T.);
#4021=ORIENTED_EDGE('',*,*,#2757,.T.);
#4022=ORIENTED_EDGE('',*,*,#2755,.T.);
#4023=ORIENTED_EDGE('',*,*,#2753,.T.);
#4024=ORIENTED_EDGE('',*,*,#2751,.T.);
#4025=ORIENTED_EDGE('',*,*,#2749,.T.);
#4026=ORIENTED_EDGE('',*,*,#2746,.T.);
#4027=ORIENTED_EDGE('',*,*,#2903,.F.);
#4028=ORIENTED_EDGE('',*,*,#2904,.T.);
#4029=ORIENTED_EDGE('',*,*,#2905,.F.);
#4030=ORIENTED_EDGE('',*,*,#2904,.F.);
#4031=ORIENTED_EDGE('',*,*,#2906,.F.);
#4032=ORIENTED_EDGE('',*,*,#2907,.T.);
#4033=ORIENTED_EDGE('',*,*,#2908,.F.);
#4034=ORIENTED_EDGE('',*,*,#2907,.F.);
#4035=ORIENTED_EDGE('',*,*,#2909,.F.);
#4036=ORIENTED_EDGE('',*,*,#2910,.T.);
#4037=ORIENTED_EDGE('',*,*,#2911,.F.);
#4038=ORIENTED_EDGE('',*,*,#2910,.F.);
#4039=ORIENTED_EDGE('',*,*,#2912,.F.);
#4040=ORIENTED_EDGE('',*,*,#2913,.T.);
#4041=ORIENTED_EDGE('',*,*,#2914,.F.);
#4042=ORIENTED_EDGE('',*,*,#2913,.F.);
#4043=ORIENTED_EDGE('',*,*,#2915,.F.);
#4044=ORIENTED_EDGE('',*,*,#2916,.T.);
#4045=ORIENTED_EDGE('',*,*,#2917,.F.);
#4046=ORIENTED_EDGE('',*,*,#2916,.F.);
#4047=ORIENTED_EDGE('',*,*,#2918,.F.);
#4048=ORIENTED_EDGE('',*,*,#2919,.T.);
#4049=ORIENTED_EDGE('',*,*,#2920,.F.);
#4050=ORIENTED_EDGE('',*,*,#2919,.F.);
#4051=ORIENTED_EDGE('',*,*,#2921,.F.);
#4052=ORIENTED_EDGE('',*,*,#2922,.T.);
#4053=ORIENTED_EDGE('',*,*,#2923,.F.);
#4054=ORIENTED_EDGE('',*,*,#2922,.F.);
#4055=ORIENTED_EDGE('',*,*,#2924,.F.);
#4056=ORIENTED_EDGE('',*,*,#2925,.T.);
#4057=ORIENTED_EDGE('',*,*,#2926,.F.);
#4058=ORIENTED_EDGE('',*,*,#2925,.F.);
#4059=ORIENTED_EDGE('',*,*,#2927,.F.);
#4060=ORIENTED_EDGE('',*,*,#2928,.T.);
#4061=ORIENTED_EDGE('',*,*,#2929,.F.);
#4062=ORIENTED_EDGE('',*,*,#2928,.F.);
#4063=ORIENTED_EDGE('',*,*,#2930,.F.);
#4064=ORIENTED_EDGE('',*,*,#2931,.T.);
#4065=ORIENTED_EDGE('',*,*,#2932,.F.);
#4066=ORIENTED_EDGE('',*,*,#2931,.F.);
#4067=ORIENTED_EDGE('',*,*,#2933,.F.);
#4068=ORIENTED_EDGE('',*,*,#2934,.T.);
#4069=ORIENTED_EDGE('',*,*,#2935,.F.);
#4070=ORIENTED_EDGE('',*,*,#2934,.F.);
#4071=ORIENTED_EDGE('',*,*,#2936,.F.);
#4072=ORIENTED_EDGE('',*,*,#2937,.T.);
#4073=ORIENTED_EDGE('',*,*,#2938,.F.);
#4074=ORIENTED_EDGE('',*,*,#2937,.F.);
#4075=ORIENTED_EDGE('',*,*,#2939,.T.);
#4076=ORIENTED_EDGE('',*,*,#2940,.T.);
#4077=ORIENTED_EDGE('',*,*,#2941,.F.);
#4078=ORIENTED_EDGE('',*,*,#2940,.F.);
#4079=ORIENTED_EDGE('',*,*,#2445,.T.);
#4080=ORIENTED_EDGE('',*,*,#2448,.F.);
#4081=ORIENTED_EDGE('',*,*,#2506,.T.);
#4082=ORIENTED_EDGE('',*,*,#2942,.T.);
#4083=ORIENTED_EDGE('',*,*,#2943,.F.);
#4084=ORIENTED_EDGE('',*,*,#2944,.T.);
#4085=ORIENTED_EDGE('',*,*,#2785,.F.);
#4086=ORIENTED_EDGE('',*,*,#2945,.T.);
#4087=ORIENTED_EDGE('',*,*,#2862,.F.);
#4088=ORIENTED_EDGE('',*,*,#2946,.F.);
#4089=ORIENTED_EDGE('',*,*,#2947,.T.);
#4090=ORIENTED_EDGE('',*,*,#2501,.T.);
#4091=ORIENTED_EDGE('',*,*,#2438,.T.);
#4092=ORIENTED_EDGE('',*,*,#2525,.T.);
#4093=ORIENTED_EDGE('',*,*,#2769,.T.);
#4094=ORIENTED_EDGE('',*,*,#2767,.T.);
#4095=ORIENTED_EDGE('',*,*,#2765,.T.);
#4096=ORIENTED_EDGE('',*,*,#2763,.T.);
#4097=ORIENTED_EDGE('',*,*,#2761,.T.);
#4098=ORIENTED_EDGE('',*,*,#2758,.T.);
#4099=ORIENTED_EDGE('',*,*,#2781,.T.);
#4100=ORIENTED_EDGE('',*,*,#2779,.T.);
#4101=ORIENTED_EDGE('',*,*,#2777,.T.);
#4102=ORIENTED_EDGE('',*,*,#2775,.T.);
#4103=ORIENTED_EDGE('',*,*,#2773,.T.);
#4104=ORIENTED_EDGE('',*,*,#2770,.T.);
#4105=ORIENTED_EDGE('',*,*,#2948,.F.);
#4106=ORIENTED_EDGE('',*,*,#2949,.T.);
#4107=ORIENTED_EDGE('',*,*,#2943,.T.);
#4108=ORIENTED_EDGE('',*,*,#2950,.F.);
#4109=ORIENTED_EDGE('',*,*,#2951,.F.);
#4110=ORIENTED_EDGE('',*,*,#2786,.F.);
#4111=ORIENTED_EDGE('',*,*,#2944,.F.);
#4112=ORIENTED_EDGE('',*,*,#2949,.F.);
#4113=ORIENTED_EDGE('',*,*,#2952,.F.);
#4114=ORIENTED_EDGE('',*,*,#2953,.T.);
#4115=ORIENTED_EDGE('',*,*,#2954,.F.);
#4116=ORIENTED_EDGE('',*,*,#2948,.T.);
#4117=ORIENTED_EDGE('',*,*,#2955,.T.);
#4118=ORIENTED_EDGE('',*,*,#2956,.T.);
#4119=ORIENTED_EDGE('',*,*,#2782,.T.);
#4120=ORIENTED_EDGE('',*,*,#2951,.T.);
#4121=ORIENTED_EDGE('',*,*,#2783,.T.);
#4122=ORIENTED_EDGE('',*,*,#2957,.T.);
#4123=ORIENTED_EDGE('',*,*,#2958,.F.);
#4124=ORIENTED_EDGE('',*,*,#2959,.T.);
#4125=ORIENTED_EDGE('',*,*,#2960,.F.);
#4126=ORIENTED_EDGE('',*,*,#2863,.F.);
#4127=ORIENTED_EDGE('',*,*,#2945,.F.);
#4128=ORIENTED_EDGE('',*,*,#2787,.F.);
#4129=ORIENTED_EDGE('',*,*,#2959,.F.);
#4130=ORIENTED_EDGE('',*,*,#2961,.F.);
#4131=ORIENTED_EDGE('',*,*,#2962,.F.);
#4132=ORIENTED_EDGE('',*,*,#2860,.T.);
#4133=ORIENTED_EDGE('',*,*,#2963,.F.);
#4134=ORIENTED_EDGE('',*,*,#2964,.F.);
#4135=ORIENTED_EDGE('',*,*,#2965,.F.);
#4136=ORIENTED_EDGE('',*,*,#2966,.F.);
#4137=ORIENTED_EDGE('',*,*,#2939,.F.);
#4138=ORIENTED_EDGE('',*,*,#2859,.T.);
#4139=ORIENTED_EDGE('',*,*,#2857,.T.);
#4140=ORIENTED_EDGE('',*,*,#2855,.T.);
#4141=ORIENTED_EDGE('',*,*,#2853,.T.);
#4142=ORIENTED_EDGE('',*,*,#2851,.T.);
#4143=ORIENTED_EDGE('',*,*,#2848,.T.);
#4144=ORIENTED_EDGE('',*,*,#2847,.T.);
#4145=ORIENTED_EDGE('',*,*,#2845,.T.);
#4146=ORIENTED_EDGE('',*,*,#2843,.T.);
#4147=ORIENTED_EDGE('',*,*,#2841,.T.);
#4148=ORIENTED_EDGE('',*,*,#2839,.T.);
#4149=ORIENTED_EDGE('',*,*,#2836,.T.);
#4150=ORIENTED_EDGE('',*,*,#2835,.T.);
#4151=ORIENTED_EDGE('',*,*,#2833,.T.);
#4152=ORIENTED_EDGE('',*,*,#2831,.T.);
#4153=ORIENTED_EDGE('',*,*,#2829,.T.);
#4154=ORIENTED_EDGE('',*,*,#2827,.T.);
#4155=ORIENTED_EDGE('',*,*,#2824,.T.);
#4156=ORIENTED_EDGE('',*,*,#2823,.T.);
#4157=ORIENTED_EDGE('',*,*,#2821,.T.);
#4158=ORIENTED_EDGE('',*,*,#2819,.T.);
#4159=ORIENTED_EDGE('',*,*,#2817,.T.);
#4160=ORIENTED_EDGE('',*,*,#2815,.T.);
#4161=ORIENTED_EDGE('',*,*,#2812,.T.);
#4162=ORIENTED_EDGE('',*,*,#2811,.T.);
#4163=ORIENTED_EDGE('',*,*,#2809,.T.);
#4164=ORIENTED_EDGE('',*,*,#2807,.T.);
#4165=ORIENTED_EDGE('',*,*,#2805,.T.);
#4166=ORIENTED_EDGE('',*,*,#2803,.T.);
#4167=ORIENTED_EDGE('',*,*,#2800,.T.);
#4168=ORIENTED_EDGE('',*,*,#2799,.T.);
#4169=ORIENTED_EDGE('',*,*,#2797,.T.);
#4170=ORIENTED_EDGE('',*,*,#2795,.T.);
#4171=ORIENTED_EDGE('',*,*,#2793,.T.);
#4172=ORIENTED_EDGE('',*,*,#2791,.T.);
#4173=ORIENTED_EDGE('',*,*,#2788,.T.);
#4174=ORIENTED_EDGE('',*,*,#2967,.F.);
#4175=ORIENTED_EDGE('',*,*,#2903,.T.);
#4176=ORIENTED_EDGE('',*,*,#2968,.F.);
#4177=ORIENTED_EDGE('',*,*,#2906,.T.);
#4178=ORIENTED_EDGE('',*,*,#2969,.F.);
#4179=ORIENTED_EDGE('',*,*,#2927,.T.);
#4180=ORIENTED_EDGE('',*,*,#2970,.F.);
#4181=ORIENTED_EDGE('',*,*,#2912,.T.);
#4182=ORIENTED_EDGE('',*,*,#2971,.F.);
#4183=ORIENTED_EDGE('',*,*,#2915,.T.);
#4184=ORIENTED_EDGE('',*,*,#2972,.F.);
#4185=ORIENTED_EDGE('',*,*,#2918,.T.);
#4186=ORIENTED_EDGE('',*,*,#2973,.F.);
#4187=ORIENTED_EDGE('',*,*,#2921,.T.);
#4188=ORIENTED_EDGE('',*,*,#2974,.F.);
#4189=ORIENTED_EDGE('',*,*,#2909,.T.);
#4190=ORIENTED_EDGE('',*,*,#2975,.F.);
#4191=ORIENTED_EDGE('',*,*,#2930,.T.);
#4192=ORIENTED_EDGE('',*,*,#2976,.F.);
#4193=ORIENTED_EDGE('',*,*,#2933,.T.);
#4194=ORIENTED_EDGE('',*,*,#2977,.F.);
#4195=ORIENTED_EDGE('',*,*,#2936,.T.);
#4196=ORIENTED_EDGE('',*,*,#2978,.F.);
#4197=ORIENTED_EDGE('',*,*,#2924,.T.);
#4198=ORIENTED_EDGE('',*,*,#2946,.T.);
#4199=ORIENTED_EDGE('',*,*,#2861,.T.);
#4200=ORIENTED_EDGE('',*,*,#2979,.F.);
#4201=ORIENTED_EDGE('',*,*,#2980,.F.);
#4202=ORIENTED_EDGE('',*,*,#2981,.T.);
#4203=ORIENTED_EDGE('',*,*,#2415,.F.);
#4204=ORIENTED_EDGE('',*,*,#2502,.F.);
#4205=ORIENTED_EDGE('',*,*,#2947,.F.);
#4206=ORIENTED_EDGE('',*,*,#2981,.F.);
#4207=ORIENTED_EDGE('',*,*,#2982,.F.);
#4208=ORIENTED_EDGE('',*,*,#2983,.F.);
#4209=ORIENTED_EDGE('',*,*,#2421,.F.);
#4210=ORIENTED_EDGE('',*,*,#2983,.T.);
#4211=ORIENTED_EDGE('',*,*,#2984,.F.);
#4212=ORIENTED_EDGE('',*,*,#2985,.T.);
#4213=ORIENTED_EDGE('',*,*,#2396,.F.);
#4214=ORIENTED_EDGE('',*,*,#2986,.T.);
#4215=ORIENTED_EDGE('',*,*,#2987,.F.);
#4216=ORIENTED_EDGE('',*,*,#2515,.T.);
#4217=ORIENTED_EDGE('',*,*,#2533,.F.);
#4218=ORIENTED_EDGE('',*,*,#2517,.T.);
#4219=ORIENTED_EDGE('',*,*,#2988,.F.);
#4220=ORIENTED_EDGE('',*,*,#2866,.T.);
#4221=ORIENTED_EDGE('',*,*,#2989,.F.);
#4222=ORIENTED_EDGE('',*,*,#2990,.F.);
#4223=ORIENTED_EDGE('',*,*,#2864,.T.);
#4224=ORIENTED_EDGE('',*,*,#2991,.F.);
#4225=ORIENTED_EDGE('',*,*,#2530,.F.);
#4226=ORIENTED_EDGE('',*,*,#2535,.F.);
#4227=ORIENTED_EDGE('',*,*,#2865,.F.);
#4228=ORIENTED_EDGE('',*,*,#2992,.F.);
#4229=ORIENTED_EDGE('',*,*,#2993,.F.);
#4230=ORIENTED_EDGE('',*,*,#2531,.T.);
#4231=ORIENTED_EDGE('',*,*,#2994,.F.);
#4232=ORIENTED_EDGE('',*,*,#2869,.F.);
#4233=ORIENTED_EDGE('',*,*,#2536,.F.);
#4234=ORIENTED_EDGE('',*,*,#2532,.F.);
#4235=ORIENTED_EDGE('',*,*,#2538,.T.);
#4236=ORIENTED_EDGE('',*,*,#2868,.T.);
#4237=ORIENTED_EDGE('',*,*,#2995,.F.);
#4238=ORIENTED_EDGE('',*,*,#2522,.T.);
#4239=ORIENTED_EDGE('',*,*,#2996,.F.);
#4240=ORIENTED_EDGE('',*,*,#2997,.F.);
#4241=ORIENTED_EDGE('',*,*,#2867,.T.);
#4242=ORIENTED_EDGE('',*,*,#2386,.F.);
#4243=ORIENTED_EDGE('',*,*,#2524,.T.);
#4244=ORIENTED_EDGE('',*,*,#2998,.F.);
#4245=ORIENTED_EDGE('',*,*,#2999,.T.);
#4246=ORIENTED_EDGE('',*,*,#2389,.F.);
#4247=ORIENTED_EDGE('',*,*,#2999,.F.);
#4248=ORIENTED_EDGE('',*,*,#3000,.T.);
#4249=ORIENTED_EDGE('',*,*,#3001,.F.);
#4250=ORIENTED_EDGE('',*,*,#3002,.T.);
#4251=ORIENTED_EDGE('',*,*,#3003,.T.);
#4252=ORIENTED_EDGE('',*,*,#3004,.F.);
#4253=ORIENTED_EDGE('',*,*,#2986,.F.);
#4254=ORIENTED_EDGE('',*,*,#2361,.F.);
#4255=ORIENTED_EDGE('',*,*,#3005,.T.);
#4256=ORIENTED_EDGE('',*,*,#3006,.F.);
#4257=ORIENTED_EDGE('',*,*,#2511,.T.);
#4258=ORIENTED_EDGE('',*,*,#2882,.F.);
#4259=ORIENTED_EDGE('',*,*,#2513,.T.);
#4260=ORIENTED_EDGE('',*,*,#3007,.F.);
#4261=ORIENTED_EDGE('',*,*,#2873,.T.);
#4262=ORIENTED_EDGE('',*,*,#3008,.F.);
#4263=ORIENTED_EDGE('',*,*,#3009,.F.);
#4264=ORIENTED_EDGE('',*,*,#2870,.T.);
#4265=ORIENTED_EDGE('',*,*,#3010,.F.);
#4266=ORIENTED_EDGE('',*,*,#2875,.F.);
#4267=ORIENTED_EDGE('',*,*,#2883,.F.);
#4268=ORIENTED_EDGE('',*,*,#2871,.F.);
#4269=ORIENTED_EDGE('',*,*,#3011,.F.);
#4270=ORIENTED_EDGE('',*,*,#3012,.F.);
#4271=ORIENTED_EDGE('',*,*,#2876,.T.);
#4272=ORIENTED_EDGE('',*,*,#3013,.F.);
#4273=ORIENTED_EDGE('',*,*,#2881,.F.);
#4274=ORIENTED_EDGE('',*,*,#2884,.F.);
#4275=ORIENTED_EDGE('',*,*,#2877,.F.);
#4276=ORIENTED_EDGE('',*,*,#2885,.T.);
#4277=ORIENTED_EDGE('',*,*,#2879,.T.);
#4278=ORIENTED_EDGE('',*,*,#3014,.F.);
#4279=ORIENTED_EDGE('',*,*,#3015,.T.);
#4280=ORIENTED_EDGE('',*,*,#3016,.F.);
#4281=ORIENTED_EDGE('',*,*,#3017,.F.);
#4282=ORIENTED_EDGE('',*,*,#2878,.T.);
#4283=ORIENTED_EDGE('',*,*,#2345,.F.);
#4284=ORIENTED_EDGE('',*,*,#2510,.F.);
#4285=ORIENTED_EDGE('',*,*,#2886,.F.);
#4286=ORIENTED_EDGE('',*,*,#3015,.F.);
#4287=ORIENTED_EDGE('',*,*,#3018,.F.);
#4288=ORIENTED_EDGE('',*,*,#3019,.F.);
#4289=ORIENTED_EDGE('',*,*,#2351,.F.);
#4290=ORIENTED_EDGE('',*,*,#3019,.T.);
#4291=ORIENTED_EDGE('',*,*,#3020,.F.);
#4292=ORIENTED_EDGE('',*,*,#3021,.T.);
#4293=ORIENTED_EDGE('',*,*,#2354,.F.);
#4294=ORIENTED_EDGE('',*,*,#3021,.F.);
#4295=ORIENTED_EDGE('',*,*,#3022,.T.);
#4296=ORIENTED_EDGE('',*,*,#3023,.F.);
#4297=ORIENTED_EDGE('',*,*,#3024,.T.);
#4298=ORIENTED_EDGE('',*,*,#3025,.T.);
#4299=ORIENTED_EDGE('',*,*,#3026,.F.);
#4300=ORIENTED_EDGE('',*,*,#3005,.F.);
#4301=ORIENTED_EDGE('',*,*,#2899,.F.);
#4302=ORIENTED_EDGE('',*,*,#2480,.T.);
#4303=ORIENTED_EDGE('',*,*,#3027,.F.);
#4304=ORIENTED_EDGE('',*,*,#2890,.T.);
#4305=ORIENTED_EDGE('',*,*,#3028,.F.);
#4306=ORIENTED_EDGE('',*,*,#3029,.F.);
#4307=ORIENTED_EDGE('',*,*,#2887,.T.);
#4308=ORIENTED_EDGE('',*,*,#3030,.F.);
#4309=ORIENTED_EDGE('',*,*,#2892,.F.);
#4310=ORIENTED_EDGE('',*,*,#2900,.F.);
#4311=ORIENTED_EDGE('',*,*,#2888,.F.);
#4312=ORIENTED_EDGE('',*,*,#3031,.F.);
#4313=ORIENTED_EDGE('',*,*,#3032,.F.);
#4314=ORIENTED_EDGE('',*,*,#2893,.T.);
#4315=ORIENTED_EDGE('',*,*,#3033,.F.);
#4316=ORIENTED_EDGE('',*,*,#2898,.F.);
#4317=ORIENTED_EDGE('',*,*,#2901,.F.);
#4318=ORIENTED_EDGE('',*,*,#2894,.F.);
#4319=ORIENTED_EDGE('',*,*,#2902,.T.);
#4320=ORIENTED_EDGE('',*,*,#2896,.T.);
#4321=ORIENTED_EDGE('',*,*,#3034,.F.);
#4322=ORIENTED_EDGE('',*,*,#2497,.T.);
#4323=ORIENTED_EDGE('',*,*,#3035,.F.);
#4324=ORIENTED_EDGE('',*,*,#3036,.F.);
#4325=ORIENTED_EDGE('',*,*,#2895,.T.);
#4326=ORIENTED_EDGE('',*,*,#3037,.F.);
#4327=ORIENTED_EDGE('',*,*,#3038,.F.);
#4328=ORIENTED_EDGE('',*,*,#3039,.F.);
#4329=ORIENTED_EDGE('',*,*,#3002,.F.);
#4330=ORIENTED_EDGE('',*,*,#3040,.F.);
#4331=ORIENTED_EDGE('',*,*,#3024,.F.);
#4332=ORIENTED_EDGE('',*,*,#3041,.F.);
#4333=ORIENTED_EDGE('',*,*,#2490,.F.);
#4334=ORIENTED_EDGE('',*,*,#2941,.T.);
#4335=ORIENTED_EDGE('',*,*,#3042,.T.);
#4336=ORIENTED_EDGE('',*,*,#2938,.T.);
#4337=ORIENTED_EDGE('',*,*,#2935,.T.);
#4338=ORIENTED_EDGE('',*,*,#2932,.T.);
#4339=ORIENTED_EDGE('',*,*,#2929,.T.);
#4340=ORIENTED_EDGE('',*,*,#2926,.T.);
#4341=ORIENTED_EDGE('',*,*,#2923,.T.);
#4342=ORIENTED_EDGE('',*,*,#2920,.T.);
#4343=ORIENTED_EDGE('',*,*,#2917,.T.);
#4344=ORIENTED_EDGE('',*,*,#2914,.T.);
#4345=ORIENTED_EDGE('',*,*,#2911,.T.);
#4346=ORIENTED_EDGE('',*,*,#2908,.T.);
#4347=ORIENTED_EDGE('',*,*,#2905,.T.);
#4348=ORIENTED_EDGE('',*,*,#2556,.T.);
#4349=ORIENTED_EDGE('',*,*,#2553,.T.);
#4350=ORIENTED_EDGE('',*,*,#2424,.F.);
#4351=ORIENTED_EDGE('',*,*,#2985,.F.);
#4352=ORIENTED_EDGE('',*,*,#3043,.T.);
#4353=ORIENTED_EDGE('',*,*,#3044,.F.);
#4354=ORIENTED_EDGE('',*,*,#3038,.T.);
#4355=ORIENTED_EDGE('',*,*,#3045,.T.);
#4356=ORIENTED_EDGE('',*,*,#3046,.F.);
#4357=ORIENTED_EDGE('',*,*,#3047,.F.);
#4358=ORIENTED_EDGE('',*,*,#2431,.F.);
#4359=ORIENTED_EDGE('',*,*,#3047,.T.);
#4360=ORIENTED_EDGE('',*,*,#3048,.F.);
#4361=ORIENTED_EDGE('',*,*,#2503,.T.);
#4362=ORIENTED_EDGE('',*,*,#2942,.F.);
#4363=ORIENTED_EDGE('',*,*,#2505,.T.);
#4364=ORIENTED_EDGE('',*,*,#3049,.F.);
#4365=ORIENTED_EDGE('',*,*,#3050,.F.);
#4366=ORIENTED_EDGE('',*,*,#2950,.T.);
#4367=ORIENTED_EDGE('',*,*,#3051,.F.);
#4368=ORIENTED_EDGE('',*,*,#3052,.T.);
#4369=ORIENTED_EDGE('',*,*,#2953,.F.);
#4370=ORIENTED_EDGE('',*,*,#3050,.T.);
#4371=ORIENTED_EDGE('',*,*,#2954,.T.);
#4372=ORIENTED_EDGE('',*,*,#3053,.T.);
#4373=ORIENTED_EDGE('',*,*,#2955,.F.);
#4374=ORIENTED_EDGE('',*,*,#2952,.T.);
#4375=ORIENTED_EDGE('',*,*,#2957,.F.);
#4376=ORIENTED_EDGE('',*,*,#2956,.F.);
#4377=ORIENTED_EDGE('',*,*,#3054,.F.);
#4378=ORIENTED_EDGE('',*,*,#2961,.T.);
#4379=ORIENTED_EDGE('',*,*,#2960,.T.);
#4380=ORIENTED_EDGE('',*,*,#2958,.T.);
#4381=ORIENTED_EDGE('',*,*,#3055,.T.);
#4382=ORIENTED_EDGE('',*,*,#2962,.T.);
#4383=ORIENTED_EDGE('',*,*,#3056,.T.);
#4384=ORIENTED_EDGE('',*,*,#3057,.F.);
#4385=ORIENTED_EDGE('',*,*,#2979,.T.);
#4386=ORIENTED_EDGE('',*,*,#3058,.F.);
#4387=ORIENTED_EDGE('',*,*,#3059,.T.);
#4388=ORIENTED_EDGE('',*,*,#3042,.F.);
#4389=ORIENTED_EDGE('',*,*,#3059,.F.);
#4390=ORIENTED_EDGE('',*,*,#2598,.F.);
#4391=ORIENTED_EDGE('',*,*,#3060,.T.);
#4392=ORIENTED_EDGE('',*,*,#2963,.T.);
#4393=ORIENTED_EDGE('',*,*,#3061,.F.);
#4394=ORIENTED_EDGE('',*,*,#2601,.F.);
#4395=ORIENTED_EDGE('',*,*,#3062,.T.);
#4396=ORIENTED_EDGE('',*,*,#2964,.T.);
#4397=ORIENTED_EDGE('',*,*,#3060,.F.);
#4398=ORIENTED_EDGE('',*,*,#2600,.F.);
#4399=ORIENTED_EDGE('',*,*,#3063,.T.);
#4400=ORIENTED_EDGE('',*,*,#2965,.T.);
#4401=ORIENTED_EDGE('',*,*,#3062,.F.);
#4402=ORIENTED_EDGE('',*,*,#2599,.F.);
#4403=ORIENTED_EDGE('',*,*,#3061,.T.);
#4404=ORIENTED_EDGE('',*,*,#2966,.T.);
#4405=ORIENTED_EDGE('',*,*,#3063,.F.);
#4406=ORIENTED_EDGE('',*,*,#2612,.F.);
#4407=ORIENTED_EDGE('',*,*,#3064,.T.);
#4408=ORIENTED_EDGE('',*,*,#2967,.T.);
#4409=ORIENTED_EDGE('',*,*,#3064,.F.);
#4410=ORIENTED_EDGE('',*,*,#2611,.F.);
#4411=ORIENTED_EDGE('',*,*,#3065,.T.);
#4412=ORIENTED_EDGE('',*,*,#2968,.T.);
#4413=ORIENTED_EDGE('',*,*,#3065,.F.);
#4414=ORIENTED_EDGE('',*,*,#2610,.F.);
#4415=ORIENTED_EDGE('',*,*,#3066,.T.);
#4416=ORIENTED_EDGE('',*,*,#2969,.T.);
#4417=ORIENTED_EDGE('',*,*,#3066,.F.);
#4418=ORIENTED_EDGE('',*,*,#2609,.F.);
#4419=ORIENTED_EDGE('',*,*,#3067,.T.);
#4420=ORIENTED_EDGE('',*,*,#2970,.T.);
#4421=ORIENTED_EDGE('',*,*,#3067,.F.);
#4422=ORIENTED_EDGE('',*,*,#2608,.F.);
#4423=ORIENTED_EDGE('',*,*,#3068,.T.);
#4424=ORIENTED_EDGE('',*,*,#2971,.T.);
#4425=ORIENTED_EDGE('',*,*,#3068,.F.);
#4426=ORIENTED_EDGE('',*,*,#2607,.F.);
#4427=ORIENTED_EDGE('',*,*,#3069,.T.);
#4428=ORIENTED_EDGE('',*,*,#2972,.T.);
#4429=ORIENTED_EDGE('',*,*,#3069,.F.);
#4430=ORIENTED_EDGE('',*,*,#2606,.F.);
#4431=ORIENTED_EDGE('',*,*,#3070,.T.);
#4432=ORIENTED_EDGE('',*,*,#2973,.T.);
#4433=ORIENTED_EDGE('',*,*,#3070,.F.);
#4434=ORIENTED_EDGE('',*,*,#2605,.F.);
#4435=ORIENTED_EDGE('',*,*,#3071,.T.);
#4436=ORIENTED_EDGE('',*,*,#2974,.T.);
#4437=ORIENTED_EDGE('',*,*,#3071,.F.);
#4438=ORIENTED_EDGE('',*,*,#2604,.F.);
#4439=ORIENTED_EDGE('',*,*,#3072,.T.);
#4440=ORIENTED_EDGE('',*,*,#2975,.T.);
#4441=ORIENTED_EDGE('',*,*,#3072,.F.);
#4442=ORIENTED_EDGE('',*,*,#2603,.F.);
#4443=ORIENTED_EDGE('',*,*,#3073,.T.);
#4444=ORIENTED_EDGE('',*,*,#2976,.T.);
#4445=ORIENTED_EDGE('',*,*,#3073,.F.);
#4446=ORIENTED_EDGE('',*,*,#2602,.F.);
#4447=ORIENTED_EDGE('',*,*,#3074,.T.);
#4448=ORIENTED_EDGE('',*,*,#2977,.T.);
#4449=ORIENTED_EDGE('',*,*,#3074,.F.);
#4450=ORIENTED_EDGE('',*,*,#3075,.F.);
#4451=ORIENTED_EDGE('',*,*,#2596,.F.);
#4452=ORIENTED_EDGE('',*,*,#3076,.T.);
#4453=ORIENTED_EDGE('',*,*,#2978,.T.);
#4454=ORIENTED_EDGE('',*,*,#3076,.F.);
#4455=ORIENTED_EDGE('',*,*,#2595,.F.);
#4456=ORIENTED_EDGE('',*,*,#3077,.F.);
#4457=ORIENTED_EDGE('',*,*,#3057,.T.);
#4458=ORIENTED_EDGE('',*,*,#2593,.T.);
#4459=ORIENTED_EDGE('',*,*,#3078,.F.);
#4460=ORIENTED_EDGE('',*,*,#2980,.T.);
#4461=ORIENTED_EDGE('',*,*,#3078,.T.);
#4462=ORIENTED_EDGE('',*,*,#2592,.T.);
#4463=ORIENTED_EDGE('',*,*,#3079,.F.);
#4464=ORIENTED_EDGE('',*,*,#2982,.T.);
#4465=ORIENTED_EDGE('',*,*,#3043,.F.);
#4466=ORIENTED_EDGE('',*,*,#2984,.T.);
#4467=ORIENTED_EDGE('',*,*,#3079,.T.);
#4468=ORIENTED_EDGE('',*,*,#2591,.T.);
#4469=ORIENTED_EDGE('',*,*,#3080,.T.);
#4470=ORIENTED_EDGE('',*,*,#3039,.T.);
#4471=ORIENTED_EDGE('',*,*,#3044,.T.);
#4472=ORIENTED_EDGE('',*,*,#3080,.F.);
#4473=ORIENTED_EDGE('',*,*,#2590,.F.);
#4474=ORIENTED_EDGE('',*,*,#3081,.T.);
#4475=ORIENTED_EDGE('',*,*,#3003,.F.);
#4476=ORIENTED_EDGE('',*,*,#3081,.F.);
#4477=ORIENTED_EDGE('',*,*,#2589,.T.);
#4478=ORIENTED_EDGE('',*,*,#3082,.F.);
#4479=ORIENTED_EDGE('',*,*,#2987,.T.);
#4480=ORIENTED_EDGE('',*,*,#3004,.T.);
#4481=ORIENTED_EDGE('',*,*,#3082,.T.);
#4482=ORIENTED_EDGE('',*,*,#2588,.T.);
#4483=ORIENTED_EDGE('',*,*,#3083,.F.);
#4484=ORIENTED_EDGE('',*,*,#2516,.T.);
#4485=ORIENTED_EDGE('',*,*,#3083,.T.);
#4486=ORIENTED_EDGE('',*,*,#2587,.T.);
#4487=ORIENTED_EDGE('',*,*,#2989,.T.);
#4488=ORIENTED_EDGE('',*,*,#2988,.T.);
#4489=ORIENTED_EDGE('',*,*,#2992,.T.);
#4490=ORIENTED_EDGE('',*,*,#2991,.T.);
#4491=ORIENTED_EDGE('',*,*,#2990,.T.);
#4492=ORIENTED_EDGE('',*,*,#2586,.T.);
#4493=ORIENTED_EDGE('',*,*,#2996,.T.);
#4494=ORIENTED_EDGE('',*,*,#2994,.T.);
#4495=ORIENTED_EDGE('',*,*,#2993,.T.);
#4496=ORIENTED_EDGE('',*,*,#2585,.T.);
#4497=ORIENTED_EDGE('',*,*,#2997,.T.);
#4498=ORIENTED_EDGE('',*,*,#2584,.T.);
#4499=ORIENTED_EDGE('',*,*,#3084,.F.);
#4500=ORIENTED_EDGE('',*,*,#2995,.T.);
#4501=ORIENTED_EDGE('',*,*,#3084,.T.);
#4502=ORIENTED_EDGE('',*,*,#2583,.T.);
#4503=ORIENTED_EDGE('',*,*,#3085,.F.);
#4504=ORIENTED_EDGE('',*,*,#2523,.T.);
#4505=ORIENTED_EDGE('',*,*,#3000,.F.);
#4506=ORIENTED_EDGE('',*,*,#2998,.T.);
#4507=ORIENTED_EDGE('',*,*,#3085,.T.);
#4508=ORIENTED_EDGE('',*,*,#2582,.T.);
#4509=ORIENTED_EDGE('',*,*,#3086,.T.);
#4510=ORIENTED_EDGE('',*,*,#3040,.T.);
#4511=ORIENTED_EDGE('',*,*,#3001,.T.);
#4512=ORIENTED_EDGE('',*,*,#3086,.F.);
#4513=ORIENTED_EDGE('',*,*,#2581,.F.);
#4514=ORIENTED_EDGE('',*,*,#3087,.T.);
#4515=ORIENTED_EDGE('',*,*,#3025,.F.);
#4516=ORIENTED_EDGE('',*,*,#3087,.F.);
#4517=ORIENTED_EDGE('',*,*,#2580,.T.);
#4518=ORIENTED_EDGE('',*,*,#3088,.T.);
#4519=ORIENTED_EDGE('',*,*,#3006,.T.);
#4520=ORIENTED_EDGE('',*,*,#3026,.T.);
#4521=ORIENTED_EDGE('',*,*,#3089,.T.);
#4522=ORIENTED_EDGE('',*,*,#2512,.T.);
#4523=ORIENTED_EDGE('',*,*,#3088,.F.);
#4524=ORIENTED_EDGE('',*,*,#2579,.T.);
#4525=ORIENTED_EDGE('',*,*,#3008,.T.);
#4526=ORIENTED_EDGE('',*,*,#3007,.T.);
#4527=ORIENTED_EDGE('',*,*,#3089,.F.);
#4528=ORIENTED_EDGE('',*,*,#2578,.T.);
#4529=ORIENTED_EDGE('',*,*,#3011,.T.);
#4530=ORIENTED_EDGE('',*,*,#3010,.T.);
#4531=ORIENTED_EDGE('',*,*,#3009,.T.);
#4532=ORIENTED_EDGE('',*,*,#2577,.T.);
#4533=ORIENTED_EDGE('',*,*,#3016,.T.);
#4534=ORIENTED_EDGE('',*,*,#3013,.T.);
#4535=ORIENTED_EDGE('',*,*,#3012,.T.);
#4536=ORIENTED_EDGE('',*,*,#2576,.T.);
#4537=ORIENTED_EDGE('',*,*,#3017,.T.);
#4538=ORIENTED_EDGE('',*,*,#2575,.T.);
#4539=ORIENTED_EDGE('',*,*,#3090,.T.);
#4540=ORIENTED_EDGE('',*,*,#3014,.T.);
#4541=ORIENTED_EDGE('',*,*,#3091,.T.);
#4542=ORIENTED_EDGE('',*,*,#3018,.T.);
#4543=ORIENTED_EDGE('',*,*,#3090,.F.);
#4544=ORIENTED_EDGE('',*,*,#2574,.T.);
#4545=ORIENTED_EDGE('',*,*,#3022,.F.);
#4546=ORIENTED_EDGE('',*,*,#3020,.T.);
#4547=ORIENTED_EDGE('',*,*,#3091,.F.);
#4548=ORIENTED_EDGE('',*,*,#2573,.T.);
#4549=ORIENTED_EDGE('',*,*,#3092,.T.);
#4550=ORIENTED_EDGE('',*,*,#3041,.T.);
#4551=ORIENTED_EDGE('',*,*,#3023,.T.);
#4552=ORIENTED_EDGE('',*,*,#3092,.F.);
#4553=ORIENTED_EDGE('',*,*,#2572,.F.);
#4554=ORIENTED_EDGE('',*,*,#3093,.T.);
#4555=ORIENTED_EDGE('',*,*,#2491,.F.);
#4556=ORIENTED_EDGE('',*,*,#3093,.F.);
#4557=ORIENTED_EDGE('',*,*,#2571,.T.);
#4558=ORIENTED_EDGE('',*,*,#3094,.F.);
#4559=ORIENTED_EDGE('',*,*,#2483,.T.);
#4560=ORIENTED_EDGE('',*,*,#2492,.T.);
#4561=ORIENTED_EDGE('',*,*,#3094,.T.);
#4562=ORIENTED_EDGE('',*,*,#2570,.T.);
#4563=ORIENTED_EDGE('',*,*,#3095,.F.);
#4564=ORIENTED_EDGE('',*,*,#2479,.T.);
#4565=ORIENTED_EDGE('',*,*,#3095,.T.);
#4566=ORIENTED_EDGE('',*,*,#2569,.T.);
#4567=ORIENTED_EDGE('',*,*,#3028,.T.);
#4568=ORIENTED_EDGE('',*,*,#3027,.T.);
#4569=ORIENTED_EDGE('',*,*,#3031,.T.);
#4570=ORIENTED_EDGE('',*,*,#3030,.T.);
#4571=ORIENTED_EDGE('',*,*,#3029,.T.);
#4572=ORIENTED_EDGE('',*,*,#2568,.T.);
#4573=ORIENTED_EDGE('',*,*,#3035,.T.);
#4574=ORIENTED_EDGE('',*,*,#3033,.T.);
#4575=ORIENTED_EDGE('',*,*,#3032,.T.);
#4576=ORIENTED_EDGE('',*,*,#2567,.T.);
#4577=ORIENTED_EDGE('',*,*,#3036,.T.);
#4578=ORIENTED_EDGE('',*,*,#2566,.T.);
#4579=ORIENTED_EDGE('',*,*,#3096,.F.);
#4580=ORIENTED_EDGE('',*,*,#3034,.T.);
#4581=ORIENTED_EDGE('',*,*,#3096,.T.);
#4582=ORIENTED_EDGE('',*,*,#2565,.T.);
#4583=ORIENTED_EDGE('',*,*,#3097,.F.);
#4584=ORIENTED_EDGE('',*,*,#2498,.T.);
#4585=ORIENTED_EDGE('',*,*,#2488,.F.);
#4586=ORIENTED_EDGE('',*,*,#2494,.T.);
#4587=ORIENTED_EDGE('',*,*,#3097,.T.);
#4588=ORIENTED_EDGE('',*,*,#2564,.T.);
#4589=ORIENTED_EDGE('',*,*,#3098,.T.);
#4590=ORIENTED_EDGE('',*,*,#3037,.T.);
#4591=ORIENTED_EDGE('',*,*,#2489,.T.);
#4592=ORIENTED_EDGE('',*,*,#3098,.F.);
#4593=ORIENTED_EDGE('',*,*,#2563,.F.);
#4594=ORIENTED_EDGE('',*,*,#3099,.T.);
#4595=ORIENTED_EDGE('',*,*,#3045,.F.);
#4596=ORIENTED_EDGE('',*,*,#3099,.F.);
#4597=ORIENTED_EDGE('',*,*,#2562,.T.);
#4598=ORIENTED_EDGE('',*,*,#3100,.F.);
#4599=ORIENTED_EDGE('',*,*,#3048,.T.);
#4600=ORIENTED_EDGE('',*,*,#3046,.T.);
#4601=ORIENTED_EDGE('',*,*,#3100,.T.);
#4602=ORIENTED_EDGE('',*,*,#2561,.T.);
#4603=ORIENTED_EDGE('',*,*,#3101,.F.);
#4604=ORIENTED_EDGE('',*,*,#2504,.T.);
#4605=ORIENTED_EDGE('',*,*,#3101,.T.);
#4606=ORIENTED_EDGE('',*,*,#2560,.T.);
#4607=ORIENTED_EDGE('',*,*,#3051,.T.);
#4608=ORIENTED_EDGE('',*,*,#3049,.T.);
#4609=ORIENTED_EDGE('',*,*,#3075,.T.);
#4610=ORIENTED_EDGE('',*,*,#3102,.T.);
#4611=ORIENTED_EDGE('',*,*,#3058,.T.);
#4612=ORIENTED_EDGE('',*,*,#3102,.F.);
#4613=ORIENTED_EDGE('',*,*,#3077,.T.);
#4614=ORIENTED_EDGE('',*,*,#2594,.T.);
#4615=ORIENTED_EDGE('',*,*,#3056,.F.);
#4616=ORIENTED_EDGE('',*,*,#3055,.F.);
#4617=ORIENTED_EDGE('',*,*,#3054,.T.);
#4618=ORIENTED_EDGE('',*,*,#3053,.F.);
#4619=ORIENTED_EDGE('',*,*,#3052,.F.);
#4620=ORIENTED_EDGE('',*,*,#2559,.T.);
#4621=CYLINDRICAL_SURFACE('',#5130,2.);
#4622=CYLINDRICAL_SURFACE('',#5144,2.);
#4623=CYLINDRICAL_SURFACE('',#5145,7.25000000000001);
#4624=CYLINDRICAL_SURFACE('',#5154,7.25000000000001);
#4625=CYLINDRICAL_SURFACE('',#5156,0.999999999999996);
#4626=CYLINDRICAL_SURFACE('',#5158,2.);
#4627=CYLINDRICAL_SURFACE('',#5172,2.);
#4628=CYLINDRICAL_SURFACE('',#5173,7.24999999999998);
#4629=CYLINDRICAL_SURFACE('',#5182,7.2500000000001);
#4630=CYLINDRICAL_SURFACE('',#5184,0.999999999999996);
#4631=CYLINDRICAL_SURFACE('',#5186,2.);
#4632=CYLINDRICAL_SURFACE('',#5200,2.);
#4633=CYLINDRICAL_SURFACE('',#5201,7.25);
#4634=CYLINDRICAL_SURFACE('',#5210,7.25);
#4635=CYLINDRICAL_SURFACE('',#5212,1.00000000000001);
#4636=CYLINDRICAL_SURFACE('',#5227,2.);
#4637=CYLINDRICAL_SURFACE('',#5228,2.);
#4638=CYLINDRICAL_SURFACE('',#5229,7.24999999999996);
#4639=CYLINDRICAL_SURFACE('',#5233,0.999999999999996);
#4640=CYLINDRICAL_SURFACE('',#5236,3.);
#4641=CYLINDRICAL_SURFACE('',#5243,30.);
#4642=CYLINDRICAL_SURFACE('',#5245,3.);
#4643=CYLINDRICAL_SURFACE('',#5248,0.999999999999996);
#4644=CYLINDRICAL_SURFACE('',#5250,0.999999999999996);
#4645=CYLINDRICAL_SURFACE('',#5254,7.24999999999985);
#4646=CYLINDRICAL_SURFACE('',#5257,0.999999999999996);
#4647=CYLINDRICAL_SURFACE('',#5263,0.999999999999996);
#4648=CYLINDRICAL_SURFACE('',#5266,3.);
#4649=CYLINDRICAL_SURFACE('',#5268,3.);
#4650=CYLINDRICAL_SURFACE('',#5270,2.99999999999999);
#4651=CYLINDRICAL_SURFACE('',#5272,3.);
#4652=CYLINDRICAL_SURFACE('',#5274,3.00000000000001);
#4653=CYLINDRICAL_SURFACE('',#5296,3.6);
#4654=CYLINDRICAL_SURFACE('',#5299,3.6);
#4655=CYLINDRICAL_SURFACE('',#5444,2.0000000000004);
#4656=CYLINDRICAL_SURFACE('',#5445,1.99999999999997);
#4657=CYLINDRICAL_SURFACE('',#5446,2.00000000000024);
#4658=CYLINDRICAL_SURFACE('',#5447,2.00000000000008);
#4659=CYLINDRICAL_SURFACE('',#5448,2.00000000000029);
#4660=CYLINDRICAL_SURFACE('',#5449,1.99999999999994);
#4661=CYLINDRICAL_SURFACE('',#5450,2.00000000000035);
#4662=CYLINDRICAL_SURFACE('',#5451,1.99999999999999);
#4663=CYLINDRICAL_SURFACE('',#5452,2.0000000000004);
#4664=CYLINDRICAL_SURFACE('',#5453,1.99999999999998);
#4665=CYLINDRICAL_SURFACE('',#5454,2.00000000000038);
#4666=CYLINDRICAL_SURFACE('',#5455,1.99999999999999);
#4667=CYLINDRICAL_SURFACE('',#5456,2.00000000000035);
#4668=CYLINDRICAL_SURFACE('',#5458,2.00000000000001);
#4669=CYLINDRICAL_SURFACE('',#5460,2.00000000000036);
#4670=CYLINDRICAL_SURFACE('',#5462,1.99999999999995);
#4671=CYLINDRICAL_SURFACE('',#5464,2.00000000000038);
#4672=CYLINDRICAL_SURFACE('',#5466,1.99999999999999);
#4673=CYLINDRICAL_SURFACE('',#5468,2.00000000000035);
#4674=CYLINDRICAL_SURFACE('',#5470,1.99999999999999);
#4675=CYLINDRICAL_SURFACE('',#5472,2.0000000000004);
#4676=CYLINDRICAL_SURFACE('',#5474,1.99999999999991);
#4677=CYLINDRICAL_SURFACE('',#5476,2.00000000000039);
#4678=CYLINDRICAL_SURFACE('',#5478,1.99999999999999);
#4679=CYLINDRICAL_SURFACE('',#5480,2.00000000000035);
#4680=CYLINDRICAL_SURFACE('',#5482,1.99999999999999);
#4681=CYLINDRICAL_SURFACE('',#5484,2.00000000000035);
#4682=CYLINDRICAL_SURFACE('',#5486,1.99999999999999);
#4683=CYLINDRICAL_SURFACE('',#5488,2.00000000000034);
#4684=CYLINDRICAL_SURFACE('',#5490,1.99999999999999);
#4685=CYLINDRICAL_SURFACE('',#5492,2.00000000000035);
#4686=CYLINDRICAL_SURFACE('',#5494,2.);
#4687=CYLINDRICAL_SURFACE('',#5496,2.00000000000035);
#4688=CYLINDRICAL_SURFACE('',#5498,2.);
#4689=CYLINDRICAL_SURFACE('',#5500,2.00000000000035);
#4690=CYLINDRICAL_SURFACE('',#5502,1.99999999999999);
#4691=CYLINDRICAL_SURFACE('',#5504,2.00000000000034);
#4692=CYLINDRICAL_SURFACE('',#5506,1.99999999999995);
#4693=CYLINDRICAL_SURFACE('',#5508,2.00000000000033);
#4694=CYLINDRICAL_SURFACE('',#5510,1.99999999999996);
#4695=CYLINDRICAL_SURFACE('',#5512,2.00000000000034);
#4696=CYLINDRICAL_SURFACE('',#5514,1.99999999999996);
#4697=CYLINDRICAL_SURFACE('',#5516,2.00000000000036);
#4698=CYLINDRICAL_SURFACE('',#5518,1.99999999999997);
#4699=CYLINDRICAL_SURFACE('',#5520,2.00000000000035);
#4700=CYLINDRICAL_SURFACE('',#5522,1.99999999999998);
#4701=CYLINDRICAL_SURFACE('',#5524,2.00000000000034);
#4702=CYLINDRICAL_SURFACE('',#5526,1.99999999999998);
#4703=CYLINDRICAL_SURFACE('',#5532,3.00000000000001);
#4704=CYLINDRICAL_SURFACE('',#5534,2.);
#4705=CYLINDRICAL_SURFACE('',#5536,1.99999999999994);
#4706=CYLINDRICAL_SURFACE('',#5538,2.);
#4707=CYLINDRICAL_SURFACE('',#5540,1.99999999999995);
#4708=CYLINDRICAL_SURFACE('',#5542,1.99999999999999);
#4709=CYLINDRICAL_SURFACE('',#5544,1.99999999999996);
#4710=CYLINDRICAL_SURFACE('',#5546,2.);
#4711=CYLINDRICAL_SURFACE('',#5548,1.99999999999991);
#4712=CYLINDRICAL_SURFACE('',#5550,1.99999999999998);
#4713=CYLINDRICAL_SURFACE('',#5552,1.99999999999994);
#4714=CYLINDRICAL_SURFACE('',#5554,1.99999999999996);
#4715=CYLINDRICAL_SURFACE('',#5556,1.99999999999992);
#4716=CYLINDRICAL_SURFACE('',#5558,1.99999999999999);
#4717=CYLINDRICAL_SURFACE('',#5560,1.99999999999994);
#4718=CYLINDRICAL_SURFACE('',#5562,1.99999999999999);
#4719=CYLINDRICAL_SURFACE('',#5564,1.99999999999992);
#4720=CYLINDRICAL_SURFACE('',#5566,2.);
#4721=CYLINDRICAL_SURFACE('',#5568,1.99999999999994);
#4722=CYLINDRICAL_SURFACE('',#5570,1.99999999999998);
#4723=CYLINDRICAL_SURFACE('',#5572,1.99999999999994);
#4724=CYLINDRICAL_SURFACE('',#5574,1.99999999999999);
#4725=CYLINDRICAL_SURFACE('',#5576,1.99999999999993);
#4726=CYLINDRICAL_SURFACE('',#5578,2.);
#4727=CYLINDRICAL_SURFACE('',#5580,1.99999999999994);
#4728=CYLINDRICAL_SURFACE('',#5582,2.00000000000006);
#4729=CYLINDRICAL_SURFACE('',#5584,2.);
#4730=CYLINDRICAL_SURFACE('',#5586,2.00000000000006);
#4731=CYLINDRICAL_SURFACE('',#5588,1.99999999999999);
#4732=CYLINDRICAL_SURFACE('',#5590,2.00000000000007);
#4733=CYLINDRICAL_SURFACE('',#5592,2.);
#4734=CYLINDRICAL_SURFACE('',#5594,2.00000000000007);
#4735=CYLINDRICAL_SURFACE('',#5596,2.);
#4736=CYLINDRICAL_SURFACE('',#5598,2.00000000000006);
#4737=CYLINDRICAL_SURFACE('',#5600,2.);
#4738=CYLINDRICAL_SURFACE('',#5602,2.00000000000007);
#4739=CYLINDRICAL_SURFACE('',#5604,2.);
#4740=CYLINDRICAL_SURFACE('',#5606,3.00000000000001);
#4741=CYLINDRICAL_SURFACE('',#5609,3.);
#4742=CYLINDRICAL_SURFACE('',#5611,3.);
#4743=CYLINDRICAL_SURFACE('',#5613,3.);
#4744=CYLINDRICAL_SURFACE('',#5616,3.);
#4745=CYLINDRICAL_SURFACE('',#5619,3.);
#4746=CYLINDRICAL_SURFACE('',#5627,3.00000000000001);
#4747=CYLINDRICAL_SURFACE('',#5630,3.00000000000001);
#4748=CYLINDRICAL_SURFACE('',#5633,2.99999999999999);
#4749=CYLINDRICAL_SURFACE('',#5641,2.25);
#4750=CYLINDRICAL_SURFACE('',#5644,2.25);
#4751=CYLINDRICAL_SURFACE('',#5647,2.25);
#4752=CYLINDRICAL_SURFACE('',#5650,2.1);
#4753=CYLINDRICAL_SURFACE('',#5653,2.25);
#4754=CYLINDRICAL_SURFACE('',#5656,2.25);
#4755=CYLINDRICAL_SURFACE('',#5659,2.25);
#4756=CYLINDRICAL_SURFACE('',#5662,2.25);
#4757=CYLINDRICAL_SURFACE('',#5665,2.25000000000001);
#4758=CYLINDRICAL_SURFACE('',#5668,2.25);
#4759=CYLINDRICAL_SURFACE('',#5671,2.25);
#4760=CYLINDRICAL_SURFACE('',#5674,2.25);
#4761=CYLINDRICAL_SURFACE('',#5677,73.5);
#4762=CYLINDRICAL_SURFACE('',#5686,3.);
#4763=CYLINDRICAL_SURFACE('',#5688,6.99999999999969);
#4764=CYLINDRICAL_SURFACE('',#5700,7.00000000000001);
#4765=CYLINDRICAL_SURFACE('',#5731,3.);
#4766=CYLINDRICAL_SURFACE('',#5734,3.);
#4767=CYLINDRICAL_SURFACE('',#5736,3.);
#4768=CYLINDRICAL_SURFACE('',#5738,3.);
#4769=CYLINDRICAL_SURFACE('',#5743,6.99999999999998);
#4770=CYLINDRICAL_SURFACE('',#5748,7.);
#4771=CYLINDRICAL_SURFACE('',#5750,3.);
#4772=CYLINDRICAL_SURFACE('',#5755,3.);
#4773=CYLINDRICAL_SURFACE('',#5757,30.);
#4774=CYLINDRICAL_SURFACE('',#5759,3.);
#4775=CYLINDRICAL_SURFACE('',#5761,3.);
#4776=CYLINDRICAL_SURFACE('',#5766,7.0000000000002);
#4777=CYLINDRICAL_SURFACE('',#5771,7.);
#4778=CYLINDRICAL_SURFACE('',#5773,3.);
#4779=CYLINDRICAL_SURFACE('',#5779,3.);
#4780=CYLINDRICAL_SURFACE('',#5781,30.);
#4781=CYLINDRICAL_SURFACE('',#5783,3.);
#4782=CYLINDRICAL_SURFACE('',#5788,6.99999999999995);
#4783=CYLINDRICAL_SURFACE('',#5793,6.99999999999994);
#4784=CYLINDRICAL_SURFACE('',#5795,3.);
#4785=CYLINDRICAL_SURFACE('',#5803,29.9999999999999);
#4786=CYLINDRICAL_SURFACE('',#5804,3.);
#4787=CYLINDRICAL_SURFACE('',#5806,3.);
#4788=CYLINDRICAL_SURFACE('',#5812,25.);
#4789=CYLINDRICAL_SURFACE('',#5815,91.2499999999998);
#4790=CYLINDRICAL_SURFACE('',#5817,91.2499999999999);
#4791=CYLINDRICAL_SURFACE('',#5818,3.75);
#4792=CYLINDRICAL_SURFACE('',#5819,3.75);
#4793=CYLINDRICAL_SURFACE('',#5820,3.75);
#4794=CYLINDRICAL_SURFACE('',#5821,3.75);
#4795=CYLINDRICAL_SURFACE('',#5822,3.75);
#4796=CYLINDRICAL_SURFACE('',#5823,3.75);
#4797=CYLINDRICAL_SURFACE('',#5824,3.75);
#4798=CYLINDRICAL_SURFACE('',#5825,3.75);
#4799=CYLINDRICAL_SURFACE('',#5826,3.75);
#4800=CYLINDRICAL_SURFACE('',#5827,3.75);
#4801=CYLINDRICAL_SURFACE('',#5828,3.75);
#4802=CYLINDRICAL_SURFACE('',#5829,3.75);
#4803=CYLINDRICAL_SURFACE('',#5832,3.);
#4804=CYLINDRICAL_SURFACE('',#5838,3.);
#4805=CYLINDRICAL_SURFACE('',#5845,3.);
#4806=CYLINDRICAL_SURFACE('',#5851,3.);
#4807=CYLINDRICAL_SURFACE('',#5858,3.);
#4808=CYLINDRICAL_SURFACE('',#5864,3.);
#4809=CYLINDRICAL_SURFACE('',#5871,3.);
#4810=CYLINDRICAL_SURFACE('',#5877,3.);
#4811=ADVANCED_FACE('',(#187),#4621,.T.);
#4812=ADVANCED_FACE('',(#188),#179,.F.);
#4813=ADVANCED_FACE('',(#189),#150,.T.);
#4814=ADVANCED_FACE('',(#190),#180,.F.);
#4815=ADVANCED_FACE('',(#191),#4622,.T.);
#4816=ADVANCED_FACE('',(#192),#4623,.F.);
#4817=ADVANCED_FACE('',(#193),#90,.T.);
#4818=ADVANCED_FACE('',(#194),#91,.T.);
#4819=ADVANCED_FACE('',(#195),#4624,.F.);
#4820=ADVANCED_FACE('',(#196),#4625,.T.);
#4821=ADVANCED_FACE('',(#197),#4626,.T.);
#4822=ADVANCED_FACE('',(#198),#181,.F.);
#4823=ADVANCED_FACE('',(#199),#151,.T.);
#4824=ADVANCED_FACE('',(#200),#182,.F.);
#4825=ADVANCED_FACE('',(#201),#4627,.T.);
#4826=ADVANCED_FACE('',(#202),#4628,.F.);
#4827=ADVANCED_FACE('',(#203),#92,.T.);
#4828=ADVANCED_FACE('',(#204),#93,.T.);
#4829=ADVANCED_FACE('',(#205),#4629,.F.);
#4830=ADVANCED_FACE('',(#206),#4630,.T.);
#4831=ADVANCED_FACE('',(#207),#4631,.T.);
#4832=ADVANCED_FACE('',(#208),#183,.F.);
#4833=ADVANCED_FACE('',(#209),#152,.T.);
#4834=ADVANCED_FACE('',(#210),#184,.F.);
#4835=ADVANCED_FACE('',(#211),#4632,.T.);
#4836=ADVANCED_FACE('',(#212),#4633,.F.);
#4837=ADVANCED_FACE('',(#213),#94,.T.);
#4838=ADVANCED_FACE('',(#214),#95,.T.);
#4839=ADVANCED_FACE('',(#215),#4634,.F.);
#4840=ADVANCED_FACE('',(#216),#4635,.T.);
#4841=ADVANCED_FACE('',(#217),#185,.F.);
#4842=ADVANCED_FACE('',(#218),#153,.T.);
#4843=ADVANCED_FACE('',(#219),#186,.F.);
#4844=ADVANCED_FACE('',(#220),#4636,.T.);
#4845=ADVANCED_FACE('',(#221),#4637,.T.);
#4846=ADVANCED_FACE('',(#222),#4638,.F.);
#4847=ADVANCED_FACE('',(#223),#4639,.T.);
#4848=ADVANCED_FACE('',(#224),#96,.T.);
#4849=ADVANCED_FACE('',(#225),#4640,.T.);
#4850=ADVANCED_FACE('',(#226),#97,.T.);
#4851=ADVANCED_FACE('',(#227),#98,.T.);
#4852=ADVANCED_FACE('',(#228),#4641,.T.);
#4853=ADVANCED_FACE('',(#229),#4642,.T.);
#4854=ADVANCED_FACE('',(#230),#99,.T.);
#4855=ADVANCED_FACE('',(#231),#4643,.T.);
#4856=ADVANCED_FACE('',(#232),#4644,.T.);
#4857=ADVANCED_FACE('',(#233),#100,.T.);
#4858=ADVANCED_FACE('',(#234),#101,.T.);
#4859=ADVANCED_FACE('',(#235),#4645,.F.);
#4860=ADVANCED_FACE('',(#236),#102,.T.);
#4861=ADVANCED_FACE('',(#237),#4646,.T.);
#4862=ADVANCED_FACE('',(#238),#103,.T.);
#4863=ADVANCED_FACE('',(#239),#104,.T.);
#4864=ADVANCED_FACE('',(#240),#105,.T.);
#4865=ADVANCED_FACE('',(#241),#106,.T.);
#4866=ADVANCED_FACE('',(#242),#4647,.T.);
#4867=ADVANCED_FACE('',(#243),#107,.T.);
#4868=ADVANCED_FACE('',(#244),#4648,.T.);
#4869=ADVANCED_FACE('',(#245),#4649,.T.);
#4870=ADVANCED_FACE('',(#246),#4650,.T.);
#4871=ADVANCED_FACE('',(#247),#4651,.T.);
#4872=ADVANCED_FACE('',(#248),#4652,.F.);
#4873=ADVANCED_FACE('',(#249,#33,#34),#108,.T.);
#4874=ADVANCED_FACE('',(#250),#4653,.F.);
#4875=ADVANCED_FACE('',(#251),#4654,.F.);
#4876=ADVANCED_FACE('',(#252),#31,.F.);
#4877=ADVANCED_FACE('',(#253,#35,#36,#37,#38,#39,#40,#41,#42,#43,#44,#45,
#46,#47,#48),#109,.T.);
#4878=ADVANCED_FACE('',(#254),#32,.F.);
#4879=ADVANCED_FACE('',(#255),#110,.T.);
#4880=ADVANCED_FACE('',(#256),#111,.T.);
#4881=ADVANCED_FACE('',(#257),#112,.T.);
#4882=ADVANCED_FACE('',(#258),#113,.T.);
#4883=ADVANCED_FACE('',(#259),#114,.T.);
#4884=ADVANCED_FACE('',(#260),#115,.T.);
#4885=ADVANCED_FACE('',(#261),#116,.T.);
#4886=ADVANCED_FACE('',(#262),#117,.T.);
#4887=ADVANCED_FACE('',(#263),#118,.T.);
#4888=ADVANCED_FACE('',(#264),#119,.T.);
#4889=ADVANCED_FACE('',(#265),#120,.T.);
#4890=ADVANCED_FACE('',(#266),#121,.T.);
#4891=ADVANCED_FACE('',(#267),#122,.T.);
#4892=ADVANCED_FACE('',(#268),#123,.T.);
#4893=ADVANCED_FACE('',(#269),#4655,.F.);
#4894=ADVANCED_FACE('',(#270),#4656,.T.);
#4895=ADVANCED_FACE('',(#271),#4657,.F.);
#4896=ADVANCED_FACE('',(#272),#4658,.T.);
#4897=ADVANCED_FACE('',(#273),#4659,.F.);
#4898=ADVANCED_FACE('',(#274),#4660,.T.);
#4899=ADVANCED_FACE('',(#275),#4661,.F.);
#4900=ADVANCED_FACE('',(#276),#4662,.T.);
#4901=ADVANCED_FACE('',(#277),#4663,.F.);
#4902=ADVANCED_FACE('',(#278),#4664,.T.);
#4903=ADVANCED_FACE('',(#279),#4665,.F.);
#4904=ADVANCED_FACE('',(#280),#4666,.T.);
#4905=ADVANCED_FACE('',(#281),#4667,.F.);
#4906=ADVANCED_FACE('',(#282),#4668,.T.);
#4907=ADVANCED_FACE('',(#283),#4669,.F.);
#4908=ADVANCED_FACE('',(#284),#4670,.T.);
#4909=ADVANCED_FACE('',(#285),#4671,.F.);
#4910=ADVANCED_FACE('',(#286),#4672,.T.);
#4911=ADVANCED_FACE('',(#287),#4673,.F.);
#4912=ADVANCED_FACE('',(#288),#4674,.T.);
#4913=ADVANCED_FACE('',(#289),#4675,.F.);
#4914=ADVANCED_FACE('',(#290),#4676,.T.);
#4915=ADVANCED_FACE('',(#291),#4677,.F.);
#4916=ADVANCED_FACE('',(#292),#4678,.T.);
#4917=ADVANCED_FACE('',(#293),#4679,.F.);
#4918=ADVANCED_FACE('',(#294),#4680,.T.);
#4919=ADVANCED_FACE('',(#295),#4681,.F.);
#4920=ADVANCED_FACE('',(#296),#4682,.T.);
#4921=ADVANCED_FACE('',(#297),#4683,.F.);
#4922=ADVANCED_FACE('',(#298),#4684,.T.);
#4923=ADVANCED_FACE('',(#299),#4685,.F.);
#4924=ADVANCED_FACE('',(#300),#4686,.T.);
#4925=ADVANCED_FACE('',(#301),#4687,.F.);
#4926=ADVANCED_FACE('',(#302),#4688,.T.);
#4927=ADVANCED_FACE('',(#303),#4689,.F.);
#4928=ADVANCED_FACE('',(#304),#4690,.T.);
#4929=ADVANCED_FACE('',(#305),#4691,.F.);
#4930=ADVANCED_FACE('',(#306),#4692,.T.);
#4931=ADVANCED_FACE('',(#307),#4693,.F.);
#4932=ADVANCED_FACE('',(#308),#4694,.T.);
#4933=ADVANCED_FACE('',(#309),#4695,.F.);
#4934=ADVANCED_FACE('',(#310),#4696,.T.);
#4935=ADVANCED_FACE('',(#311),#4697,.F.);
#4936=ADVANCED_FACE('',(#312),#4698,.T.);
#4937=ADVANCED_FACE('',(#313),#4699,.F.);
#4938=ADVANCED_FACE('',(#314),#4700,.T.);
#4939=ADVANCED_FACE('',(#315),#4701,.F.);
#4940=ADVANCED_FACE('',(#316),#4702,.T.);
#4941=ADVANCED_FACE('',(#317),#19,.F.);
#4942=ADVANCED_FACE('',(#318),#4703,.F.);
#4943=ADVANCED_FACE('',(#319),#4704,.F.);
#4944=ADVANCED_FACE('',(#320),#4705,.T.);
#4945=ADVANCED_FACE('',(#321),#4706,.F.);
#4946=ADVANCED_FACE('',(#322),#4707,.T.);
#4947=ADVANCED_FACE('',(#323),#4708,.F.);
#4948=ADVANCED_FACE('',(#324),#4709,.T.);
#4949=ADVANCED_FACE('',(#325),#4710,.F.);
#4950=ADVANCED_FACE('',(#326),#4711,.T.);
#4951=ADVANCED_FACE('',(#327),#4712,.F.);
#4952=ADVANCED_FACE('',(#328),#4713,.T.);
#4953=ADVANCED_FACE('',(#329),#4714,.F.);
#4954=ADVANCED_FACE('',(#330),#4715,.T.);
#4955=ADVANCED_FACE('',(#331),#4716,.F.);
#4956=ADVANCED_FACE('',(#332),#4717,.T.);
#4957=ADVANCED_FACE('',(#333),#4718,.F.);
#4958=ADVANCED_FACE('',(#334),#4719,.T.);
#4959=ADVANCED_FACE('',(#335),#4720,.F.);
#4960=ADVANCED_FACE('',(#336),#4721,.T.);
#4961=ADVANCED_FACE('',(#337),#4722,.F.);
#4962=ADVANCED_FACE('',(#338),#4723,.T.);
#4963=ADVANCED_FACE('',(#339),#4724,.F.);
#4964=ADVANCED_FACE('',(#340),#4725,.T.);
#4965=ADVANCED_FACE('',(#341),#4726,.F.);
#4966=ADVANCED_FACE('',(#342),#4727,.T.);
#4967=ADVANCED_FACE('',(#343),#4728,.F.);
#4968=ADVANCED_FACE('',(#344),#4729,.T.);
#4969=ADVANCED_FACE('',(#345),#4730,.F.);
#4970=ADVANCED_FACE('',(#346),#4731,.T.);
#4971=ADVANCED_FACE('',(#347),#4732,.F.);
#4972=ADVANCED_FACE('',(#348),#4733,.T.);
#4973=ADVANCED_FACE('',(#349),#4734,.F.);
#4974=ADVANCED_FACE('',(#350),#4735,.T.);
#4975=ADVANCED_FACE('',(#351),#4736,.F.);
#4976=ADVANCED_FACE('',(#352),#4737,.T.);
#4977=ADVANCED_FACE('',(#353),#4738,.F.);
#4978=ADVANCED_FACE('',(#354),#4739,.T.);
#4979=ADVANCED_FACE('',(#355),#4740,.F.);
#4980=ADVANCED_FACE('',(#356),#4741,.F.);
#4981=ADVANCED_FACE('',(#357),#4742,.F.);
#4982=ADVANCED_FACE('',(#358),#4743,.F.);
#4983=ADVANCED_FACE('',(#359),#4744,.F.);
#4984=ADVANCED_FACE('',(#360),#4745,.F.);
#4985=ADVANCED_FACE('',(#361,#49,#50),#124,.T.);
#4986=ADVANCED_FACE('',(#362),#4746,.F.);
#4987=ADVANCED_FACE('',(#363),#4747,.F.);
#4988=ADVANCED_FACE('',(#364),#4748,.F.);
#4989=ADVANCED_FACE('',(#365,#51,#52),#125,.T.);
#4990=ADVANCED_FACE('',(#366),#4749,.F.);
#4991=ADVANCED_FACE('',(#367),#4750,.F.);
#4992=ADVANCED_FACE('',(#368),#4751,.F.);
#4993=ADVANCED_FACE('',(#369),#4752,.F.);
#4994=ADVANCED_FACE('',(#370),#4753,.F.);
#4995=ADVANCED_FACE('',(#371),#4754,.F.);
#4996=ADVANCED_FACE('',(#372),#4755,.F.);
#4997=ADVANCED_FACE('',(#373),#4756,.F.);
#4998=ADVANCED_FACE('',(#374),#4757,.F.);
#4999=ADVANCED_FACE('',(#375),#4758,.F.);
#5000=ADVANCED_FACE('',(#376),#4759,.F.);
#5001=ADVANCED_FACE('',(#377),#4760,.F.);
#5002=ADVANCED_FACE('',(#378),#4761,.F.);
#5003=ADVANCED_FACE('',(#379,#53,#54),#126,.T.);
#5004=ADVANCED_FACE('',(#380),#4762,.F.);
#5005=ADVANCED_FACE('',(#381),#4763,.T.);
#5006=ADVANCED_FACE('',(#382),#20,.F.);
#5007=ADVANCED_FACE('',(#383),#154,.F.);
#5008=ADVANCED_FACE('',(#384),#155,.F.);
#5009=ADVANCED_FACE('',(#385),#4764,.T.);
#5010=ADVANCED_FACE('',(#386),#21,.F.);
#5011=ADVANCED_FACE('',(#387,#55,#56,#57,#58,#59,#60,#61),#127,.T.);
#5012=ADVANCED_FACE('',(#388,#62),#128,.T.);
#5013=ADVANCED_FACE('',(#389,#63),#129,.T.);
#5014=ADVANCED_FACE('',(#390,#64),#130,.T.);
#5015=ADVANCED_FACE('',(#391,#65),#131,.T.);
#5016=ADVANCED_FACE('',(#392,#66),#132,.T.);
#5017=ADVANCED_FACE('',(#393,#67),#133,.T.);
#5018=ADVANCED_FACE('',(#394,#68),#134,.T.);
#5019=ADVANCED_FACE('',(#395,#69),#135,.T.);
#5020=ADVANCED_FACE('',(#396,#70),#136,.T.);
#5021=ADVANCED_FACE('',(#397,#71),#137,.T.);
#5022=ADVANCED_FACE('',(#398,#72),#138,.T.);
#5023=ADVANCED_FACE('',(#399,#73),#139,.T.);
#5024=ADVANCED_FACE('',(#400),#4765,.T.);
#5025=ADVANCED_FACE('',(#401),#140,.T.);
#5026=ADVANCED_FACE('',(#402),#4766,.T.);
#5027=ADVANCED_FACE('',(#403),#4767,.T.);
#5028=ADVANCED_FACE('',(#404),#4768,.T.);
#5029=ADVANCED_FACE('',(#405),#22,.F.);
#5030=ADVANCED_FACE('',(#406),#4769,.T.);
#5031=ADVANCED_FACE('',(#407),#23,.F.);
#5032=ADVANCED_FACE('',(#408),#4770,.T.);
#5033=ADVANCED_FACE('',(#409),#4771,.T.);
#5034=ADVANCED_FACE('',(#410),#24,.F.);
#5035=ADVANCED_FACE('',(#411),#4772,.T.);
#5036=ADVANCED_FACE('',(#412),#4773,.T.);
#5037=ADVANCED_FACE('',(#413),#4774,.T.);
#5038=ADVANCED_FACE('',(#414),#4775,.T.);
#5039=ADVANCED_FACE('',(#415),#25,.F.);
#5040=ADVANCED_FACE('',(#416),#4776,.T.);
#5041=ADVANCED_FACE('',(#417),#26,.F.);
#5042=ADVANCED_FACE('',(#418),#4777,.T.);
#5043=ADVANCED_FACE('',(#419),#4778,.T.);
#5044=ADVANCED_FACE('',(#420),#27,.F.);
#5045=ADVANCED_FACE('',(#421),#141,.T.);
#5046=ADVANCED_FACE('',(#422),#4779,.T.);
#5047=ADVANCED_FACE('',(#423),#4780,.T.);
#5048=ADVANCED_FACE('',(#424),#4781,.T.);
#5049=ADVANCED_FACE('',(#425),#28,.F.);
#5050=ADVANCED_FACE('',(#426),#4782,.T.);
#5051=ADVANCED_FACE('',(#427),#29,.F.);
#5052=ADVANCED_FACE('',(#428),#4783,.T.);
#5053=ADVANCED_FACE('',(#429),#4784,.T.);
#5054=ADVANCED_FACE('',(#430),#30,.F.);
#5055=ADVANCED_FACE('',(#431,#74,#75,#76,#77,#78,#79,#80,#81,#82,#83,#84,
#85,#86,#87,#88,#89),#142,.F.);
#5056=ADVANCED_FACE('',(#432),#4785,.T.);
#5057=ADVANCED_FACE('',(#433),#4786,.T.);
#5058=ADVANCED_FACE('',(#434),#4787,.T.);
#5059=ADVANCED_FACE('',(#435),#15,.T.);
#5060=ADVANCED_FACE('',(#436),#16,.T.);
#5061=ADVANCED_FACE('',(#437),#143,.T.);
#5062=ADVANCED_FACE('',(#438),#17,.T.);
#5063=ADVANCED_FACE('',(#439),#18,.T.);
#5064=ADVANCED_FACE('',(#440),#4788,.F.);
#5065=ADVANCED_FACE('',(#441),#144,.F.);
#5066=ADVANCED_FACE('',(#442),#4789,.F.);
#5067=ADVANCED_FACE('',(#443),#145,.F.);
#5068=ADVANCED_FACE('',(#444),#4790,.F.);
#5069=ADVANCED_FACE('',(#445),#4791,.F.);
#5070=ADVANCED_FACE('',(#446),#4792,.F.);
#5071=ADVANCED_FACE('',(#447),#4793,.F.);
#5072=ADVANCED_FACE('',(#448),#4794,.F.);
#5073=ADVANCED_FACE('',(#449),#4795,.F.);
#5074=ADVANCED_FACE('',(#450),#4796,.F.);
#5075=ADVANCED_FACE('',(#451),#4797,.F.);
#5076=ADVANCED_FACE('',(#452),#4798,.F.);
#5077=ADVANCED_FACE('',(#453),#4799,.F.);
#5078=ADVANCED_FACE('',(#454),#4800,.F.);
#5079=ADVANCED_FACE('',(#455),#4801,.F.);
#5080=ADVANCED_FACE('',(#456),#4802,.F.);
#5081=ADVANCED_FACE('',(#457),#156,.F.);
#5082=ADVANCED_FACE('',(#458),#4803,.F.);
#5083=ADVANCED_FACE('',(#459),#157,.F.);
#5084=ADVANCED_FACE('',(#460),#146,.T.);
#5085=ADVANCED_FACE('',(#461),#158,.F.);
#5086=ADVANCED_FACE('',(#462),#4804,.F.);
#5087=ADVANCED_FACE('',(#463),#159,.F.);
#5088=ADVANCED_FACE('',(#464),#160,.F.);
#5089=ADVANCED_FACE('',(#465),#161,.F.);
#5090=ADVANCED_FACE('',(#466),#162,.F.);
#5091=ADVANCED_FACE('',(#467),#4805,.F.);
#5092=ADVANCED_FACE('',(#468),#163,.F.);
#5093=ADVANCED_FACE('',(#469),#147,.T.);
#5094=ADVANCED_FACE('',(#470),#164,.F.);
#5095=ADVANCED_FACE('',(#471),#4806,.F.);
#5096=ADVANCED_FACE('',(#472),#165,.F.);
#5097=ADVANCED_FACE('',(#473),#166,.F.);
#5098=ADVANCED_FACE('',(#474),#167,.F.);
#5099=ADVANCED_FACE('',(#475),#168,.F.);
#5100=ADVANCED_FACE('',(#476),#4807,.F.);
#5101=ADVANCED_FACE('',(#477),#169,.F.);
#5102=ADVANCED_FACE('',(#478),#148,.T.);
#5103=ADVANCED_FACE('',(#479),#170,.F.);
#5104=ADVANCED_FACE('',(#480),#4808,.F.);
#5105=ADVANCED_FACE('',(#481),#171,.F.);
#5106=ADVANCED_FACE('',(#482),#172,.F.);
#5107=ADVANCED_FACE('',(#483),#173,.F.);
#5108=ADVANCED_FACE('',(#484),#174,.F.);
#5109=ADVANCED_FACE('',(#485),#4809,.F.);
#5110=ADVANCED_FACE('',(#486),#175,.F.);
#5111=ADVANCED_FACE('',(#487),#149,.T.);
#5112=ADVANCED_FACE('',(#488),#176,.F.);
#5113=ADVANCED_FACE('',(#489),#4810,.F.);
#5114=ADVANCED_FACE('',(#490),#177,.F.);
#5115=ADVANCED_FACE('',(#491),#178,.T.);
#5116=CLOSED_SHELL('',(#4811,#4812,#4813,#4814,#4815,#4816,#4817,#4818,
#4819,#4820,#4821,#4822,#4823,#4824,#4825,#4826,#4827,#4828,#4829,#4830,
#4831,#4832,#4833,#4834,#4835,#4836,#4837,#4838,#4839,#4840,#4841,#4842,
#4843,#4844,#4845,#4846,#4847,#4848,#4849,#4850,#4851,#4852,#4853,#4854,
#4855,#4856,#4857,#4858,#4859,#4860,#4861,#4862,#4863,#4864,#4865,#4866,
#4867,#4868,#4869,#4870,#4871,#4872,#4873,#4874,#4875,#4876,#4877,#4878,
#4879,#4880,#4881,#4882,#4883,#4884,#4885,#4886,#4887,#4888,#4889,#4890,
#4891,#4892,#4893,#4894,#4895,#4896,#4897,#4898,#4899,#4900,#4901,#4902,
#4903,#4904,#4905,#4906,#4907,#4908,#4909,#4910,#4911,#4912,#4913,#4914,
#4915,#4916,#4917,#4918,#4919,#4920,#4921,#4922,#4923,#4924,#4925,#4926,
#4927,#4928,#4929,#4930,#4931,#4932,#4933,#4934,#4935,#4936,#4937,#4938,
#4939,#4940,#4941,#4942,#4943,#4944,#4945,#4946,#4947,#4948,#4949,#4950,
#4951,#4952,#4953,#4954,#4955,#4956,#4957,#4958,#4959,#4960,#4961,#4962,
#4963,#4964,#4965,#4966,#4967,#4968,#4969,#4970,#4971,#4972,#4973,#4974,
#4975,#4976,#4977,#4978,#4979,#4980,#4981,#4982,#4983,#4984,#4985,#4986,
#4987,#4988,#4989,#4990,#4991,#4992,#4993,#4994,#4995,#4996,#4997,#4998,
#4999,#5000,#5001,#5002,#5003,#5004,#5005,#5006,#5007,#5008,#5009,#5010,
#5011,#5012,#5013,#5014,#5015,#5016,#5017,#5018,#5019,#5020,#5021,#5022,
#5023,#5024,#5025,#5026,#5027,#5028,#5029,#5030,#5031,#5032,#5033,#5034,
#5035,#5036,#5037,#5038,#5039,#5040,#5041,#5042,#5043,#5044,#5045,#5046,
#5047,#5048,#5049,#5050,#5051,#5052,#5053,#5054,#5055,#5056,#5057,#5058,
#5059,#5060,#5061,#5062,#5063,#5064,#5065,#5066,#5067,#5068,#5069,#5070,
#5071,#5072,#5073,#5074,#5075,#5076,#5077,#5078,#5079,#5080,#5081,#5082,
#5083,#5084,#5085,#5086,#5087,#5088,#5089,#5090,#5091,#5092,#5093,#5094,
#5095,#5096,#5097,#5098,#5099,#5100,#5101,#5102,#5103,#5104,#5105,#5106,
#5107,#5108,#5109,#5110,#5111,#5112,#5113,#5114,#5115));
#5117=DERIVED_UNIT_ELEMENT(#5119,1.);
#5118=DERIVED_UNIT_ELEMENT(#9789,-3.);
#5119=(
MASS_UNIT()
NAMED_UNIT(*)
SI_UNIT(.KILO.,.GRAM.)
);
#5120=DERIVED_UNIT((#5117,#5118));
#5121=MEASURE_REPRESENTATION_ITEM('density measure',
POSITIVE_RATIO_MEASURE(7850.),#5120);
#5122=PROPERTY_DEFINITION_REPRESENTATION(#5127,#5124);
#5123=PROPERTY_DEFINITION_REPRESENTATION(#5128,#5125);
#5124=REPRESENTATION('material name',(#5126),#9786);
#5125=REPRESENTATION('density',(#5121),#9786);
#5126=DESCRIPTIVE_REPRESENTATION_ITEM('Steel','Steel');
#5127=PROPERTY_DEFINITION('material property','material name',#9796);
#5128=PROPERTY_DEFINITION('material property','density of part',#9796);
#5129=AXIS2_PLACEMENT_3D('',#7638,#5882,#5883);
#5130=AXIS2_PLACEMENT_3D('',#7639,#5884,#5885);
#5131=AXIS2_PLACEMENT_3D('',#7661,#5887,#5888);
#5132=AXIS2_PLACEMENT_3D('',#7685,#5890,#5891);
#5133=AXIS2_PLACEMENT_3D('',#7686,#5892,#5893);
#5134=AXIS2_PLACEMENT_3D('',#7687,#5894,#5895);
#5135=AXIS2_PLACEMENT_3D('',#7688,#5896,#5897);
#5136=AXIS2_PLACEMENT_3D('',#7703,#5898,#5899);
#5137=AXIS2_PLACEMENT_3D('',#7705,#5900,#5901);
#5138=AXIS2_PLACEMENT_3D('',#7707,#5902,#5903);
#5139=AXIS2_PLACEMENT_3D('',#7709,#5904,#5905);
#5140=AXIS2_PLACEMENT_3D('',#7723,#5906,#5907);
#5141=AXIS2_PLACEMENT_3D('',#7741,#5908,#5909);
#5142=AXIS2_PLACEMENT_3D('',#7742,#5910,#5911);
#5143=AXIS2_PLACEMENT_3D('',#7743,#5912,#5913);
#5144=AXIS2_PLACEMENT_3D('',#7744,#5914,#5915);
#5145=AXIS2_PLACEMENT_3D('',#7770,#5918,#5919);
#5146=AXIS2_PLACEMENT_3D('',#7772,#5920,#5921);
#5147=AXIS2_PLACEMENT_3D('',#7776,#5923,#5924);
#5148=AXIS2_PLACEMENT_3D('',#7778,#5926,#5927);
#5149=AXIS2_PLACEMENT_3D('',#7779,#5928,#5929);
#5150=AXIS2_PLACEMENT_3D('',#7780,#5930,#5931);
#5151=AXIS2_PLACEMENT_3D('',#7781,#5932,#5933);
#5152=AXIS2_PLACEMENT_3D('',#7783,#5934,#5935);
#5153=AXIS2_PLACEMENT_3D('',#7784,#5936,#5937);
#5154=AXIS2_PLACEMENT_3D('',#7785,#5938,#5939);
#5155=AXIS2_PLACEMENT_3D('',#7789,#5941,#5942);
#5156=AXIS2_PLACEMENT_3D('',#7791,#5944,#5945);
#5157=AXIS2_PLACEMENT_3D('',#7794,#5947,#5948);
#5158=AXIS2_PLACEMENT_3D('',#7795,#5949,#5950);
#5159=AXIS2_PLACEMENT_3D('',#7817,#5952,#5953);
#5160=AXIS2_PLACEMENT_3D('',#7841,#5955,#5956);
#5161=AXIS2_PLACEMENT_3D('',#7842,#5957,#5958);
#5162=AXIS2_PLACEMENT_3D('',#7843,#5959,#5960);
#5163=AXIS2_PLACEMENT_3D('',#7844,#5961,#5962);
#5164=AXIS2_PLACEMENT_3D('',#7859,#5963,#5964);
#5165=AXIS2_PLACEMENT_3D('',#7861,#5965,#5966);
#5166=AXIS2_PLACEMENT_3D('',#7863,#5967,#5968);
#5167=AXIS2_PLACEMENT_3D('',#7865,#5969,#5970);
#5168=AXIS2_PLACEMENT_3D('',#7879,#5971,#5972);
#5169=AXIS2_PLACEMENT_3D('',#7897,#5973,#5974);
#5170=AXIS2_PLACEMENT_3D('',#7898,#5975,#5976);
#5171=AXIS2_PLACEMENT_3D('',#7899,#5977,#5978);
#5172=AXIS2_PLACEMENT_3D('',#7900,#5979,#5980);
#5173=AXIS2_PLACEMENT_3D('',#7926,#5983,#5984);
#5174=AXIS2_PLACEMENT_3D('',#7928,#5985,#5986);
#5175=AXIS2_PLACEMENT_3D('',#7932,#5988,#5989);
#5176=AXIS2_PLACEMENT_3D('',#7934,#5991,#5992);
#5177=AXIS2_PLACEMENT_3D('',#7935,#5993,#5994);
#5178=AXIS2_PLACEMENT_3D('',#7936,#5995,#5996);
#5179=AXIS2_PLACEMENT_3D('',#7937,#5997,#5998);
#5180=AXIS2_PLACEMENT_3D('',#7939,#5999,#6000);
#5181=AXIS2_PLACEMENT_3D('',#7940,#6001,#6002);
#5182=AXIS2_PLACEMENT_3D('',#7941,#6003,#6004);
#5183=AXIS2_PLACEMENT_3D('',#7945,#6006,#6007);
#5184=AXIS2_PLACEMENT_3D('',#7947,#6009,#6010);
#5185=AXIS2_PLACEMENT_3D('',#7950,#6012,#6013);
#5186=AXIS2_PLACEMENT_3D('',#7951,#6014,#6015);
#5187=AXIS2_PLACEMENT_3D('',#7973,#6017,#6018);
#5188=AXIS2_PLACEMENT_3D('',#7997,#6020,#6021);
#5189=AXIS2_PLACEMENT_3D('',#7998,#6022,#6023);
#5190=AXIS2_PLACEMENT_3D('',#7999,#6024,#6025);
#5191=AXIS2_PLACEMENT_3D('',#8000,#6026,#6027);
#5192=AXIS2_PLACEMENT_3D('',#8015,#6028,#6029);
#5193=AXIS2_PLACEMENT_3D('',#8017,#6030,#6031);
#5194=AXIS2_PLACEMENT_3D('',#8019,#6032,#6033);
#5195=AXIS2_PLACEMENT_3D('',#8021,#6034,#6035);
#5196=AXIS2_PLACEMENT_3D('',#8035,#6036,#6037);
#5197=AXIS2_PLACEMENT_3D('',#8053,#6038,#6039);
#5198=AXIS2_PLACEMENT_3D('',#8054,#6040,#6041);
#5199=AXIS2_PLACEMENT_3D('',#8055,#6042,#6043);
#5200=AXIS2_PLACEMENT_3D('',#8056,#6044,#6045);
#5201=AXIS2_PLACEMENT_3D('',#8082,#6048,#6049);
#5202=AXIS2_PLACEMENT_3D('',#8084,#6050,#6051);
#5203=AXIS2_PLACEMENT_3D('',#8088,#6053,#6054);
#5204=AXIS2_PLACEMENT_3D('',#8090,#6056,#6057);
#5205=AXIS2_PLACEMENT_3D('',#8091,#6058,#6059);
#5206=AXIS2_PLACEMENT_3D('',#8092,#6060,#6061);
#5207=AXIS2_PLACEMENT_3D('',#8093,#6062,#6063);
#5208=AXIS2_PLACEMENT_3D('',#8095,#6064,#6065);
#5209=AXIS2_PLACEMENT_3D('',#8096,#6066,#6067);
#5210=AXIS2_PLACEMENT_3D('',#8097,#6068,#6069);
#5211=AXIS2_PLACEMENT_3D('',#8101,#6071,#6072);
#5212=AXIS2_PLACEMENT_3D('',#8103,#6074,#6075);
#5213=AXIS2_PLACEMENT_3D('',#8106,#6077,#6078);
#5214=AXIS2_PLACEMENT_3D('',#8124,#6079,#6080);
#5215=AXIS2_PLACEMENT_3D('',#8126,#6081,#6082);
#5216=AXIS2_PLACEMENT_3D('',#8128,#6083,#6084);
#5217=AXIS2_PLACEMENT_3D('',#8129,#6085,#6086);
#5218=AXIS2_PLACEMENT_3D('',#8130,#6087,#6088);
#5219=AXIS2_PLACEMENT_3D('',#8145,#6089,#6090);
#5220=AXIS2_PLACEMENT_3D('',#8147,#6091,#6092);
#5221=AXIS2_PLACEMENT_3D('',#8149,#6093,#6094);
#5222=AXIS2_PLACEMENT_3D('',#8151,#6095,#6096);
#5223=AXIS2_PLACEMENT_3D('',#8165,#6097,#6098);
#5224=AXIS2_PLACEMENT_3D('',#8183,#6099,#6100);
#5225=AXIS2_PLACEMENT_3D('',#8184,#6101,#6102);
#5226=AXIS2_PLACEMENT_3D('',#8185,#6103,#6104);
#5227=AXIS2_PLACEMENT_3D('',#8186,#6105,#6106);
#5228=AXIS2_PLACEMENT_3D('',#8212,#6109,#6110);
#5229=AXIS2_PLACEMENT_3D('',#8238,#6113,#6114);
#5230=AXIS2_PLACEMENT_3D('',#8242,#6116,#6117);
#5231=AXIS2_PLACEMENT_3D('',#8245,#6119,#6120);
#5232=AXIS2_PLACEMENT_3D('',#8246,#6121,#6122);
#5233=AXIS2_PLACEMENT_3D('',#8247,#6123,#6124);
#5234=AXIS2_PLACEMENT_3D('',#8250,#6126,#6127);
#5235=AXIS2_PLACEMENT_3D('',#8251,#6128,#6129);
#5236=AXIS2_PLACEMENT_3D('',#8259,#6134,#6135);
#5237=AXIS2_PLACEMENT_3D('',#8262,#6137,#6138);
#5238=AXIS2_PLACEMENT_3D('',#8263,#6139,#6140);
#5239=AXIS2_PLACEMENT_3D('',#8264,#6141,#6142);
#5240=AXIS2_PLACEMENT_3D('',#8265,#6143,#6144);
#5241=AXIS2_PLACEMENT_3D('',#8267,#6145,#6146);
#5242=AXIS2_PLACEMENT_3D('',#8268,#6147,#6148);
#5243=AXIS2_PLACEMENT_3D('',#8269,#6149,#6150);
#5244=AXIS2_PLACEMENT_3D('',#8284,#6153,#6154);
#5245=AXIS2_PLACEMENT_3D('',#8295,#6156,#6157);
#5246=AXIS2_PLACEMENT_3D('',#8298,#6159,#6160);
#5247=AXIS2_PLACEMENT_3D('',#8299,#6161,#6162);
#5248=AXIS2_PLACEMENT_3D('',#8307,#6167,#6168);
#5249=AXIS2_PLACEMENT_3D('',#8310,#6170,#6171);
#5250=AXIS2_PLACEMENT_3D('',#8311,#6172,#6173);
#5251=AXIS2_PLACEMENT_3D('',#8313,#6174,#6175);
#5252=AXIS2_PLACEMENT_3D('',#8315,#6177,#6178);
#5253=AXIS2_PLACEMENT_3D('',#8316,#6179,#6180);
#5254=AXIS2_PLACEMENT_3D('',#8324,#6185,#6186);
#5255=AXIS2_PLACEMENT_3D('',#8327,#6188,#6189);
#5256=AXIS2_PLACEMENT_3D('',#8328,#6190,#6191);
#5257=AXIS2_PLACEMENT_3D('',#8329,#6192,#6193);
#5258=AXIS2_PLACEMENT_3D('',#8331,#6194,#6195);
#5259=AXIS2_PLACEMENT_3D('',#8333,#6197,#6198);
#5260=AXIS2_PLACEMENT_3D('',#8334,#6199,#6200);
#5261=AXIS2_PLACEMENT_3D('',#8342,#6205,#6206);
#5262=AXIS2_PLACEMENT_3D('',#8350,#6211,#6212);
#5263=AXIS2_PLACEMENT_3D('',#8351,#6213,#6214);
#5264=AXIS2_PLACEMENT_3D('',#8353,#6215,#6216);
#5265=AXIS2_PLACEMENT_3D('',#8355,#6218,#6219);
#5266=AXIS2_PLACEMENT_3D('',#8363,#6224,#6225);
#5267=AXIS2_PLACEMENT_3D('',#8364,#6226,#6227);
#5268=AXIS2_PLACEMENT_3D('',#8365,#6228,#6229);
#5269=AXIS2_PLACEMENT_3D('',#8366,#6230,#6231);
#5270=AXIS2_PLACEMENT_3D('',#8367,#6232,#6233);
#5271=AXIS2_PLACEMENT_3D('',#8368,#6234,#6235);
#5272=AXIS2_PLACEMENT_3D('',#8369,#6236,#6237);
#5273=AXIS2_PLACEMENT_3D('',#8370,#6238,#6239);
#5274=AXIS2_PLACEMENT_3D('',#8371,#6240,#6241);
#5275=AXIS2_PLACEMENT_3D('',#8374,#6242,#6243);
#5276=AXIS2_PLACEMENT_3D('',#8378,#6245,#6246);
#5277=AXIS2_PLACEMENT_3D('',#8380,#6248,#6249);
#5278=AXIS2_PLACEMENT_3D('',#8382,#6250,#6251);
#5279=AXIS2_PLACEMENT_3D('',#8384,#6252,#6253);
#5280=AXIS2_PLACEMENT_3D('',#8385,#6254,#6255);
#5281=AXIS2_PLACEMENT_3D('',#8387,#6256,#6257);
#5282=AXIS2_PLACEMENT_3D('',#8389,#6258,#6259);
#5283=AXIS2_PLACEMENT_3D('',#8390,#6260,#6261);
#5284=AXIS2_PLACEMENT_3D('',#8393,#6262,#6263);
#5285=AXIS2_PLACEMENT_3D('',#8395,#6264,#6265);
#5286=AXIS2_PLACEMENT_3D('',#8397,#6266,#6267);
#5287=AXIS2_PLACEMENT_3D('',#8399,#6268,#6269);
#5288=AXIS2_PLACEMENT_3D('',#8401,#6270,#6271);
#5289=AXIS2_PLACEMENT_3D('',#8402,#6272,#6273);
#5290=AXIS2_PLACEMENT_3D('',#8405,#6274,#6275);
#5291=AXIS2_PLACEMENT_3D('',#8407,#6276,#6277);
#5292=AXIS2_PLACEMENT_3D('',#8409,#6278,#6279);
#5293=AXIS2_PLACEMENT_3D('',#8411,#6280,#6281);
#5294=AXIS2_PLACEMENT_3D('',#8413,#6282,#6283);
#5295=AXIS2_PLACEMENT_3D('',#8414,#6284,#6285);
#5296=AXIS2_PLACEMENT_3D('',#8415,#6286,#6287);
#5297=AXIS2_PLACEMENT_3D('',#8417,#6288,#6289);
#5298=AXIS2_PLACEMENT_3D('',#8420,#6291,#6292);
#5299=AXIS2_PLACEMENT_3D('',#8421,#6293,#6294);
#5300=AXIS2_PLACEMENT_3D('',#8423,#6295,#6296);
#5301=AXIS2_PLACEMENT_3D('',#8426,#6298,#6299);
#5302=AXIS2_PLACEMENT_3D('',#8427,#6300,#6301);
#5303=AXIS2_PLACEMENT_3D('',#8429,#6302,#6303);
#5304=AXIS2_PLACEMENT_3D('',#8431,#6305,#6306);
#5305=AXIS2_PLACEMENT_3D('',#8434,#6307,#6308);
#5306=AXIS2_PLACEMENT_3D('',#8436,#6309,#6310);
#5307=AXIS2_PLACEMENT_3D('',#8440,#6312,#6313);
#5308=AXIS2_PLACEMENT_3D('',#8444,#6315,#6316);
#5309=AXIS2_PLACEMENT_3D('',#8448,#6318,#6319);
#5310=AXIS2_PLACEMENT_3D('',#8450,#6320,#6321);
#5311=AXIS2_PLACEMENT_3D('',#8452,#6322,#6323);
#5312=AXIS2_PLACEMENT_3D('',#8454,#6324,#6325);
#5313=AXIS2_PLACEMENT_3D('',#8458,#6327,#6328);
#5314=AXIS2_PLACEMENT_3D('',#8462,#6330,#6331);
#5315=AXIS2_PLACEMENT_3D('',#8466,#6333,#6334);
#5316=AXIS2_PLACEMENT_3D('',#8468,#6335,#6336);
#5317=AXIS2_PLACEMENT_3D('',#8470,#6337,#6338);
#5318=AXIS2_PLACEMENT_3D('',#8472,#6339,#6340);
#5319=AXIS2_PLACEMENT_3D('',#8476,#6342,#6343);
#5320=AXIS2_PLACEMENT_3D('',#8480,#6345,#6346);
#5321=AXIS2_PLACEMENT_3D('',#8484,#6348,#6349);
#5322=AXIS2_PLACEMENT_3D('',#8486,#6350,#6351);
#5323=AXIS2_PLACEMENT_3D('',#8488,#6352,#6353);
#5324=AXIS2_PLACEMENT_3D('',#8490,#6354,#6355);
#5325=AXIS2_PLACEMENT_3D('',#8494,#6357,#6358);
#5326=AXIS2_PLACEMENT_3D('',#8498,#6360,#6361);
#5327=AXIS2_PLACEMENT_3D('',#8502,#6363,#6364);
#5328=AXIS2_PLACEMENT_3D('',#8504,#6365,#6366);
#5329=AXIS2_PLACEMENT_3D('',#8506,#6367,#6368);
#5330=AXIS2_PLACEMENT_3D('',#8507,#6369,#6370);
#5331=AXIS2_PLACEMENT_3D('',#8509,#6371,#6372);
#5332=AXIS2_PLACEMENT_3D('',#8514,#6374,#6375);
#5333=AXIS2_PLACEMENT_3D('',#8517,#6377,#6378);
#5334=AXIS2_PLACEMENT_3D('',#8519,#6379,#6380);
#5335=AXIS2_PLACEMENT_3D('',#8521,#6381,#6382);
#5336=AXIS2_PLACEMENT_3D('',#8523,#6383,#6384);
#5337=AXIS2_PLACEMENT_3D('',#8525,#6385,#6386);
#5338=AXIS2_PLACEMENT_3D('',#8527,#6387,#6388);
#5339=AXIS2_PLACEMENT_3D('',#8529,#6389,#6390);
#5340=AXIS2_PLACEMENT_3D('',#8531,#6391,#6392);
#5341=AXIS2_PLACEMENT_3D('',#8533,#6393,#6394);
#5342=AXIS2_PLACEMENT_3D('',#8535,#6395,#6396);
#5343=AXIS2_PLACEMENT_3D('',#8537,#6397,#6398);
#5344=AXIS2_PLACEMENT_3D('',#8539,#6399,#6400);
#5345=AXIS2_PLACEMENT_3D('',#8540,#6401,#6402);
#5346=AXIS2_PLACEMENT_3D('',#8542,#6404,#6405);
#5347=AXIS2_PLACEMENT_3D('',#8545,#6406,#6407);
#5348=AXIS2_PLACEMENT_3D('',#8547,#6408,#6409);
#5349=AXIS2_PLACEMENT_3D('',#8549,#6410,#6411);
#5350=AXIS2_PLACEMENT_3D('',#8551,#6412,#6413);
#5351=AXIS2_PLACEMENT_3D('',#8553,#6414,#6415);
#5352=AXIS2_PLACEMENT_3D('',#8554,#6416,#6417);
#5353=AXIS2_PLACEMENT_3D('',#8555,#6418,#6419);
#5354=AXIS2_PLACEMENT_3D('',#8558,#6420,#6421);
#5355=AXIS2_PLACEMENT_3D('',#8560,#6422,#6423);
#5356=AXIS2_PLACEMENT_3D('',#8562,#6424,#6425);
#5357=AXIS2_PLACEMENT_3D('',#8564,#6426,#6427);
#5358=AXIS2_PLACEMENT_3D('',#8566,#6428,#6429);
#5359=AXIS2_PLACEMENT_3D('',#8567,#6430,#6431);
#5360=AXIS2_PLACEMENT_3D('',#8568,#6432,#6433);
#5361=AXIS2_PLACEMENT_3D('',#8571,#6434,#6435);
#5362=AXIS2_PLACEMENT_3D('',#8573,#6436,#6437);
#5363=AXIS2_PLACEMENT_3D('',#8575,#6438,#6439);
#5364=AXIS2_PLACEMENT_3D('',#8577,#6440,#6441);
#5365=AXIS2_PLACEMENT_3D('',#8579,#6442,#6443);
#5366=AXIS2_PLACEMENT_3D('',#8580,#6444,#6445);
#5367=AXIS2_PLACEMENT_3D('',#8581,#6446,#6447);
#5368=AXIS2_PLACEMENT_3D('',#8584,#6448,#6449);
#5369=AXIS2_PLACEMENT_3D('',#8586,#6450,#6451);
#5370=AXIS2_PLACEMENT_3D('',#8588,#6452,#6453);
#5371=AXIS2_PLACEMENT_3D('',#8590,#6454,#6455);
#5372=AXIS2_PLACEMENT_3D('',#8592,#6456,#6457);
#5373=AXIS2_PLACEMENT_3D('',#8593,#6458,#6459);
#5374=AXIS2_PLACEMENT_3D('',#8594,#6460,#6461);
#5375=AXIS2_PLACEMENT_3D('',#8597,#6462,#6463);
#5376=AXIS2_PLACEMENT_3D('',#8599,#6464,#6465);
#5377=AXIS2_PLACEMENT_3D('',#8601,#6466,#6467);
#5378=AXIS2_PLACEMENT_3D('',#8603,#6468,#6469);
#5379=AXIS2_PLACEMENT_3D('',#8605,#6470,#6471);
#5380=AXIS2_PLACEMENT_3D('',#8606,#6472,#6473);
#5381=AXIS2_PLACEMENT_3D('',#8607,#6474,#6475);
#5382=AXIS2_PLACEMENT_3D('',#8610,#6476,#6477);
#5383=AXIS2_PLACEMENT_3D('',#8612,#6478,#6479);
#5384=AXIS2_PLACEMENT_3D('',#8614,#6480,#6481);
#5385=AXIS2_PLACEMENT_3D('',#8616,#6482,#6483);
#5386=AXIS2_PLACEMENT_3D('',#8618,#6484,#6485);
#5387=AXIS2_PLACEMENT_3D('',#8619,#6486,#6487);
#5388=AXIS2_PLACEMENT_3D('',#8620,#6488,#6489);
#5389=AXIS2_PLACEMENT_3D('',#8623,#6490,#6491);
#5390=AXIS2_PLACEMENT_3D('',#8625,#6492,#6493);
#5391=AXIS2_PLACEMENT_3D('',#8627,#6494,#6495);
#5392=AXIS2_PLACEMENT_3D('',#8629,#6496,#6497);
#5393=AXIS2_PLACEMENT_3D('',#8631,#6498,#6499);
#5394=AXIS2_PLACEMENT_3D('',#8632,#6500,#6501);
#5395=AXIS2_PLACEMENT_3D('',#8633,#6502,#6503);
#5396=AXIS2_PLACEMENT_3D('',#8636,#6504,#6505);
#5397=AXIS2_PLACEMENT_3D('',#8638,#6506,#6507);
#5398=AXIS2_PLACEMENT_3D('',#8640,#6508,#6509);
#5399=AXIS2_PLACEMENT_3D('',#8642,#6510,#6511);
#5400=AXIS2_PLACEMENT_3D('',#8644,#6512,#6513);
#5401=AXIS2_PLACEMENT_3D('',#8645,#6514,#6515);
#5402=AXIS2_PLACEMENT_3D('',#8646,#6516,#6517);
#5403=AXIS2_PLACEMENT_3D('',#8649,#6518,#6519);
#5404=AXIS2_PLACEMENT_3D('',#8651,#6520,#6521);
#5405=AXIS2_PLACEMENT_3D('',#8653,#6522,#6523);
#5406=AXIS2_PLACEMENT_3D('',#8655,#6524,#6525);
#5407=AXIS2_PLACEMENT_3D('',#8657,#6526,#6527);
#5408=AXIS2_PLACEMENT_3D('',#8658,#6528,#6529);
#5409=AXIS2_PLACEMENT_3D('',#8659,#6530,#6531);
#5410=AXIS2_PLACEMENT_3D('',#8662,#6532,#6533);
#5411=AXIS2_PLACEMENT_3D('',#8664,#6534,#6535);
#5412=AXIS2_PLACEMENT_3D('',#8666,#6536,#6537);
#5413=AXIS2_PLACEMENT_3D('',#8668,#6538,#6539);
#5414=AXIS2_PLACEMENT_3D('',#8670,#6540,#6541);
#5415=AXIS2_PLACEMENT_3D('',#8671,#6542,#6543);
#5416=AXIS2_PLACEMENT_3D('',#8672,#6544,#6545);
#5417=AXIS2_PLACEMENT_3D('',#8675,#6546,#6547);
#5418=AXIS2_PLACEMENT_3D('',#8677,#6548,#6549);
#5419=AXIS2_PLACEMENT_3D('',#8679,#6550,#6551);
#5420=AXIS2_PLACEMENT_3D('',#8681,#6552,#6553);
#5421=AXIS2_PLACEMENT_3D('',#8683,#6554,#6555);
#5422=AXIS2_PLACEMENT_3D('',#8684,#6556,#6557);
#5423=AXIS2_PLACEMENT_3D('',#8685,#6558,#6559);
#5424=AXIS2_PLACEMENT_3D('',#8688,#6560,#6561);
#5425=AXIS2_PLACEMENT_3D('',#8690,#6562,#6563);
#5426=AXIS2_PLACEMENT_3D('',#8692,#6564,#6565);
#5427=AXIS2_PLACEMENT_3D('',#8694,#6566,#6567);
#5428=AXIS2_PLACEMENT_3D('',#8696,#6568,#6569);
#5429=AXIS2_PLACEMENT_3D('',#8697,#6570,#6571);
#5430=AXIS2_PLACEMENT_3D('',#8698,#6572,#6573);
#5431=AXIS2_PLACEMENT_3D('',#8701,#6574,#6575);
#5432=AXIS2_PLACEMENT_3D('',#8703,#6576,#6577);
#5433=AXIS2_PLACEMENT_3D('',#8705,#6578,#6579);
#5434=AXIS2_PLACEMENT_3D('',#8707,#6580,#6581);
#5435=AXIS2_PLACEMENT_3D('',#8709,#6582,#6583);
#5436=AXIS2_PLACEMENT_3D('',#8710,#6584,#6585);
#5437=AXIS2_PLACEMENT_3D('',#8711,#6586,#6587);
#5438=AXIS2_PLACEMENT_3D('',#8714,#6588,#6589);
#5439=AXIS2_PLACEMENT_3D('',#8716,#6590,#6591);
#5440=AXIS2_PLACEMENT_3D('',#8718,#6592,#6593);
#5441=AXIS2_PLACEMENT_3D('',#8720,#6594,#6595);
#5442=AXIS2_PLACEMENT_3D('',#8722,#6596,#6597);
#5443=AXIS2_PLACEMENT_3D('',#8723,#6598,#6599);
#5444=AXIS2_PLACEMENT_3D('',#8724,#6600,#6601);
#5445=AXIS2_PLACEMENT_3D('',#8727,#6604,#6605);
#5446=AXIS2_PLACEMENT_3D('',#8729,#6607,#6608);
#5447=AXIS2_PLACEMENT_3D('',#8731,#6610,#6611);
#5448=AXIS2_PLACEMENT_3D('',#8733,#6613,#6614);
#5449=AXIS2_PLACEMENT_3D('',#8735,#6616,#6617);
#5450=AXIS2_PLACEMENT_3D('',#8736,#6618,#6619);
#5451=AXIS2_PLACEMENT_3D('',#8739,#6622,#6623);
#5452=AXIS2_PLACEMENT_3D('',#8741,#6625,#6626);
#5453=AXIS2_PLACEMENT_3D('',#8743,#6628,#6629);
#5454=AXIS2_PLACEMENT_3D('',#8745,#6631,#6632);
#5455=AXIS2_PLACEMENT_3D('',#8747,#6634,#6635);
#5456=AXIS2_PLACEMENT_3D('',#8748,#6636,#6637);
#5457=AXIS2_PLACEMENT_3D('',#8751,#6638,#6639);
#5458=AXIS2_PLACEMENT_3D('',#8754,#6642,#6643);
#5459=AXIS2_PLACEMENT_3D('',#8756,#6644,#6645);
#5460=AXIS2_PLACEMENT_3D('',#8758,#6647,#6648);
#5461=AXIS2_PLACEMENT_3D('',#8760,#6649,#6650);
#5462=AXIS2_PLACEMENT_3D('',#8762,#6652,#6653);
#5463=AXIS2_PLACEMENT_3D('',#8764,#6654,#6655);
#5464=AXIS2_PLACEMENT_3D('',#8766,#6657,#6658);
#5465=AXIS2_PLACEMENT_3D('',#8768,#6659,#6660);
#5466=AXIS2_PLACEMENT_3D('',#8770,#6662,#6663);
#5467=AXIS2_PLACEMENT_3D('',#8771,#6664,#6665);
#5468=AXIS2_PLACEMENT_3D('',#8772,#6666,#6667);
#5469=AXIS2_PLACEMENT_3D('',#8775,#6668,#6669);
#5470=AXIS2_PLACEMENT_3D('',#8778,#6672,#6673);
#5471=AXIS2_PLACEMENT_3D('',#8780,#6674,#6675);
#5472=AXIS2_PLACEMENT_3D('',#8782,#6677,#6678);
#5473=AXIS2_PLACEMENT_3D('',#8784,#6679,#6680);
#5474=AXIS2_PLACEMENT_3D('',#8786,#6682,#6683);
#5475=AXIS2_PLACEMENT_3D('',#8788,#6684,#6685);
#5476=AXIS2_PLACEMENT_3D('',#8790,#6687,#6688);
#5477=AXIS2_PLACEMENT_3D('',#8792,#6689,#6690);
#5478=AXIS2_PLACEMENT_3D('',#8794,#6692,#6693);
#5479=AXIS2_PLACEMENT_3D('',#8795,#6694,#6695);
#5480=AXIS2_PLACEMENT_3D('',#8796,#6696,#6697);
#5481=AXIS2_PLACEMENT_3D('',#8799,#6698,#6699);
#5482=AXIS2_PLACEMENT_3D('',#8802,#6702,#6703);
#5483=AXIS2_PLACEMENT_3D('',#8804,#6704,#6705);
#5484=AXIS2_PLACEMENT_3D('',#8806,#6707,#6708);
#5485=AXIS2_PLACEMENT_3D('',#8808,#6709,#6710);
#5486=AXIS2_PLACEMENT_3D('',#8810,#6712,#6713);
#5487=AXIS2_PLACEMENT_3D('',#8812,#6714,#6715);
#5488=AXIS2_PLACEMENT_3D('',#8814,#6717,#6718);
#5489=AXIS2_PLACEMENT_3D('',#8816,#6719,#6720);
#5490=AXIS2_PLACEMENT_3D('',#8818,#6722,#6723);
#5491=AXIS2_PLACEMENT_3D('',#8819,#6724,#6725);
#5492=AXIS2_PLACEMENT_3D('',#8820,#6726,#6727);
#5493=AXIS2_PLACEMENT_3D('',#8823,#6728,#6729);
#5494=AXIS2_PLACEMENT_3D('',#8826,#6732,#6733);
#5495=AXIS2_PLACEMENT_3D('',#8828,#6734,#6735);
#5496=AXIS2_PLACEMENT_3D('',#8830,#6737,#6738);
#5497=AXIS2_PLACEMENT_3D('',#8832,#6739,#6740);
#5498=AXIS2_PLACEMENT_3D('',#8834,#6742,#6743);
#5499=AXIS2_PLACEMENT_3D('',#8836,#6744,#6745);
#5500=AXIS2_PLACEMENT_3D('',#8838,#6747,#6748);
#5501=AXIS2_PLACEMENT_3D('',#8840,#6749,#6750);
#5502=AXIS2_PLACEMENT_3D('',#8842,#6752,#6753);
#5503=AXIS2_PLACEMENT_3D('',#8843,#6754,#6755);
#5504=AXIS2_PLACEMENT_3D('',#8844,#6756,#6757);
#5505=AXIS2_PLACEMENT_3D('',#8847,#6758,#6759);
#5506=AXIS2_PLACEMENT_3D('',#8850,#6762,#6763);
#5507=AXIS2_PLACEMENT_3D('',#8852,#6764,#6765);
#5508=AXIS2_PLACEMENT_3D('',#8854,#6767,#6768);
#5509=AXIS2_PLACEMENT_3D('',#8856,#6769,#6770);
#5510=AXIS2_PLACEMENT_3D('',#8858,#6772,#6773);
#5511=AXIS2_PLACEMENT_3D('',#8860,#6774,#6775);
#5512=AXIS2_PLACEMENT_3D('',#8862,#6777,#6778);
#5513=AXIS2_PLACEMENT_3D('',#8864,#6779,#6780);
#5514=AXIS2_PLACEMENT_3D('',#8866,#6782,#6783);
#5515=AXIS2_PLACEMENT_3D('',#8867,#6784,#6785);
#5516=AXIS2_PLACEMENT_3D('',#8868,#6786,#6787);
#5517=AXIS2_PLACEMENT_3D('',#8871,#6788,#6789);
#5518=AXIS2_PLACEMENT_3D('',#8874,#6792,#6793);
#5519=AXIS2_PLACEMENT_3D('',#8876,#6794,#6795);
#5520=AXIS2_PLACEMENT_3D('',#8878,#6797,#6798);
#5521=AXIS2_PLACEMENT_3D('',#8880,#6799,#6800);
#5522=AXIS2_PLACEMENT_3D('',#8882,#6802,#6803);
#5523=AXIS2_PLACEMENT_3D('',#8884,#6804,#6805);
#5524=AXIS2_PLACEMENT_3D('',#8886,#6807,#6808);
#5525=AXIS2_PLACEMENT_3D('',#8888,#6809,#6810);
#5526=AXIS2_PLACEMENT_3D('',#8890,#6812,#6813);
#5527=AXIS2_PLACEMENT_3D('',#8891,#6814,#6815);
#5528=AXIS2_PLACEMENT_3D('',#8892,#6816,#6817);
#5529=AXIS2_PLACEMENT_3D('',#8895,#6818,#6819);
#5530=AXIS2_PLACEMENT_3D('',#8897,#6820,#6821);
#5531=AXIS2_PLACEMENT_3D('',#8898,#6822,#6823);
#5532=AXIS2_PLACEMENT_3D('',#8899,#6824,#6825);
#5533=AXIS2_PLACEMENT_3D('',#8902,#6826,#6827);
#5534=AXIS2_PLACEMENT_3D('',#8905,#6830,#6831);
#5535=AXIS2_PLACEMENT_3D('',#8908,#6832,#6833);
#5536=AXIS2_PLACEMENT_3D('',#8911,#6836,#6837);
#5537=AXIS2_PLACEMENT_3D('',#8913,#6838,#6839);
#5538=AXIS2_PLACEMENT_3D('',#8915,#6841,#6842);
#5539=AXIS2_PLACEMENT_3D('',#8917,#6843,#6844);
#5540=AXIS2_PLACEMENT_3D('',#8919,#6846,#6847);
#5541=AXIS2_PLACEMENT_3D('',#8921,#6848,#6849);
#5542=AXIS2_PLACEMENT_3D('',#8923,#6851,#6852);
#5543=AXIS2_PLACEMENT_3D('',#8925,#6853,#6854);
#5544=AXIS2_PLACEMENT_3D('',#8927,#6856,#6857);
#5545=AXIS2_PLACEMENT_3D('',#8928,#6858,#6859);
#5546=AXIS2_PLACEMENT_3D('',#8929,#6860,#6861);
#5547=AXIS2_PLACEMENT_3D('',#8932,#6862,#6863);
#5548=AXIS2_PLACEMENT_3D('',#8935,#6866,#6867);
#5549=AXIS2_PLACEMENT_3D('',#8937,#6868,#6869);
#5550=AXIS2_PLACEMENT_3D('',#8939,#6871,#6872);
#5551=AXIS2_PLACEMENT_3D('',#8941,#6873,#6874);
#5552=AXIS2_PLACEMENT_3D('',#8943,#6876,#6877);
#5553=AXIS2_PLACEMENT_3D('',#8945,#6878,#6879);
#5554=AXIS2_PLACEMENT_3D('',#8947,#6881,#6882);
#5555=AXIS2_PLACEMENT_3D('',#8949,#6883,#6884);
#5556=AXIS2_PLACEMENT_3D('',#8951,#6886,#6887);
#5557=AXIS2_PLACEMENT_3D('',#8952,#6888,#6889);
#5558=AXIS2_PLACEMENT_3D('',#8953,#6890,#6891);
#5559=AXIS2_PLACEMENT_3D('',#8956,#6892,#6893);
#5560=AXIS2_PLACEMENT_3D('',#8959,#6896,#6897);
#5561=AXIS2_PLACEMENT_3D('',#8961,#6898,#6899);
#5562=AXIS2_PLACEMENT_3D('',#8963,#6901,#6902);
#5563=AXIS2_PLACEMENT_3D('',#8965,#6903,#6904);
#5564=AXIS2_PLACEMENT_3D('',#8967,#6906,#6907);
#5565=AXIS2_PLACEMENT_3D('',#8969,#6908,#6909);
#5566=AXIS2_PLACEMENT_3D('',#8971,#6911,#6912);
#5567=AXIS2_PLACEMENT_3D('',#8973,#6913,#6914);
#5568=AXIS2_PLACEMENT_3D('',#8975,#6916,#6917);
#5569=AXIS2_PLACEMENT_3D('',#8976,#6918,#6919);
#5570=AXIS2_PLACEMENT_3D('',#8977,#6920,#6921);
#5571=AXIS2_PLACEMENT_3D('',#8980,#6922,#6923);
#5572=AXIS2_PLACEMENT_3D('',#8983,#6926,#6927);
#5573=AXIS2_PLACEMENT_3D('',#8985,#6928,#6929);
#5574=AXIS2_PLACEMENT_3D('',#8987,#6931,#6932);
#5575=AXIS2_PLACEMENT_3D('',#8989,#6933,#6934);
#5576=AXIS2_PLACEMENT_3D('',#8991,#6936,#6937);
#5577=AXIS2_PLACEMENT_3D('',#8993,#6938,#6939);
#5578=AXIS2_PLACEMENT_3D('',#8995,#6941,#6942);
#5579=AXIS2_PLACEMENT_3D('',#8997,#6943,#6944);
#5580=AXIS2_PLACEMENT_3D('',#8999,#6946,#6947);
#5581=AXIS2_PLACEMENT_3D('',#9000,#6948,#6949);
#5582=AXIS2_PLACEMENT_3D('',#9001,#6950,#6951);
#5583=AXIS2_PLACEMENT_3D('',#9004,#6952,#6953);
#5584=AXIS2_PLACEMENT_3D('',#9007,#6956,#6957);
#5585=AXIS2_PLACEMENT_3D('',#9009,#6958,#6959);
#5586=AXIS2_PLACEMENT_3D('',#9011,#6961,#6962);
#5587=AXIS2_PLACEMENT_3D('',#9013,#6963,#6964);
#5588=AXIS2_PLACEMENT_3D('',#9015,#6966,#6967);
#5589=AXIS2_PLACEMENT_3D('',#9017,#6968,#6969);
#5590=AXIS2_PLACEMENT_3D('',#9019,#6971,#6972);
#5591=AXIS2_PLACEMENT_3D('',#9021,#6973,#6974);
#5592=AXIS2_PLACEMENT_3D('',#9023,#6976,#6977);
#5593=AXIS2_PLACEMENT_3D('',#9024,#6978,#6979);
#5594=AXIS2_PLACEMENT_3D('',#9025,#6980,#6981);
#5595=AXIS2_PLACEMENT_3D('',#9028,#6982,#6983);
#5596=AXIS2_PLACEMENT_3D('',#9031,#6986,#6987);
#5597=AXIS2_PLACEMENT_3D('',#9033,#6988,#6989);
#5598=AXIS2_PLACEMENT_3D('',#9035,#6991,#6992);
#5599=AXIS2_PLACEMENT_3D('',#9037,#6993,#6994);
#5600=AXIS2_PLACEMENT_3D('',#9039,#6996,#6997);
#5601=AXIS2_PLACEMENT_3D('',#9041,#6998,#6999);
#5602=AXIS2_PLACEMENT_3D('',#9043,#7001,#7002);
#5603=AXIS2_PLACEMENT_3D('',#9045,#7003,#7004);
#5604=AXIS2_PLACEMENT_3D('',#9047,#7006,#7007);
#5605=AXIS2_PLACEMENT_3D('',#9048,#7008,#7009);
#5606=AXIS2_PLACEMENT_3D('',#9049,#7010,#7011);
#5607=AXIS2_PLACEMENT_3D('',#9052,#7012,#7013);
#5608=AXIS2_PLACEMENT_3D('',#9056,#7015,#7016);
#5609=AXIS2_PLACEMENT_3D('',#9058,#7018,#7019);
#5610=AXIS2_PLACEMENT_3D('',#9061,#7020,#7021);
#5611=AXIS2_PLACEMENT_3D('',#9064,#7024,#7025);
#5612=AXIS2_PLACEMENT_3D('',#9067,#7026,#7027);
#5613=AXIS2_PLACEMENT_3D('',#9070,#7030,#7031);
#5614=AXIS2_PLACEMENT_3D('',#9073,#7032,#7033);
#5615=AXIS2_PLACEMENT_3D('',#9077,#7035,#7036);
#5616=AXIS2_PLACEMENT_3D('',#9079,#7038,#7039);
#5617=AXIS2_PLACEMENT_3D('',#9082,#7040,#7041);
#5618=AXIS2_PLACEMENT_3D('',#9086,#7043,#7044);
#5619=AXIS2_PLACEMENT_3D('',#9088,#7046,#7047);
#5620=AXIS2_PLACEMENT_3D('',#9091,#7048,#7049);
#5621=AXIS2_PLACEMENT_3D('',#9095,#7051,#7052);
#5622=AXIS2_PLACEMENT_3D('',#9097,#7054,#7055);
#5623=AXIS2_PLACEMENT_3D('',#9098,#7056,#7057);
#5624=AXIS2_PLACEMENT_3D('',#9099,#7058,#7059);
#5625=AXIS2_PLACEMENT_3D('',#9100,#7060,#7061);
#5626=AXIS2_PLACEMENT_3D('',#9102,#7062,#7063);
#5627=AXIS2_PLACEMENT_3D('',#9104,#7065,#7066);
#5628=AXIS2_PLACEMENT_3D('',#9107,#7067,#7068);
#5629=AXIS2_PLACEMENT_3D('',#9111,#7070,#7071);
#5630=AXIS2_PLACEMENT_3D('',#9113,#7073,#7074);
#5631=AXIS2_PLACEMENT_3D('',#9116,#7075,#7076);
#5632=AXIS2_PLACEMENT_3D('',#9120,#7078,#7079);
#5633=AXIS2_PLACEMENT_3D('',#9122,#7081,#7082);
#5634=AXIS2_PLACEMENT_3D('',#9125,#7083,#7084);
#5635=AXIS2_PLACEMENT_3D('',#9129,#7086,#7087);
#5636=AXIS2_PLACEMENT_3D('',#9131,#7089,#7090);
#5637=AXIS2_PLACEMENT_3D('',#9132,#7091,#7092);
#5638=AXIS2_PLACEMENT_3D('',#9133,#7093,#7094);
#5639=AXIS2_PLACEMENT_3D('',#9134,#7095,#7096);
#5640=AXIS2_PLACEMENT_3D('',#9135,#7097,#7098);
#5641=AXIS2_PLACEMENT_3D('',#9136,#7099,#7100);
#5642=AXIS2_PLACEMENT_3D('',#9138,#7101,#7102);
#5643=AXIS2_PLACEMENT_3D('',#9141,#7104,#7105);
#5644=AXIS2_PLACEMENT_3D('',#9142,#7106,#7107);
#5645=AXIS2_PLACEMENT_3D('',#9144,#7108,#7109);
#5646=AXIS2_PLACEMENT_3D('',#9147,#7111,#7112);
#5647=AXIS2_PLACEMENT_3D('',#9148,#7113,#7114);
#5648=AXIS2_PLACEMENT_3D('',#9150,#7115,#7116);
#5649=AXIS2_PLACEMENT_3D('',#9153,#7118,#7119);
#5650=AXIS2_PLACEMENT_3D('',#9154,#7120,#7121);
#5651=AXIS2_PLACEMENT_3D('',#9156,#7122,#7123);
#5652=AXIS2_PLACEMENT_3D('',#9159,#7125,#7126);
#5653=AXIS2_PLACEMENT_3D('',#9160,#7127,#7128);
#5654=AXIS2_PLACEMENT_3D('',#9162,#7129,#7130);
#5655=AXIS2_PLACEMENT_3D('',#9165,#7132,#7133);
#5656=AXIS2_PLACEMENT_3D('',#9166,#7134,#7135);
#5657=AXIS2_PLACEMENT_3D('',#9168,#7136,#7137);
#5658=AXIS2_PLACEMENT_3D('',#9171,#7139,#7140);
#5659=AXIS2_PLACEMENT_3D('',#9172,#7141,#7142);
#5660=AXIS2_PLACEMENT_3D('',#9174,#7143,#7144);
#5661=AXIS2_PLACEMENT_3D('',#9177,#7146,#7147);
#5662=AXIS2_PLACEMENT_3D('',#9178,#7148,#7149);
#5663=AXIS2_PLACEMENT_3D('',#9180,#7150,#7151);
#5664=AXIS2_PLACEMENT_3D('',#9183,#7153,#7154);
#5665=AXIS2_PLACEMENT_3D('',#9184,#7155,#7156);
#5666=AXIS2_PLACEMENT_3D('',#9186,#7157,#7158);
#5667=AXIS2_PLACEMENT_3D('',#9189,#7160,#7161);
#5668=AXIS2_PLACEMENT_3D('',#9190,#7162,#7163);
#5669=AXIS2_PLACEMENT_3D('',#9192,#7164,#7165);
#5670=AXIS2_PLACEMENT_3D('',#9195,#7167,#7168);
#5671=AXIS2_PLACEMENT_3D('',#9196,#7169,#7170);
#5672=AXIS2_PLACEMENT_3D('',#9198,#7171,#7172);
#5673=AXIS2_PLACEMENT_3D('',#9201,#7174,#7175);
#5674=AXIS2_PLACEMENT_3D('',#9202,#7176,#7177);
#5675=AXIS2_PLACEMENT_3D('',#9204,#7178,#7179);
#5676=AXIS2_PLACEMENT_3D('',#9207,#7181,#7182);
#5677=AXIS2_PLACEMENT_3D('',#9208,#7183,#7184);
#5678=AXIS2_PLACEMENT_3D('',#9210,#7185,#7186);
#5679=AXIS2_PLACEMENT_3D('',#9213,#7188,#7189);
#5680=AXIS2_PLACEMENT_3D('',#9214,#7190,#7191);
#5681=AXIS2_PLACEMENT_3D('',#9216,#7192,#7193);
#5682=AXIS2_PLACEMENT_3D('',#9218,#7194,#7195);
#5683=AXIS2_PLACEMENT_3D('',#9219,#7196,#7197);
#5684=AXIS2_PLACEMENT_3D('',#9220,#7198,#7199);
#5685=AXIS2_PLACEMENT_3D('',#9222,#7200,#7201);
#5686=AXIS2_PLACEMENT_3D('',#9224,#7203,#7204);
#5687=AXIS2_PLACEMENT_3D('',#9227,#7205,#7206);
#5688=AXIS2_PLACEMENT_3D('',#9230,#7209,#7210);
#5689=AXIS2_PLACEMENT_3D('',#9232,#7211,#7212);
#5690=AXIS2_PLACEMENT_3D('',#9240,#7213,#7214);
#5691=AXIS2_PLACEMENT_3D('',#9242,#7215,#7216);
#5692=AXIS2_PLACEMENT_3D('',#9243,#7217,#7218);
#5693=AXIS2_PLACEMENT_3D('',#9244,#7219,#7220);
#5694=AXIS2_PLACEMENT_3D('',#9246,#7221,#7222);
#5695=AXIS2_PLACEMENT_3D('',#9247,#7223,#7224);
#5696=AXIS2_PLACEMENT_3D('',#9248,#7225,#7226);
#5697=AXIS2_PLACEMENT_3D('',#9250,#7227,#7228);
#5698=AXIS2_PLACEMENT_3D('',#9252,#7229,#7230);
#5699=AXIS2_PLACEMENT_3D('',#9253,#7231,#7232);
#5700=AXIS2_PLACEMENT_3D('',#9254,#7233,#7234);
#5701=AXIS2_PLACEMENT_3D('',#9262,#7235,#7236);
#5702=AXIS2_PLACEMENT_3D('',#9264,#7237,#7238);
#5703=AXIS2_PLACEMENT_3D('',#9265,#7239,#7240);
#5704=AXIS2_PLACEMENT_3D('',#9266,#7241,#7242);
#5705=AXIS2_PLACEMENT_3D('',#9271,#7244,#7245);
#5706=AXIS2_PLACEMENT_3D('',#9274,#7247,#7248);
#5707=AXIS2_PLACEMENT_3D('',#9275,#7249,#7250);
#5708=AXIS2_PLACEMENT_3D('',#9277,#7251,#7252);
#5709=AXIS2_PLACEMENT_3D('',#9278,#7253,#7254);
#5710=AXIS2_PLACEMENT_3D('',#9280,#7255,#7256);
#5711=AXIS2_PLACEMENT_3D('',#9281,#7257,#7258);
#5712=AXIS2_PLACEMENT_3D('',#9283,#7259,#7260);
#5713=AXIS2_PLACEMENT_3D('',#9284,#7261,#7262);
#5714=AXIS2_PLACEMENT_3D('',#9286,#7263,#7264);
#5715=AXIS2_PLACEMENT_3D('',#9287,#7265,#7266);
#5716=AXIS2_PLACEMENT_3D('',#9289,#7267,#7268);
#5717=AXIS2_PLACEMENT_3D('',#9290,#7269,#7270);
#5718=AXIS2_PLACEMENT_3D('',#9292,#7271,#7272);
#5719=AXIS2_PLACEMENT_3D('',#9293,#7273,#7274);
#5720=AXIS2_PLACEMENT_3D('',#9295,#7275,#7276);
#5721=AXIS2_PLACEMENT_3D('',#9296,#7277,#7278);
#5722=AXIS2_PLACEMENT_3D('',#9298,#7279,#7280);
#5723=AXIS2_PLACEMENT_3D('',#9299,#7281,#7282);
#5724=AXIS2_PLACEMENT_3D('',#9301,#7283,#7284);
#5725=AXIS2_PLACEMENT_3D('',#9302,#7285,#7286);
#5726=AXIS2_PLACEMENT_3D('',#9304,#7287,#7288);
#5727=AXIS2_PLACEMENT_3D('',#9305,#7289,#7290);
#5728=AXIS2_PLACEMENT_3D('',#9307,#7291,#7292);
#5729=AXIS2_PLACEMENT_3D('',#9308,#7293,#7294);
#5730=AXIS2_PLACEMENT_3D('',#9310,#7295,#7296);
#5731=AXIS2_PLACEMENT_3D('',#9311,#7297,#7298);
#5732=AXIS2_PLACEMENT_3D('',#9318,#7299,#7300);
#5733=AXIS2_PLACEMENT_3D('',#9320,#7302,#7303);
#5734=AXIS2_PLACEMENT_3D('',#9324,#7306,#7307);
#5735=AXIS2_PLACEMENT_3D('',#9326,#7308,#7309);
#5736=AXIS2_PLACEMENT_3D('',#9328,#7311,#7312);
#5737=AXIS2_PLACEMENT_3D('',#9331,#7314,#7315);
#5738=AXIS2_PLACEMENT_3D('',#9332,#7316,#7317);
#5739=AXIS2_PLACEMENT_3D('',#9333,#7318,#7319);
#5740=AXIS2_PLACEMENT_3D('',#9334,#7320,#7321);
#5741=AXIS2_PLACEMENT_3D('',#9335,#7322,#7323);
#5742=AXIS2_PLACEMENT_3D('',#9336,#7324,#7325);
#5743=AXIS2_PLACEMENT_3D('',#9337,#7326,#7327);
#5744=AXIS2_PLACEMENT_3D('',#9338,#7328,#7329);
#5745=AXIS2_PLACEMENT_3D('',#9339,#7330,#7331);
#5746=AXIS2_PLACEMENT_3D('',#9340,#7332,#7333);
#5747=AXIS2_PLACEMENT_3D('',#9341,#7334,#7335);
#5748=AXIS2_PLACEMENT_3D('',#9342,#7336,#7337);
#5749=AXIS2_PLACEMENT_3D('',#9343,#7338,#7339);
#5750=AXIS2_PLACEMENT_3D('',#9344,#7340,#7341);
#5751=AXIS2_PLACEMENT_3D('',#9345,#7342,#7343);
#5752=AXIS2_PLACEMENT_3D('',#9346,#7344,#7345);
#5753=AXIS2_PLACEMENT_3D('',#9347,#7346,#7347);
#5754=AXIS2_PLACEMENT_3D('',#9348,#7348,#7349);
#5755=AXIS2_PLACEMENT_3D('',#9349,#7350,#7351);
#5756=AXIS2_PLACEMENT_3D('',#9351,#7352,#7353);
#5757=AXIS2_PLACEMENT_3D('',#9353,#7355,#7356);
#5758=AXIS2_PLACEMENT_3D('',#9366,#7358,#7359);
#5759=AXIS2_PLACEMENT_3D('',#9377,#7361,#7362);
#5760=AXIS2_PLACEMENT_3D('',#9380,#7364,#7365);
#5761=AXIS2_PLACEMENT_3D('',#9381,#7366,#7367);
#5762=AXIS2_PLACEMENT_3D('',#9382,#7368,#7369);
#5763=AXIS2_PLACEMENT_3D('',#9383,#7370,#7371);
#5764=AXIS2_PLACEMENT_3D('',#9384,#7372,#7373);
#5765=AXIS2_PLACEMENT_3D('',#9385,#7374,#7375);
#5766=AXIS2_PLACEMENT_3D('',#9386,#7376,#7377);
#5767=AXIS2_PLACEMENT_3D('',#9387,#7378,#7379);
#5768=AXIS2_PLACEMENT_3D('',#9388,#7380,#7381);
#5769=AXIS2_PLACEMENT_3D('',#9389,#7382,#7383);
#5770=AXIS2_PLACEMENT_3D('',#9390,#7384,#7385);
#5771=AXIS2_PLACEMENT_3D('',#9391,#7386,#7387);
#5772=AXIS2_PLACEMENT_3D('',#9392,#7388,#7389);
#5773=AXIS2_PLACEMENT_3D('',#9393,#7390,#7391);
#5774=AXIS2_PLACEMENT_3D('',#9395,#7392,#7393);
#5775=AXIS2_PLACEMENT_3D('',#9397,#7395,#7396);
#5776=AXIS2_PLACEMENT_3D('',#9398,#7397,#7398);
#5777=AXIS2_PLACEMENT_3D('',#9399,#7399,#7400);
#5778=AXIS2_PLACEMENT_3D('',#9400,#7401,#7402);
#5779=AXIS2_PLACEMENT_3D('',#9404,#7405,#7406);
#5780=AXIS2_PLACEMENT_3D('',#9406,#7407,#7408);
#5781=AXIS2_PLACEMENT_3D('',#9408,#7410,#7411);
#5782=AXIS2_PLACEMENT_3D('',#9421,#7413,#7414);
#5783=AXIS2_PLACEMENT_3D('',#9432,#7416,#7417);
#5784=AXIS2_PLACEMENT_3D('',#9433,#7418,#7419);
#5785=AXIS2_PLACEMENT_3D('',#9434,#7420,#7421);
#5786=AXIS2_PLACEMENT_3D('',#9435,#7422,#7423);
#5787=AXIS2_PLACEMENT_3D('',#9436,#7424,#7425);
#5788=AXIS2_PLACEMENT_3D('',#9437,#7426,#7427);
#5789=AXIS2_PLACEMENT_3D('',#9438,#7428,#7429);
#5790=AXIS2_PLACEMENT_3D('',#9439,#7430,#7431);
#5791=AXIS2_PLACEMENT_3D('',#9440,#7432,#7433);
#5792=AXIS2_PLACEMENT_3D('',#9441,#7434,#7435);
#5793=AXIS2_PLACEMENT_3D('',#9442,#7436,#7437);
#5794=AXIS2_PLACEMENT_3D('',#9443,#7438,#7439);
#5795=AXIS2_PLACEMENT_3D('',#9444,#7440,#7441);
#5796=AXIS2_PLACEMENT_3D('',#9445,#7442,#7443);
#5797=AXIS2_PLACEMENT_3D('',#9446,#7444,#7445);
#5798=AXIS2_PLACEMENT_3D('',#9447,#7446,#7447);
#5799=AXIS2_PLACEMENT_3D('',#9448,#7448,#7449);
#5800=AXIS2_PLACEMENT_3D('',#9449,#7450,#7451);
#5801=AXIS2_PLACEMENT_3D('',#9453,#7453,#7454);
#5802=AXIS2_PLACEMENT_3D('',#9458,#7458,#7459);
#5803=AXIS2_PLACEMENT_3D('',#9459,#7460,#7461);
#5804=AXIS2_PLACEMENT_3D('',#9482,#7465,#7466);
#5805=AXIS2_PLACEMENT_3D('',#9483,#7467,#7468);
#5806=AXIS2_PLACEMENT_3D('',#9484,#7469,#7470);
#5807=AXIS2_PLACEMENT_3D('',#9486,#7471,#7472);
#5808=AXIS2_PLACEMENT_3D('',#9511,#7473,#7474);
#5809=AXIS2_PLACEMENT_3D('',#9558,#7475,#7476);
#5810=AXIS2_PLACEMENT_3D('',#9559,#7477,#7478);
#5811=AXIS2_PLACEMENT_3D('',#9626,#7479,#7480);
#5812=AXIS2_PLACEMENT_3D('',#9627,#7481,#7482);
#5813=AXIS2_PLACEMENT_3D('',#9629,#7483,#7484);
#5814=AXIS2_PLACEMENT_3D('',#9631,#7486,#7487);
#5815=AXIS2_PLACEMENT_3D('',#9634,#7490,#7491);
#5816=AXIS2_PLACEMENT_3D('',#9636,#7493,#7494);
#5817=AXIS2_PLACEMENT_3D('',#9638,#7496,#7497);
#5818=AXIS2_PLACEMENT_3D('',#9639,#7498,#7499);
#5819=AXIS2_PLACEMENT_3D('',#9641,#7501,#7502);
#5820=AXIS2_PLACEMENT_3D('',#9643,#7504,#7505);
#5821=AXIS2_PLACEMENT_3D('',#9645,#7507,#7508);
#5822=AXIS2_PLACEMENT_3D('',#9647,#7510,#7511);
#5823=AXIS2_PLACEMENT_3D('',#9649,#7513,#7514);
#5824=AXIS2_PLACEMENT_3D('',#9651,#7516,#7517);
#5825=AXIS2_PLACEMENT_3D('',#9653,#7519,#7520);
#5826=AXIS2_PLACEMENT_3D('',#9655,#7522,#7523);
#5827=AXIS2_PLACEMENT_3D('',#9657,#7525,#7526);
#5828=AXIS2_PLACEMENT_3D('',#9659,#7528,#7529);
#5829=AXIS2_PLACEMENT_3D('',#9661,#7531,#7532);
#5830=AXIS2_PLACEMENT_3D('',#9684,#7534,#7535);
#5831=AXIS2_PLACEMENT_3D('',#9685,#7536,#7537);
#5832=AXIS2_PLACEMENT_3D('',#9686,#7538,#7539);
#5833=AXIS2_PLACEMENT_3D('',#9687,#7540,#7541);
#5834=AXIS2_PLACEMENT_3D('',#9688,#7542,#7543);
#5835=AXIS2_PLACEMENT_3D('',#9695,#7544,#7545);
#5836=AXIS2_PLACEMENT_3D('',#9702,#7546,#7547);
#5837=AXIS2_PLACEMENT_3D('',#9703,#7548,#7549);
#5838=AXIS2_PLACEMENT_3D('',#9704,#7550,#7551);
#5839=AXIS2_PLACEMENT_3D('',#9705,#7552,#7553);
#5840=AXIS2_PLACEMENT_3D('',#9706,#7554,#7555);
#5841=AXIS2_PLACEMENT_3D('',#9707,#7556,#7557);
#5842=AXIS2_PLACEMENT_3D('',#9708,#7558,#7559);
#5843=AXIS2_PLACEMENT_3D('',#9709,#7560,#7561);
#5844=AXIS2_PLACEMENT_3D('',#9710,#7562,#7563);
#5845=AXIS2_PLACEMENT_3D('',#9711,#7564,#7565);
#5846=AXIS2_PLACEMENT_3D('',#9712,#7566,#7567);
#5847=AXIS2_PLACEMENT_3D('',#9713,#7568,#7569);
#5848=AXIS2_PLACEMENT_3D('',#9720,#7570,#7571);
#5849=AXIS2_PLACEMENT_3D('',#9727,#7572,#7573);
#5850=AXIS2_PLACEMENT_3D('',#9728,#7574,#7575);
#5851=AXIS2_PLACEMENT_3D('',#9729,#7576,#7577);
#5852=AXIS2_PLACEMENT_3D('',#9730,#7578,#7579);
#5853=AXIS2_PLACEMENT_3D('',#9731,#7580,#7581);
#5854=AXIS2_PLACEMENT_3D('',#9732,#7582,#7583);
#5855=AXIS2_PLACEMENT_3D('',#9733,#7584,#7585);
#5856=AXIS2_PLACEMENT_3D('',#9734,#7586,#7587);
#5857=AXIS2_PLACEMENT_3D('',#9735,#7588,#7589);
#5858=AXIS2_PLACEMENT_3D('',#9736,#7590,#7591);
#5859=AXIS2_PLACEMENT_3D('',#9737,#7592,#7593);
#5860=AXIS2_PLACEMENT_3D('',#9738,#7594,#7595);
#5861=AXIS2_PLACEMENT_3D('',#9745,#7596,#7597);
#5862=AXIS2_PLACEMENT_3D('',#9752,#7598,#7599);
#5863=AXIS2_PLACEMENT_3D('',#9753,#7600,#7601);
#5864=AXIS2_PLACEMENT_3D('',#9754,#7602,#7603);
#5865=AXIS2_PLACEMENT_3D('',#9755,#7604,#7605);
#5866=AXIS2_PLACEMENT_3D('',#9756,#7606,#7607);
#5867=AXIS2_PLACEMENT_3D('',#9757,#7608,#7609);
#5868=AXIS2_PLACEMENT_3D('',#9758,#7610,#7611);
#5869=AXIS2_PLACEMENT_3D('',#9759,#7612,#7613);
#5870=AXIS2_PLACEMENT_3D('',#9760,#7614,#7615);
#5871=AXIS2_PLACEMENT_3D('',#9761,#7616,#7617);
#5872=AXIS2_PLACEMENT_3D('',#9762,#7618,#7619);
#5873=AXIS2_PLACEMENT_3D('',#9763,#7620,#7621);
#5874=AXIS2_PLACEMENT_3D('',#9770,#7622,#7623);
#5875=AXIS2_PLACEMENT_3D('',#9777,#7624,#7625);
#5876=AXIS2_PLACEMENT_3D('',#9778,#7626,#7627);
#5877=AXIS2_PLACEMENT_3D('',#9779,#7628,#7629);
#5878=AXIS2_PLACEMENT_3D('',#9780,#7630,#7631);
#5879=AXIS2_PLACEMENT_3D('',#9781,#7632,#7633);
#5880=AXIS2_PLACEMENT_3D('',#9782,#7634,#7635);
#5881=AXIS2_PLACEMENT_3D('',#9783,#7636,#7637);
#5882=DIRECTION('axis',(0.,0.,1.));
#5883=DIRECTION('refdir',(1.,0.,0.));
#5884=DIRECTION('center_axis',(-1.,0.,0.));
#5885=DIRECTION('ref_axis',(0.,0.707106781186541,0.707106781186554));
#5886=DIRECTION('',(-1.,0.,0.));
#5887=DIRECTION('center_axis',(1.,0.,0.));
#5888=DIRECTION('ref_axis',(0.,1.,0.));
#5889=DIRECTION('',(1.,0.,0.));
#5890=DIRECTION('center_axis',(-0.111111111111112,0.993807989999906,0.));
#5891=DIRECTION('ref_axis',(-0.993807989999906,-0.111111111111112,0.));
#5892=DIRECTION('center_axis',(0.,0.,-1.));
#5893=DIRECTION('ref_axis',(-0.74535599249993,0.666666666666667,0.));
#5894=DIRECTION('center_axis',(0.,0.,1.));
#5895=DIRECTION('ref_axis',(-0.74535599249993,0.666666666666667,0.));
#5896=DIRECTION('center_axis',(0.,0.,1.));
#5897=DIRECTION('ref_axis',(1.,0.,0.));
#5898=DIRECTION('center_axis',(0.,0.,-1.));
#5899=DIRECTION('ref_axis',(-0.707106781186547,-0.707106781186548,0.));
#5900=DIRECTION('center_axis',(0.,0.,1.));
#5901=DIRECTION('ref_axis',(-0.707106781186547,-0.707106781186548,0.));
#5902=DIRECTION('center_axis',(-0.993807989999906,0.11111111111112,0.));
#5903=DIRECTION('ref_axis',(-0.11111111111112,-0.993807989999906,0.));
#5904=DIRECTION('center_axis',(0.,0.,-1.));
#5905=DIRECTION('ref_axis',(-0.707106781186547,-0.707106781186548,0.));
#5906=DIRECTION('center_axis',(0.,0.,-1.));
#5907=DIRECTION('ref_axis',(-0.707106781186547,-0.707106781186548,0.));
#5908=DIRECTION('center_axis',(0.,-1.,0.));
#5909=DIRECTION('ref_axis',(1.,0.,0.));
#5910=DIRECTION('center_axis',(0.,0.,-1.));
#5911=DIRECTION('ref_axis',(0.666666666666664,-0.745355992499932,0.));
#5912=DIRECTION('center_axis',(0.,0.,1.));
#5913=DIRECTION('ref_axis',(0.666666666666664,-0.745355992499932,0.));
#5914=DIRECTION('center_axis',(0.,1.,0.));
#5915=DIRECTION('ref_axis',(0.707106781186541,0.,0.707106781186554));
#5916=DIRECTION('',(0.,-1.,0.));
#5917=DIRECTION('',(0.,1.,0.));
#5918=DIRECTION('center_axis',(0.,0.,1.));
#5919=DIRECTION('ref_axis',(-1.,0.,0.));
#5920=DIRECTION('center_axis',(0.,0.,-1.));
#5921=DIRECTION('ref_axis',(-1.,0.,0.));
#5922=DIRECTION('',(0.,0.,1.));
#5923=DIRECTION('center_axis',(0.,0.,1.));
#5924=DIRECTION('ref_axis',(-1.,0.,0.));
#5925=DIRECTION('',(0.,0.,-1.));
#5926=DIRECTION('center_axis',(0.,0.,-1.));
#5927=DIRECTION('ref_axis',(-1.,0.,0.));
#5928=DIRECTION('center_axis',(0.,0.,1.));
#5929=DIRECTION('ref_axis',(-1.,0.,0.));
#5930=DIRECTION('center_axis',(0.,0.,-1.));
#5931=DIRECTION('ref_axis',(-1.,0.,0.));
#5932=DIRECTION('center_axis',(0.,0.,1.));
#5933=DIRECTION('ref_axis',(-1.,0.,0.));
#5934=DIRECTION('center_axis',(0.,0.,-1.));
#5935=DIRECTION('ref_axis',(-1.,0.,0.));
#5936=DIRECTION('center_axis',(0.,0.,-1.));
#5937=DIRECTION('ref_axis',(-0.939062343479385,0.343746876435271,0.));
#5938=DIRECTION('center_axis',(0.,0.,1.));
#5939=DIRECTION('ref_axis',(-1.,0.,0.));
#5940=DIRECTION('',(0.,0.,1.));
#5941=DIRECTION('center_axis',(0.,0.,1.));
#5942=DIRECTION('ref_axis',(-1.,0.,0.));
#5943=DIRECTION('',(0.,0.,-1.));
#5944=DIRECTION('center_axis',(0.,0.,1.));
#5945=DIRECTION('ref_axis',(-1.,0.,0.));
#5946=DIRECTION('',(0.,0.,-1.));
#5947=DIRECTION('center_axis',(0.,0.,-1.));
#5948=DIRECTION('ref_axis',(-1.,0.,0.));
#5949=DIRECTION('center_axis',(0.,-1.,0.));
#5950=DIRECTION('ref_axis',(-0.707106781186541,0.,0.707106781186554));
#5951=DIRECTION('',(0.,-1.,0.));
#5952=DIRECTION('center_axis',(0.,1.,0.));
#5953=DIRECTION('ref_axis',(-1.,0.,0.));
#5954=DIRECTION('',(0.,1.,0.));
#5955=DIRECTION('center_axis',(-0.993807989999906,-0.111111111111112,0.));
#5956=DIRECTION('ref_axis',(0.111111111111112,-0.993807989999906,0.));
#5957=DIRECTION('center_axis',(0.,0.,-1.));
#5958=DIRECTION('ref_axis',(-0.666666666666667,-0.74535599249993,0.));
#5959=DIRECTION('center_axis',(0.,0.,1.));
#5960=DIRECTION('ref_axis',(-0.666666666666667,-0.74535599249993,0.));
#5961=DIRECTION('center_axis',(0.,0.,1.));
#5962=DIRECTION('ref_axis',(1.,0.,0.));
#5963=DIRECTION('center_axis',(0.,0.,-1.));
#5964=DIRECTION('ref_axis',(0.707106781186547,-0.707106781186548,0.));
#5965=DIRECTION('center_axis',(0.,0.,1.));
#5966=DIRECTION('ref_axis',(0.707106781186547,-0.707106781186548,0.));
#5967=DIRECTION('center_axis',(-0.111111111111111,-0.993807989999907,0.));
#5968=DIRECTION('ref_axis',(0.993807989999907,-0.111111111111111,0.));
#5969=DIRECTION('center_axis',(0.,0.,-1.));
#5970=DIRECTION('ref_axis',(0.707106781186547,-0.707106781186548,0.));
#5971=DIRECTION('center_axis',(0.,0.,-1.));
#5972=DIRECTION('ref_axis',(0.707106781186547,-0.707106781186548,0.));
#5973=DIRECTION('center_axis',(1.,0.,0.));
#5974=DIRECTION('ref_axis',(0.,1.,0.));
#5975=DIRECTION('center_axis',(0.,0.,-1.));
#5976=DIRECTION('ref_axis',(0.74535599249993,0.666666666666667,0.));
#5977=DIRECTION('center_axis',(0.,0.,1.));
#5978=DIRECTION('ref_axis',(0.74535599249993,0.666666666666666,0.));
#5979=DIRECTION('center_axis',(-1.,0.,0.));
#5980=DIRECTION('ref_axis',(0.,0.707106781186541,0.707106781186554));
#5981=DIRECTION('',(1.,0.,0.));
#5982=DIRECTION('',(-1.,0.,0.));
#5983=DIRECTION('center_axis',(0.,0.,1.));
#5984=DIRECTION('ref_axis',(0.483596272306211,-0.875291177501257,0.));
#5985=DIRECTION('center_axis',(0.,0.,-1.));
#5986=DIRECTION('ref_axis',(-1.,0.,0.));
#5987=DIRECTION('',(0.,0.,1.));
#5988=DIRECTION('center_axis',(0.,0.,1.));
#5989=DIRECTION('ref_axis',(-1.,0.,0.));
#5990=DIRECTION('',(0.,0.,-1.));
#5991=DIRECTION('center_axis',(0.,0.,-1.));
#5992=DIRECTION('ref_axis',(-1.,0.,0.));
#5993=DIRECTION('center_axis',(0.,0.,1.));
#5994=DIRECTION('ref_axis',(-1.,0.,0.));
#5995=DIRECTION('center_axis',(0.,0.,-1.));
#5996=DIRECTION('ref_axis',(-1.,0.,0.));
#5997=DIRECTION('center_axis',(0.,0.,1.));
#5998=DIRECTION('ref_axis',(-1.,0.,0.));
#5999=DIRECTION('center_axis',(0.,0.,-1.));
#6000=DIRECTION('ref_axis',(-1.,0.,0.));
#6001=DIRECTION('center_axis',(0.,0.,-1.));
#6002=DIRECTION('ref_axis',(-0.343746876435258,-0.93906234347939,0.));
#6003=DIRECTION('center_axis',(0.,0.,1.));
#6004=DIRECTION('ref_axis',(0.875291177501254,-0.483596272306216,0.));
#6005=DIRECTION('',(0.,0.,1.));
#6006=DIRECTION('center_axis',(0.,0.,1.));
#6007=DIRECTION('ref_axis',(-1.,0.,0.));
#6008=DIRECTION('',(0.,0.,-1.));
#6009=DIRECTION('center_axis',(0.,0.,1.));
#6010=DIRECTION('ref_axis',(0.,-1.,0.));
#6011=DIRECTION('',(0.,0.,-1.));
#6012=DIRECTION('center_axis',(0.,0.,-1.));
#6013=DIRECTION('ref_axis',(0.,-1.,0.));
#6014=DIRECTION('center_axis',(1.,0.,0.));
#6015=DIRECTION('ref_axis',(0.,-0.707106781186541,0.707106781186554));
#6016=DIRECTION('',(1.,0.,0.));
#6017=DIRECTION('center_axis',(-1.,0.,0.));
#6018=DIRECTION('ref_axis',(0.,-1.,0.));
#6019=DIRECTION('',(-1.,0.,0.));
#6020=DIRECTION('center_axis',(0.111111111111112,-0.993807989999906,0.));
#6021=DIRECTION('ref_axis',(0.993807989999906,0.111111111111112,0.));
#6022=DIRECTION('center_axis',(0.,0.,-1.));
#6023=DIRECTION('ref_axis',(0.74535599249993,-0.666666666666667,0.));
#6024=DIRECTION('center_axis',(0.,0.,1.));
#6025=DIRECTION('ref_axis',(0.74535599249993,-0.666666666666667,0.));
#6026=DIRECTION('center_axis',(0.,0.,1.));
#6027=DIRECTION('ref_axis',(1.,0.,0.));
#6028=DIRECTION('center_axis',(0.,0.,-1.));
#6029=DIRECTION('ref_axis',(0.707106781186547,0.707106781186548,0.));
#6030=DIRECTION('center_axis',(0.,0.,1.));
#6031=DIRECTION('ref_axis',(0.707106781186547,0.707106781186548,0.));
#6032=DIRECTION('center_axis',(0.993807989999907,-0.111111111111111,0.));
#6033=DIRECTION('ref_axis',(0.111111111111111,0.993807989999907,0.));
#6034=DIRECTION('center_axis',(0.,0.,-1.));
#6035=DIRECTION('ref_axis',(0.707106781186547,0.707106781186548,0.));
#6036=DIRECTION('center_axis',(0.,0.,-1.));
#6037=DIRECTION('ref_axis',(0.707106781186547,0.707106781186548,0.));
#6038=DIRECTION('center_axis',(0.,1.,0.));
#6039=DIRECTION('ref_axis',(-1.,0.,0.));
#6040=DIRECTION('center_axis',(0.,0.,-1.));
#6041=DIRECTION('ref_axis',(-0.666666666666667,0.74535599249993,0.));
#6042=DIRECTION('center_axis',(0.,0.,1.));
#6043=DIRECTION('ref_axis',(-0.666666666666667,0.74535599249993,0.));
#6044=DIRECTION('center_axis',(8.8817841970012E-16,-1.,0.));
#6045=DIRECTION('ref_axis',(-0.707106781186541,0.,0.707106781186554));
#6046=DIRECTION('',(-8.8817841970012E-16,1.,0.));
#6047=DIRECTION('',(8.8817841970012E-16,-1.,0.));
#6048=DIRECTION('center_axis',(0.,0.,1.));
#6049=DIRECTION('ref_axis',(0.875291177501252,0.483596272306221,0.));
#6050=DIRECTION('center_axis',(0.,0.,-1.));
#6051=DIRECTION('ref_axis',(-1.,0.,0.));
#6052=DIRECTION('',(0.,0.,1.));
#6053=DIRECTION('center_axis',(0.,0.,1.));
#6054=DIRECTION('ref_axis',(-1.,0.,0.));
#6055=DIRECTION('',(0.,0.,-1.));
#6056=DIRECTION('center_axis',(0.,0.,-1.));
#6057=DIRECTION('ref_axis',(-1.,0.,0.));
#6058=DIRECTION('center_axis',(0.,0.,1.));
#6059=DIRECTION('ref_axis',(-1.,0.,0.));
#6060=DIRECTION('center_axis',(0.,0.,-1.));
#6061=DIRECTION('ref_axis',(-1.,0.,0.));
#6062=DIRECTION('center_axis',(0.,0.,1.));
#6063=DIRECTION('ref_axis',(-1.,0.,0.));
#6064=DIRECTION('center_axis',(0.,0.,-1.));
#6065=DIRECTION('ref_axis',(-1.,0.,0.));
#6066=DIRECTION('center_axis',(0.,0.,-1.));
#6067=DIRECTION('ref_axis',(0.939062343479381,-0.343746876435281,0.));
#6068=DIRECTION('center_axis',(0.,0.,1.));
#6069=DIRECTION('ref_axis',(0.483596272306219,0.875291177501252,0.));
#6070=DIRECTION('',(0.,0.,1.));
#6071=DIRECTION('center_axis',(0.,0.,1.));
#6072=DIRECTION('ref_axis',(-1.,0.,0.));
#6073=DIRECTION('',(0.,0.,-1.));
#6074=DIRECTION('center_axis',(0.,0.,1.));
#6075=DIRECTION('ref_axis',(1.,0.,0.));
#6076=DIRECTION('',(0.,0.,-1.));
#6077=DIRECTION('center_axis',(0.,0.,-1.));
#6078=DIRECTION('ref_axis',(1.,0.,0.));
#6079=DIRECTION('center_axis',(0.,1.,0.));
#6080=DIRECTION('ref_axis',(0.,0.,1.));
#6081=DIRECTION('center_axis',(0.,0.,1.));
#6082=DIRECTION('ref_axis',(0.666666666666666,0.74535599249993,0.));
#6083=DIRECTION('center_axis',(0.993807989999906,0.111111111111112,0.));
#6084=DIRECTION('ref_axis',(-0.111111111111112,0.993807989999906,0.));
#6085=DIRECTION('center_axis',(0.,0.,-1.));
#6086=DIRECTION('ref_axis',(0.666666666666667,0.74535599249993,0.));
#6087=DIRECTION('center_axis',(0.,0.,1.));
#6088=DIRECTION('ref_axis',(1.,0.,0.));
#6089=DIRECTION('center_axis',(0.,0.,-1.));
#6090=DIRECTION('ref_axis',(-0.707106781186547,0.707106781186548,0.));
#6091=DIRECTION('center_axis',(0.,0.,1.));
#6092=DIRECTION('ref_axis',(-0.707106781186547,0.707106781186548,0.));
#6093=DIRECTION('center_axis',(0.111111111111111,0.993807989999907,0.));
#6094=DIRECTION('ref_axis',(-0.993807989999907,0.111111111111111,0.));
#6095=DIRECTION('center_axis',(0.,0.,-1.));
#6096=DIRECTION('ref_axis',(-0.707106781186547,0.707106781186548,0.));
#6097=DIRECTION('center_axis',(0.,0.,-1.));
#6098=DIRECTION('ref_axis',(-0.707106781186547,0.707106781186548,0.));
#6099=DIRECTION('center_axis',(-1.,0.,0.));
#6100=DIRECTION('ref_axis',(0.,-1.,0.));
#6101=DIRECTION('center_axis',(0.,0.,-1.));
#6102=DIRECTION('ref_axis',(-0.74535599249993,-0.666666666666667,0.));
#6103=DIRECTION('center_axis',(0.,0.,1.));
#6104=DIRECTION('ref_axis',(-0.74535599249993,-0.666666666666667,0.));
#6105=DIRECTION('center_axis',(1.,1.77635683940025E-15,0.));
#6106=DIRECTION('ref_axis',(0.,-0.707106781186541,0.707106781186554));
#6107=DIRECTION('',(-1.,-1.77635683940025E-15,0.));
#6108=DIRECTION('',(1.,1.77635683940025E-15,0.));
#6109=DIRECTION('center_axis',(0.,1.,0.));
#6110=DIRECTION('ref_axis',(0.707106781186541,0.,0.707106781186554));
#6111=DIRECTION('',(0.,1.,0.));
#6112=DIRECTION('',(0.,-1.,0.));
#6113=DIRECTION('center_axis',(0.,0.,1.));
#6114=DIRECTION('ref_axis',(-1.,0.,0.));
#6115=DIRECTION('',(0.,0.,1.));
#6116=DIRECTION('center_axis',(0.,0.,1.));
#6117=DIRECTION('ref_axis',(-1.,0.,0.));
#6118=DIRECTION('',(0.,0.,-1.));
#6119=DIRECTION('center_axis',(0.,0.,-1.));
#6120=DIRECTION('ref_axis',(-1.,0.,0.));
#6121=DIRECTION('center_axis',(0.,0.,-1.));
#6122=DIRECTION('ref_axis',(-1.,0.,0.));
#6123=DIRECTION('center_axis',(0.,0.,1.));
#6124=DIRECTION('ref_axis',(0.,1.,0.));
#6125=DIRECTION('',(0.,0.,-1.));
#6126=DIRECTION('center_axis',(0.,0.,-1.));
#6127=DIRECTION('ref_axis',(0.,1.,0.));
#6128=DIRECTION('center_axis',(1.77635683940025E-15,-1.,0.));
#6129=DIRECTION('ref_axis',(1.,1.77635683940025E-15,0.));
#6130=DIRECTION('',(0.,0.,1.));
#6131=DIRECTION('',(-1.,-1.77635683940025E-15,0.));
#6132=DIRECTION('',(0.,0.,-1.));
#6133=DIRECTION('',(1.,1.77635683940025E-15,0.));
#6134=DIRECTION('center_axis',(0.,0.,1.));
#6135=DIRECTION('ref_axis',(-0.745355992499926,-0.666666666666671,0.));
#6136=DIRECTION('',(0.,0.,-1.));
#6137=DIRECTION('center_axis',(0.,0.,-1.));
#6138=DIRECTION('ref_axis',(-0.745355992499933,-0.666666666666664,0.));
#6139=DIRECTION('center_axis',(0.,0.,1.));
#6140=DIRECTION('ref_axis',(-1.,0.,0.));
#6141=DIRECTION('center_axis',(0.,0.,-1.));
#6142=DIRECTION('ref_axis',(-1.,0.,0.));
#6143=DIRECTION('center_axis',(0.,0.,1.));
#6144=DIRECTION('ref_axis',(-1.,0.,0.));
#6145=DIRECTION('center_axis',(0.,0.,-1.));
#6146=DIRECTION('ref_axis',(0.343746876435306,0.939062343479372,0.));
#6147=DIRECTION('center_axis',(0.,0.,-1.));
#6148=DIRECTION('ref_axis',(-1.,0.,0.));
#6149=DIRECTION('center_axis',(0.,0.,1.));
#6150=DIRECTION('ref_axis',(2.96059473233375E-16,1.,0.));
#6151=DIRECTION('',(0.,0.,1.));
#6152=DIRECTION('',(0.,0.,1.));
#6153=DIRECTION('center_axis',(0.,0.,1.));
#6154=DIRECTION('ref_axis',(2.96059473233375E-16,1.,0.));
#6155=DIRECTION('',(0.,0.,1.));
#6156=DIRECTION('center_axis',(0.,0.,1.));
#6157=DIRECTION('ref_axis',(0.666666666666667,0.74535599249993,0.));
#6158=DIRECTION('',(0.,0.,-1.));
#6159=DIRECTION('center_axis',(0.,0.,-1.));
#6160=DIRECTION('ref_axis',(0.666666666666667,0.74535599249993,0.));
#6161=DIRECTION('center_axis',(1.,0.,0.));
#6162=DIRECTION('ref_axis',(0.,1.,0.));
#6163=DIRECTION('',(0.,0.,1.));
#6164=DIRECTION('',(0.,1.,0.));
#6165=DIRECTION('',(0.,0.,1.));
#6166=DIRECTION('',(0.,-1.,0.));
#6167=DIRECTION('center_axis',(0.,0.,-1.));
#6168=DIRECTION('ref_axis',(-1.,0.,0.));
#6169=DIRECTION('',(0.,0.,-1.));
#6170=DIRECTION('center_axis',(0.,0.,-1.));
#6171=DIRECTION('ref_axis',(-1.,0.,0.));
#6172=DIRECTION('center_axis',(0.,0.,-1.));
#6173=DIRECTION('ref_axis',(0.,1.,0.));
#6174=DIRECTION('center_axis',(0.,0.,-1.));
#6175=DIRECTION('ref_axis',(0.,1.,0.));
#6176=DIRECTION('',(0.,0.,1.));
#6177=DIRECTION('center_axis',(0.,0.,1.));
#6178=DIRECTION('ref_axis',(-1.,0.,0.));
#6179=DIRECTION('center_axis',(-1.,-8.8817841970012E-16,0.));
#6180=DIRECTION('ref_axis',(8.8817841970012E-16,-1.,0.));
#6181=DIRECTION('',(0.,0.,1.));
#6182=DIRECTION('',(-8.8817841970012E-16,1.,0.));
#6183=DIRECTION('',(0.,0.,-1.));
#6184=DIRECTION('',(8.8817841970012E-16,-1.,0.));
#6185=DIRECTION('center_axis',(0.,0.,1.));
#6186=DIRECTION('ref_axis',(-1.,0.,0.));
#6187=DIRECTION('',(0.,0.,1.));
#6188=DIRECTION('center_axis',(0.,0.,1.));
#6189=DIRECTION('ref_axis',(-1.,0.,0.));
#6190=DIRECTION('center_axis',(0.,0.,1.));
#6191=DIRECTION('ref_axis',(-1.,0.,0.));
#6192=DIRECTION('center_axis',(0.,0.,-1.));
#6193=DIRECTION('ref_axis',(0.,-1.,0.));
#6194=DIRECTION('center_axis',(0.,0.,-1.));
#6195=DIRECTION('ref_axis',(0.,-1.,0.));
#6196=DIRECTION('',(0.,0.,1.));
#6197=DIRECTION('center_axis',(0.,0.,1.));
#6198=DIRECTION('ref_axis',(-1.,0.,0.));
#6199=DIRECTION('center_axis',(1.,0.,0.));
#6200=DIRECTION('ref_axis',(0.,1.,0.));
#6201=DIRECTION('',(0.,0.,1.));
#6202=DIRECTION('',(0.,-1.,0.));
#6203=DIRECTION('',(0.,0.,-1.));
#6204=DIRECTION('',(0.,1.,0.));
#6205=DIRECTION('center_axis',(0.,1.,0.));
#6206=DIRECTION('ref_axis',(-1.,0.,0.));
#6207=DIRECTION('',(0.,0.,1.));
#6208=DIRECTION('',(1.,0.,0.));
#6209=DIRECTION('',(0.,0.,-1.));
#6210=DIRECTION('',(-1.,0.,0.));
#6211=DIRECTION('center_axis',(0.,0.,1.));
#6212=DIRECTION('ref_axis',(-1.,0.,0.));
#6213=DIRECTION('center_axis',(0.,0.,-1.));
#6214=DIRECTION('ref_axis',(1.,0.,0.));
#6215=DIRECTION('center_axis',(0.,0.,-1.));
#6216=DIRECTION('ref_axis',(1.,0.,0.));
#6217=DIRECTION('',(0.,0.,1.));
#6218=DIRECTION('center_axis',(-1.,0.,0.));
#6219=DIRECTION('ref_axis',(0.,-1.,0.));
#6220=DIRECTION('',(0.,-1.,0.));
#6221=DIRECTION('',(0.,0.,1.));
#6222=DIRECTION('',(0.,1.,0.));
#6223=DIRECTION('',(0.,0.,-1.));
#6224=DIRECTION('center_axis',(0.,0.,1.));
#6225=DIRECTION('ref_axis',(0.939062343479381,-0.343746876435281,0.));
#6226=DIRECTION('center_axis',(0.,0.,-1.));
#6227=DIRECTION('ref_axis',(0.939062343479381,-0.343746876435281,0.));
#6228=DIRECTION('center_axis',(0.,0.,1.));
#6229=DIRECTION('ref_axis',(0.343746876435306,0.939062343479372,0.));
#6230=DIRECTION('center_axis',(0.,0.,-1.));
#6231=DIRECTION('ref_axis',(0.343746876435306,0.939062343479372,0.));
#6232=DIRECTION('center_axis',(0.,0.,1.));
#6233=DIRECTION('ref_axis',(-0.939062343479385,0.343746876435271,0.));
#6234=DIRECTION('center_axis',(0.,0.,-1.));
#6235=DIRECTION('ref_axis',(-0.939062343479385,0.343746876435271,0.));
#6236=DIRECTION('center_axis',(0.,0.,1.));
#6237=DIRECTION('ref_axis',(-0.343746876435258,-0.93906234347939,0.));
#6238=DIRECTION('center_axis',(0.,0.,-1.));
#6239=DIRECTION('ref_axis',(-0.343746876435258,-0.93906234347939,0.));
#6240=DIRECTION('center_axis',(0.,0.,-1.));
#6241=DIRECTION('ref_axis',(-0.91777221976027,-0.39710723065226,0.));
#6242=DIRECTION('center_axis',(0.,0.,1.));
#6243=DIRECTION('ref_axis',(-0.91777221976027,-0.39710723065226,0.));
#6244=DIRECTION('',(0.,0.,-1.));
#6245=DIRECTION('center_axis',(0.,0.,1.));
#6246=DIRECTION('ref_axis',(-0.91777221976027,-0.39710723065226,0.));
#6247=DIRECTION('',(0.,0.,1.));
#6248=DIRECTION('center_axis',(0.,0.,1.));
#6249=DIRECTION('ref_axis',(-1.,0.,0.));
#6250=DIRECTION('center_axis',(0.,0.,1.));
#6251=DIRECTION('ref_axis',(-0.279964549520692,0.960010339012907,0.));
#6252=DIRECTION('center_axis',(0.,0.,1.));
#6253=DIRECTION('ref_axis',(0.285468351586698,-0.958388136530484,0.));
#6254=DIRECTION('center_axis',(0.,0.,1.));
#6255=DIRECTION('ref_axis',(-0.0972876399026392,0.995256306245871,0.));
#6256=DIRECTION('center_axis',(0.,0.,1.));
#6257=DIRECTION('ref_axis',(0.699875273373701,0.71426507804882,0.));
#6258=DIRECTION('center_axis',(0.,0.,1.));
#6259=DIRECTION('ref_axis',(0.958388136530484,-0.285468351586698,0.));
#6260=DIRECTION('center_axis',(0.,0.,-1.));
#6261=DIRECTION('ref_axis',(-0.960010339012907,0.279964549520691,0.));
#6262=DIRECTION('center_axis',(0.,0.,1.));
#6263=DIRECTION('ref_axis',(-0.600000000000149,-0.799999999999888,0.));
#6264=DIRECTION('center_axis',(0.,0.,-1.));
#6265=DIRECTION('ref_axis',(0.992820323027544,0.119615242270722,0.));
#6266=DIRECTION('center_axis',(0.,0.,1.));
#6267=DIRECTION('ref_axis',(-0.392820323027352,0.919615242270748,0.));
#6268=DIRECTION('center_axis',(0.,0.,-1.));
#6269=DIRECTION('ref_axis',(-0.392820323027499,-0.919615242270685,0.));
#6270=DIRECTION('center_axis',(0.,0.,1.));
#6271=DIRECTION('ref_axis',(0.992820323027524,-0.119615242270888,0.));
#6272=DIRECTION('center_axis',(0.,0.,-1.));
#6273=DIRECTION('ref_axis',(-0.600000000000043,0.799999999999968,0.));
#6274=DIRECTION('center_axis',(0.,0.,1.));
#6275=DIRECTION('ref_axis',(-0.600000000000166,-0.799999999999875,0.));
#6276=DIRECTION('center_axis',(0.,0.,-1.));
#6277=DIRECTION('ref_axis',(0.992820323027539,0.119615242270764,0.));
#6278=DIRECTION('center_axis',(0.,0.,1.));
#6279=DIRECTION('ref_axis',(-0.392820323027384,0.919615242270734,0.));
#6280=DIRECTION('center_axis',(0.,0.,-1.));
#6281=DIRECTION('ref_axis',(-0.392820323027531,-0.919615242270671,0.));
#6282=DIRECTION('center_axis',(0.,0.,1.));
#6283=DIRECTION('ref_axis',(0.992820323027534,-0.1196152422708,0.));
#6284=DIRECTION('center_axis',(0.,0.,-1.));
#6285=DIRECTION('ref_axis',(-0.600000000000026,0.799999999999981,0.));
#6286=DIRECTION('center_axis',(0.,0.,-1.));
#6287=DIRECTION('ref_axis',(-1.,0.,0.));
#6288=DIRECTION('center_axis',(0.,0.,-1.));
#6289=DIRECTION('ref_axis',(-1.,0.,0.));
#6290=DIRECTION('',(0.,0.,-1.));
#6291=DIRECTION('center_axis',(0.,0.,1.));
#6292=DIRECTION('ref_axis',(-1.,0.,0.));
#6293=DIRECTION('center_axis',(0.,0.,-1.));
#6294=DIRECTION('ref_axis',(-1.,0.,0.));
#6295=DIRECTION('center_axis',(0.,0.,-1.));
#6296=DIRECTION('ref_axis',(-1.,0.,0.));
#6297=DIRECTION('',(0.,0.,-1.));
#6298=DIRECTION('center_axis',(0.,0.,1.));
#6299=DIRECTION('ref_axis',(-1.,0.,0.));
#6300=DIRECTION('center_axis',(0.,0.,1.));
#6301=DIRECTION('ref_axis',(-1.,0.,0.));
#6302=DIRECTION('center_axis',(0.,0.,1.));
#6303=DIRECTION('ref_axis',(-1.,0.,0.));
#6304=DIRECTION('',(-0.707106781186549,-8.65956056235495E-17,-0.707106781186546));
#6305=DIRECTION('center_axis',(0.,0.,1.));
#6306=DIRECTION('ref_axis',(-1.,0.,0.));
#6307=DIRECTION('center_axis',(0.,0.,1.));
#6308=DIRECTION('ref_axis',(-1.,0.,0.));
#6309=DIRECTION('center_axis',(0.,0.,1.));
#6310=DIRECTION('ref_axis',(-0.960010339012886,-0.279964549520764,0.));
#6311=DIRECTION('',(8.8817841970012E-16,-1.,0.));
#6312=DIRECTION('center_axis',(0.,0.,1.));
#6313=DIRECTION('ref_axis',(-0.666666666666664,0.745355992499933,0.));
#6314=DIRECTION('',(-1.,0.,0.));
#6315=DIRECTION('center_axis',(0.,0.,1.));
#6316=DIRECTION('ref_axis',(0.666666666666667,0.74535599249993,0.));
#6317=DIRECTION('',(0.,1.,0.));
#6318=DIRECTION('center_axis',(0.,0.,1.));
#6319=DIRECTION('ref_axis',(0.960010339012901,-0.279964549520712,0.));
#6320=DIRECTION('center_axis',(0.,0.,1.));
#6321=DIRECTION('ref_axis',(0.422742367468266,-0.906249905239899,0.));
#6322=DIRECTION('center_axis',(0.,0.,1.));
#6323=DIRECTION('ref_axis',(0.906249905239898,-0.422742367468267,0.));
#6324=DIRECTION('center_axis',(0.,0.,1.));
#6325=DIRECTION('ref_axis',(0.2799645495207,-0.960010339012904,0.));
#6326=DIRECTION('',(1.,1.77635683940025E-15,0.));
#6327=DIRECTION('center_axis',(0.,0.,1.));
#6328=DIRECTION('ref_axis',(-0.745355992499933,-0.666666666666664,0.));
#6329=DIRECTION('',(9.39871343598016E-17,-1.,0.));
#6330=DIRECTION('center_axis',(0.,0.,1.));
#6331=DIRECTION('ref_axis',(-0.74535599249993,0.666666666666667,0.));
#6332=DIRECTION('',(-1.,0.,0.));
#6333=DIRECTION('center_axis',(0.,0.,1.));
#6334=DIRECTION('ref_axis',(0.279964549520694,0.960010339012906,0.));
#6335=DIRECTION('center_axis',(0.,0.,1.));
#6336=DIRECTION('ref_axis',(0.906249905239888,0.42274236746829,0.));
#6337=DIRECTION('center_axis',(0.,0.,1.));
#6338=DIRECTION('ref_axis',(0.42274236746831,0.906249905239878,0.));
#6339=DIRECTION('center_axis',(0.,0.,1.));
#6340=DIRECTION('ref_axis',(0.960010339012921,0.279964549520641,0.));
#6341=DIRECTION('',(0.,1.,0.));
#6342=DIRECTION('center_axis',(0.,0.,1.));
#6343=DIRECTION('ref_axis',(0.666666666666667,-0.74535599249993,0.));
#6344=DIRECTION('',(1.,0.,0.));
#6345=DIRECTION('center_axis',(0.,0.,1.));
#6346=DIRECTION('ref_axis',(-0.666666666666664,-0.745355992499933,0.));
#6347=DIRECTION('',(0.,-1.,0.));
#6348=DIRECTION('center_axis',(0.,0.,1.));
#6349=DIRECTION('ref_axis',(-0.960010339012908,0.279964549520689,0.));
#6350=DIRECTION('center_axis',(0.,0.,1.));
#6351=DIRECTION('ref_axis',(-0.422742367468276,0.906249905239894,0.));
#6352=DIRECTION('center_axis',(0.,0.,1.));
#6353=DIRECTION('ref_axis',(-0.906249905239892,0.42274236746828,0.));
#6354=DIRECTION('center_axis',(0.,0.,1.));
#6355=DIRECTION('ref_axis',(-0.279964549520694,0.960010339012906,0.));
#6356=DIRECTION('',(-1.,0.,0.));
#6357=DIRECTION('center_axis',(0.,0.,1.));
#6358=DIRECTION('ref_axis',(0.74535599249993,0.666666666666667,0.));
#6359=DIRECTION('',(-1.87974268719603E-16,1.,0.));
#6360=DIRECTION('center_axis',(0.,0.,1.));
#6361=DIRECTION('ref_axis',(0.74535599249993,-0.666666666666667,0.));
#6362=DIRECTION('',(1.,0.,0.));
#6363=DIRECTION('center_axis',(0.,0.,1.));
#6364=DIRECTION('ref_axis',(-0.279964549520694,-0.960010339012906,0.));
#6365=DIRECTION('center_axis',(0.,0.,1.));
#6366=DIRECTION('ref_axis',(-1.,0.,0.));
#6367=DIRECTION('center_axis',(0.,0.,-1.));
#6368=DIRECTION('ref_axis',(-1.,0.,0.));
#6369=DIRECTION('center_axis',(0.,0.,-1.));
#6370=DIRECTION('ref_axis',(-1.,0.,0.));
#6371=DIRECTION('center_axis',(0.,0.,1.));
#6372=DIRECTION('ref_axis',(-1.,0.,0.));
#6373=DIRECTION('',(5.16960140296219E-15,-1.,0.));
#6374=DIRECTION('center_axis',(0.,0.,-1.));
#6375=DIRECTION('ref_axis',(-0.901369863013699,-0.433050077994065,0.));
#6376=DIRECTION('',(-9.39871343598016E-17,1.,0.));
#6377=DIRECTION('center_axis',(0.,0.,-1.));
#6378=DIRECTION('ref_axis',(0.901369863013698,0.433050077994066,0.));
#6379=DIRECTION('center_axis',(0.,0.,-1.));
#6380=DIRECTION('ref_axis',(-1.,0.,0.));
#6381=DIRECTION('center_axis',(0.,0.,-1.));
#6382=DIRECTION('ref_axis',(-1.,0.,0.));
#6383=DIRECTION('center_axis',(0.,0.,-1.));
#6384=DIRECTION('ref_axis',(-1.,0.,0.));
#6385=DIRECTION('center_axis',(0.,0.,-1.));
#6386=DIRECTION('ref_axis',(-1.,0.,0.));
#6387=DIRECTION('center_axis',(0.,0.,-1.));
#6388=DIRECTION('ref_axis',(-1.,0.,0.));
#6389=DIRECTION('center_axis',(0.,0.,-1.));
#6390=DIRECTION('ref_axis',(-1.,0.,0.));
#6391=DIRECTION('center_axis',(0.,0.,-1.));
#6392=DIRECTION('ref_axis',(-1.,0.,0.));
#6393=DIRECTION('center_axis',(0.,0.,-1.));
#6394=DIRECTION('ref_axis',(-1.,0.,0.));
#6395=DIRECTION('center_axis',(0.,0.,-1.));
#6396=DIRECTION('ref_axis',(-1.,0.,0.));
#6397=DIRECTION('center_axis',(0.,0.,-1.));
#6398=DIRECTION('ref_axis',(-1.,0.,0.));
#6399=DIRECTION('center_axis',(0.,0.,-1.));
#6400=DIRECTION('ref_axis',(-1.,0.,0.));
#6401=DIRECTION('center_axis',(0.,0.,1.));
#6402=DIRECTION('ref_axis',(-1.,0.,0.));
#6403=DIRECTION('',(-0.707106781186549,-8.65956056235495E-17,-0.707106781186546));
#6404=DIRECTION('center_axis',(0.,0.,1.));
#6405=DIRECTION('ref_axis',(-1.,0.,0.));
#6406=DIRECTION('center_axis',(0.,0.,-1.));
#6407=DIRECTION('ref_axis',(0.992820323027539,0.119615242270764,0.));
#6408=DIRECTION('center_axis',(0.,0.,1.));
#6409=DIRECTION('ref_axis',(-0.600000000000166,-0.799999999999875,0.));
#6410=DIRECTION('center_axis',(0.,0.,-1.));
#6411=DIRECTION('ref_axis',(-0.600000000000026,0.799999999999981,0.));
#6412=DIRECTION('center_axis',(0.,0.,1.));
#6413=DIRECTION('ref_axis',(0.992820323027534,-0.1196152422708,0.));
#6414=DIRECTION('center_axis',(0.,0.,-1.));
#6415=DIRECTION('ref_axis',(-0.392820323027531,-0.919615242270671,0.));
#6416=DIRECTION('center_axis',(0.,0.,1.));
#6417=DIRECTION('ref_axis',(-0.392820323027384,0.919615242270734,0.));
#6418=DIRECTION('center_axis',(0.,0.,1.));
#6419=DIRECTION('ref_axis',(-1.,0.,0.));
#6420=DIRECTION('center_axis',(0.,0.,-1.));
#6421=DIRECTION('ref_axis',(0.992820323027544,0.119615242270722,0.));
#6422=DIRECTION('center_axis',(0.,0.,1.));
#6423=DIRECTION('ref_axis',(-0.600000000000149,-0.799999999999888,0.));
#6424=DIRECTION('center_axis',(0.,0.,-1.));
#6425=DIRECTION('ref_axis',(-0.600000000000043,0.799999999999968,0.));
#6426=DIRECTION('center_axis',(0.,0.,1.));
#6427=DIRECTION('ref_axis',(0.992820323027524,-0.119615242270888,0.));
#6428=DIRECTION('center_axis',(0.,0.,-1.));
#6429=DIRECTION('ref_axis',(-0.392820323027499,-0.919615242270685,0.));
#6430=DIRECTION('center_axis',(0.,0.,1.));
#6431=DIRECTION('ref_axis',(-0.392820323027352,0.919615242270748,0.));
#6432=DIRECTION('center_axis',(0.,0.,1.));
#6433=DIRECTION('ref_axis',(-1.,0.,0.));
#6434=DIRECTION('center_axis',(0.,0.,-1.));
#6435=DIRECTION('ref_axis',(0.992820323027546,0.119615242270705,0.));
#6436=DIRECTION('center_axis',(0.,0.,1.));
#6437=DIRECTION('ref_axis',(-0.600000000000149,-0.799999999999888,0.));
#6438=DIRECTION('center_axis',(0.,0.,-1.));
#6439=DIRECTION('ref_axis',(-0.600000000000043,0.799999999999968,0.));
#6440=DIRECTION('center_axis',(0.,0.,1.));
#6441=DIRECTION('ref_axis',(0.992820323027526,-0.119615242270869,0.));
#6442=DIRECTION('center_axis',(0.,0.,-1.));
#6443=DIRECTION('ref_axis',(-0.392820323027498,-0.919615242270686,0.));
#6444=DIRECTION('center_axis',(0.,0.,1.));
#6445=DIRECTION('ref_axis',(-0.392820323027366,0.919615242270742,0.));
#6446=DIRECTION('center_axis',(0.,0.,1.));
#6447=DIRECTION('ref_axis',(-1.,0.,0.));
#6448=DIRECTION('center_axis',(0.,0.,-1.));
#6449=DIRECTION('ref_axis',(0.992820323027548,0.119615242270686,0.));
#6450=DIRECTION('center_axis',(0.,0.,1.));
#6451=DIRECTION('ref_axis',(-0.600000000000149,-0.799999999999888,0.));
#6452=DIRECTION('center_axis',(0.,0.,-1.));
#6453=DIRECTION('ref_axis',(-0.600000000000043,0.799999999999968,0.));
#6454=DIRECTION('center_axis',(0.,0.,1.));
#6455=DIRECTION('ref_axis',(0.992820323027524,-0.119615242270888,0.));
#6456=DIRECTION('center_axis',(0.,0.,-1.));
#6457=DIRECTION('ref_axis',(-0.392820323027499,-0.919615242270685,0.));
#6458=DIRECTION('center_axis',(0.,0.,1.));
#6459=DIRECTION('ref_axis',(-0.392820323027365,0.919615242270743,0.));
#6460=DIRECTION('center_axis',(0.,0.,1.));
#6461=DIRECTION('ref_axis',(-1.,0.,0.));
#6462=DIRECTION('center_axis',(0.,0.,-1.));
#6463=DIRECTION('ref_axis',(-0.392820323027512,-0.91961524227068,0.));
#6464=DIRECTION('center_axis',(0.,0.,1.));
#6465=DIRECTION('ref_axis',(-0.392820323027367,0.919615242270742,0.));
#6466=DIRECTION('center_axis',(0.,0.,-1.));
#6467=DIRECTION('ref_axis',(0.992820323027544,0.119615242270724,0.));
#6468=DIRECTION('center_axis',(0.,0.,1.));
#6469=DIRECTION('ref_axis',(-0.600000000000149,-0.799999999999888,0.));
#6470=DIRECTION('center_axis',(0.,0.,-1.));
#6471=DIRECTION('ref_axis',(-0.600000000000043,0.799999999999968,0.));
#6472=DIRECTION('center_axis',(0.,0.,1.));
#6473=DIRECTION('ref_axis',(0.992820323027528,-0.119615242270853,0.));
#6474=DIRECTION('center_axis',(0.,0.,1.));
#6475=DIRECTION('ref_axis',(-1.,0.,0.));
#6476=DIRECTION('center_axis',(0.,0.,-1.));
#6477=DIRECTION('ref_axis',(0.992820323027545,0.119615242270716,0.));
#6478=DIRECTION('center_axis',(0.,0.,1.));
#6479=DIRECTION('ref_axis',(-0.600000000000149,-0.799999999999888,0.));
#6480=DIRECTION('center_axis',(0.,0.,-1.));
#6481=DIRECTION('ref_axis',(-0.600000000000043,0.799999999999968,0.));
#6482=DIRECTION('center_axis',(0.,0.,1.));
#6483=DIRECTION('ref_axis',(0.992820323027528,-0.119615242270852,0.));
#6484=DIRECTION('center_axis',(0.,0.,-1.));
#6485=DIRECTION('ref_axis',(-0.392820323027501,-0.919615242270684,0.));
#6486=DIRECTION('center_axis',(0.,0.,1.));
#6487=DIRECTION('ref_axis',(-0.392820323027375,0.919615242270738,0.));
#6488=DIRECTION('center_axis',(0.,0.,1.));
#6489=DIRECTION('ref_axis',(-1.,0.,0.));
#6490=DIRECTION('center_axis',(0.,0.,-1.));
#6491=DIRECTION('ref_axis',(0.992820323027547,0.119615242270698,0.));
#6492=DIRECTION('center_axis',(0.,0.,1.));
#6493=DIRECTION('ref_axis',(-0.600000000000142,-0.799999999999893,0.));
#6494=DIRECTION('center_axis',(0.,0.,-1.));
#6495=DIRECTION('ref_axis',(-0.600000000000027,0.79999999999998,0.));
#6496=DIRECTION('center_axis',(0.,0.,1.));
#6497=DIRECTION('ref_axis',(0.99282032302753,-0.119615242270837,0.));
#6498=DIRECTION('center_axis',(0.,0.,-1.));
#6499=DIRECTION('ref_axis',(-0.39282032302753,-0.919615242270672,0.));
#6500=DIRECTION('center_axis',(0.,0.,1.));
#6501=DIRECTION('ref_axis',(-0.392820323027374,0.919615242270739,0.));
#6502=DIRECTION('center_axis',(0.,0.,1.));
#6503=DIRECTION('ref_axis',(-1.,0.,0.));
#6504=DIRECTION('center_axis',(0.,0.,-1.));
#6505=DIRECTION('ref_axis',(0.992820323027546,0.119615242270707,0.));
#6506=DIRECTION('center_axis',(0.,0.,1.));
#6507=DIRECTION('ref_axis',(-0.600000000000153,-0.799999999999885,0.));
#6508=DIRECTION('center_axis',(0.,0.,-1.));
#6509=DIRECTION('ref_axis',(-0.600000000000038,0.799999999999971,0.));
#6510=DIRECTION('center_axis',(0.,0.,1.));
#6511=DIRECTION('ref_axis',(0.992820323027528,-0.119615242270854,0.));
#6512=DIRECTION('center_axis',(0.,0.,-1.));
#6513=DIRECTION('ref_axis',(-0.392820323027509,-0.919615242270681,0.));
#6514=DIRECTION('center_axis',(0.,0.,1.));
#6515=DIRECTION('ref_axis',(-0.392820323027378,0.919615242270737,0.));
#6516=DIRECTION('center_axis',(0.,0.,1.));
#6517=DIRECTION('ref_axis',(-1.,0.,0.));
#6518=DIRECTION('center_axis',(0.,0.,-1.));
#6519=DIRECTION('ref_axis',(-0.599999999999982,0.800000000000014,0.));
#6520=DIRECTION('center_axis',(0.,0.,1.));
#6521=DIRECTION('ref_axis',(0.992820323027552,-0.119615242270659,0.));
#6522=DIRECTION('center_axis',(0.,0.,-1.));
#6523=DIRECTION('ref_axis',(-0.392820323027569,-0.919615242270655,0.));
#6524=DIRECTION('center_axis',(0.,0.,1.));
#6525=DIRECTION('ref_axis',(-0.392820323027554,0.919615242270662,0.));
#6526=DIRECTION('center_axis',(0.,0.,-1.));
#6527=DIRECTION('ref_axis',(0.992820323027555,0.11961524227063,0.));
#6528=DIRECTION('center_axis',(0.,0.,1.));
#6529=DIRECTION('ref_axis',(-0.599999999999992,-0.800000000000006,0.));
#6530=DIRECTION('center_axis',(0.,0.,1.));
#6531=DIRECTION('ref_axis',(-1.,0.,0.));
#6532=DIRECTION('center_axis',(0.,0.,-1.));
#6533=DIRECTION('ref_axis',(-0.599999999999972,0.800000000000021,0.));
#6534=DIRECTION('center_axis',(0.,0.,1.));
#6535=DIRECTION('ref_axis',(0.992820323027552,-0.119615242270652,0.));
#6536=DIRECTION('center_axis',(0.,0.,-1.));
#6537=DIRECTION('ref_axis',(-0.392820323027587,-0.919615242270648,0.));
#6538=DIRECTION('center_axis',(0.,0.,1.));
#6539=DIRECTION('ref_axis',(-0.39282032302757,0.919615242270655,0.));
#6540=DIRECTION('center_axis',(0.,0.,-1.));
#6541=DIRECTION('ref_axis',(0.992820323027557,0.119615242270609,0.));
#6542=DIRECTION('center_axis',(0.,0.,1.));
#6543=DIRECTION('ref_axis',(-0.599999999999979,-0.800000000000016,0.));
#6544=DIRECTION('center_axis',(0.,0.,1.));
#6545=DIRECTION('ref_axis',(-1.,0.,0.));
#6546=DIRECTION('center_axis',(0.,0.,-1.));
#6547=DIRECTION('ref_axis',(-0.392820323027588,-0.919615242270647,0.));
#6548=DIRECTION('center_axis',(0.,0.,1.));
#6549=DIRECTION('ref_axis',(-0.392820323027563,0.919615242270658,0.));
#6550=DIRECTION('center_axis',(0.,0.,-1.));
#6551=DIRECTION('ref_axis',(0.992820323027555,0.119615242270628,0.));
#6552=DIRECTION('center_axis',(0.,0.,1.));
#6553=DIRECTION('ref_axis',(-0.599999999999989,-0.800000000000008,0.));
#6554=DIRECTION('center_axis',(0.,0.,-1.));
#6555=DIRECTION('ref_axis',(-0.599999999999972,0.800000000000021,0.));
#6556=DIRECTION('center_axis',(0.,0.,1.));
#6557=DIRECTION('ref_axis',(0.992820323027552,-0.119615242270652,0.));
#6558=DIRECTION('center_axis',(0.,0.,1.));
#6559=DIRECTION('ref_axis',(-1.,0.,0.));
#6560=DIRECTION('center_axis',(0.,0.,-1.));
#6561=DIRECTION('ref_axis',(-0.599999999999969,0.800000000000023,0.));
#6562=DIRECTION('center_axis',(0.,0.,1.));
#6563=DIRECTION('ref_axis',(0.992820323027553,-0.119615242270646,0.));
#6564=DIRECTION('center_axis',(0.,0.,-1.));
#6565=DIRECTION('ref_axis',(-0.392820323027582,-0.91961524227065,0.));
#6566=DIRECTION('center_axis',(0.,0.,1.));
#6567=DIRECTION('ref_axis',(-0.392820323027563,0.919615242270658,0.));
#6568=DIRECTION('center_axis',(0.,0.,-1.));
#6569=DIRECTION('ref_axis',(0.992820323027555,0.119615242270631,0.));
#6570=DIRECTION('center_axis',(0.,0.,1.));
#6571=DIRECTION('ref_axis',(-0.599999999999991,-0.800000000000006,0.));
#6572=DIRECTION('center_axis',(0.,0.,1.));
#6573=DIRECTION('ref_axis',(-1.,0.,0.));
#6574=DIRECTION('center_axis',(0.,0.,-1.));
#6575=DIRECTION('ref_axis',(-0.99282032302755,-0.11961524227067,0.));
#6576=DIRECTION('center_axis',(0.,0.,1.));
#6577=DIRECTION('ref_axis',(0.600000000000023,0.799999999999983,0.));
#6578=DIRECTION('center_axis',(0.,0.,-1.));
#6579=DIRECTION('ref_axis',(0.600000000000009,-0.799999999999994,0.));
#6580=DIRECTION('center_axis',(0.,0.,1.));
#6581=DIRECTION('ref_axis',(-0.992820323027549,0.119615242270683,0.));
#6582=DIRECTION('center_axis',(0.,0.,-1.));
#6583=DIRECTION('ref_axis',(0.392820323027545,0.919615242270666,0.));
#6584=DIRECTION('center_axis',(0.,0.,1.));
#6585=DIRECTION('ref_axis',(0.392820323027529,-0.919615242270673,0.));
#6586=DIRECTION('center_axis',(0.,0.,1.));
#6587=DIRECTION('ref_axis',(-1.,0.,0.));
#6588=DIRECTION('center_axis',(0.,0.,-1.));
#6589=DIRECTION('ref_axis',(-0.392820323027543,-0.919615242270666,0.));
#6590=DIRECTION('center_axis',(0.,0.,1.));
#6591=DIRECTION('ref_axis',(-0.392820323027525,0.919615242270674,0.));
#6592=DIRECTION('center_axis',(0.,0.,-1.));
#6593=DIRECTION('ref_axis',(0.99282032302755,0.119615242270675,0.));
#6594=DIRECTION('center_axis',(0.,0.,1.));
#6595=DIRECTION('ref_axis',(-0.600000000000023,-0.799999999999983,0.));
#6596=DIRECTION('center_axis',(0.,0.,-1.));
#6597=DIRECTION('ref_axis',(-0.600000000000009,0.799999999999993,0.));
#6598=DIRECTION('center_axis',(0.,0.,1.));
#6599=DIRECTION('ref_axis',(0.992820323027547,-0.119615242270692,0.));
#6600=DIRECTION('center_axis',(0.,0.,-1.));
#6601=DIRECTION('ref_axis',(-0.600000000000026,0.799999999999981,0.));
#6602=DIRECTION('',(0.,0.,-1.));
#6603=DIRECTION('',(0.,0.,-1.));
#6604=DIRECTION('center_axis',(0.,0.,-1.));
#6605=DIRECTION('ref_axis',(0.992820323027534,-0.1196152422708,0.));
#6606=DIRECTION('',(0.,0.,-1.));
#6607=DIRECTION('center_axis',(0.,0.,-1.));
#6608=DIRECTION('ref_axis',(-0.392820323027531,-0.919615242270671,0.));
#6609=DIRECTION('',(0.,0.,-1.));
#6610=DIRECTION('center_axis',(0.,0.,-1.));
#6611=DIRECTION('ref_axis',(-0.392820323027384,0.919615242270734,0.));
#6612=DIRECTION('',(0.,0.,-1.));
#6613=DIRECTION('center_axis',(0.,0.,-1.));
#6614=DIRECTION('ref_axis',(0.992820323027539,0.119615242270764,0.));
#6615=DIRECTION('',(0.,0.,-1.));
#6616=DIRECTION('center_axis',(0.,0.,-1.));
#6617=DIRECTION('ref_axis',(-0.600000000000166,-0.799999999999875,0.));
#6618=DIRECTION('center_axis',(0.,0.,-1.));
#6619=DIRECTION('ref_axis',(-0.600000000000043,0.799999999999968,0.));
#6620=DIRECTION('',(0.,0.,-1.));
#6621=DIRECTION('',(0.,0.,-1.));
#6622=DIRECTION('center_axis',(0.,0.,-1.));
#6623=DIRECTION('ref_axis',(0.992820323027524,-0.119615242270888,0.));
#6624=DIRECTION('',(0.,0.,-1.));
#6625=DIRECTION('center_axis',(0.,0.,-1.));
#6626=DIRECTION('ref_axis',(-0.392820323027499,-0.919615242270685,0.));
#6627=DIRECTION('',(0.,0.,-1.));
#6628=DIRECTION('center_axis',(0.,0.,-1.));
#6629=DIRECTION('ref_axis',(-0.392820323027352,0.919615242270748,0.));
#6630=DIRECTION('',(0.,0.,-1.));
#6631=DIRECTION('center_axis',(0.,0.,-1.));
#6632=DIRECTION('ref_axis',(0.992820323027544,0.119615242270722,0.));
#6633=DIRECTION('',(0.,0.,-1.));
#6634=DIRECTION('center_axis',(0.,0.,-1.));
#6635=DIRECTION('ref_axis',(-0.600000000000149,-0.799999999999888,0.));
#6636=DIRECTION('center_axis',(0.,0.,-1.));
#6637=DIRECTION('ref_axis',(-0.600000000000043,0.799999999999968,0.));
#6638=DIRECTION('center_axis',(0.,0.,-1.));
#6639=DIRECTION('ref_axis',(-0.600000000000043,0.799999999999968,0.));
#6640=DIRECTION('',(0.,0.,-1.));
#6641=DIRECTION('',(0.,0.,-1.));
#6642=DIRECTION('center_axis',(0.,0.,-1.));
#6643=DIRECTION('ref_axis',(0.992820323027526,-0.119615242270869,0.));
#6644=DIRECTION('center_axis',(0.,0.,1.));
#6645=DIRECTION('ref_axis',(0.992820323027526,-0.119615242270869,0.));
#6646=DIRECTION('',(0.,0.,-1.));
#6647=DIRECTION('center_axis',(0.,0.,-1.));
#6648=DIRECTION('ref_axis',(-0.392820323027498,-0.919615242270686,0.));
#6649=DIRECTION('center_axis',(0.,0.,-1.));
#6650=DIRECTION('ref_axis',(-0.392820323027498,-0.919615242270686,0.));
#6651=DIRECTION('',(0.,0.,-1.));
#6652=DIRECTION('center_axis',(0.,0.,-1.));
#6653=DIRECTION('ref_axis',(-0.392820323027366,0.919615242270742,0.));
#6654=DIRECTION('center_axis',(0.,0.,1.));
#6655=DIRECTION('ref_axis',(-0.392820323027366,0.919615242270742,0.));
#6656=DIRECTION('',(0.,0.,-1.));
#6657=DIRECTION('center_axis',(0.,0.,-1.));
#6658=DIRECTION('ref_axis',(0.992820323027546,0.119615242270705,0.));
#6659=DIRECTION('center_axis',(0.,0.,-1.));
#6660=DIRECTION('ref_axis',(0.992820323027546,0.119615242270705,0.));
#6661=DIRECTION('',(0.,0.,-1.));
#6662=DIRECTION('center_axis',(0.,0.,-1.));
#6663=DIRECTION('ref_axis',(-0.600000000000149,-0.799999999999888,0.));
#6664=DIRECTION('center_axis',(0.,0.,1.));
#6665=DIRECTION('ref_axis',(-0.600000000000149,-0.799999999999888,0.));
#6666=DIRECTION('center_axis',(0.,0.,-1.));
#6667=DIRECTION('ref_axis',(-0.600000000000043,0.799999999999968,0.));
#6668=DIRECTION('center_axis',(0.,0.,-1.));
#6669=DIRECTION('ref_axis',(-0.600000000000043,0.799999999999968,0.));
#6670=DIRECTION('',(0.,0.,-1.));
#6671=DIRECTION('',(0.,0.,-1.));
#6672=DIRECTION('center_axis',(0.,0.,-1.));
#6673=DIRECTION('ref_axis',(0.992820323027524,-0.119615242270888,0.));
#6674=DIRECTION('center_axis',(0.,0.,1.));
#6675=DIRECTION('ref_axis',(0.992820323027524,-0.119615242270888,0.));
#6676=DIRECTION('',(0.,0.,-1.));
#6677=DIRECTION('center_axis',(0.,0.,-1.));
#6678=DIRECTION('ref_axis',(-0.392820323027499,-0.919615242270685,0.));
#6679=DIRECTION('center_axis',(0.,0.,-1.));
#6680=DIRECTION('ref_axis',(-0.392820323027499,-0.919615242270685,0.));
#6681=DIRECTION('',(0.,0.,-1.));
#6682=DIRECTION('center_axis',(0.,0.,-1.));
#6683=DIRECTION('ref_axis',(-0.392820323027365,0.919615242270743,0.));
#6684=DIRECTION('center_axis',(0.,0.,1.));
#6685=DIRECTION('ref_axis',(-0.392820323027365,0.919615242270743,0.));
#6686=DIRECTION('',(0.,0.,-1.));
#6687=DIRECTION('center_axis',(0.,0.,-1.));
#6688=DIRECTION('ref_axis',(0.992820323027548,0.119615242270686,0.));
#6689=DIRECTION('center_axis',(0.,0.,-1.));
#6690=DIRECTION('ref_axis',(0.992820323027548,0.119615242270686,0.));
#6691=DIRECTION('',(0.,0.,-1.));
#6692=DIRECTION('center_axis',(0.,0.,-1.));
#6693=DIRECTION('ref_axis',(-0.600000000000149,-0.799999999999888,0.));
#6694=DIRECTION('center_axis',(0.,0.,1.));
#6695=DIRECTION('ref_axis',(-0.600000000000149,-0.799999999999888,0.));
#6696=DIRECTION('center_axis',(0.,0.,-1.));
#6697=DIRECTION('ref_axis',(0.992820323027544,0.119615242270724,0.));
#6698=DIRECTION('center_axis',(0.,0.,-1.));
#6699=DIRECTION('ref_axis',(0.992820323027544,0.119615242270724,0.));
#6700=DIRECTION('',(0.,0.,-1.));
#6701=DIRECTION('',(0.,0.,-1.));
#6702=DIRECTION('center_axis',(0.,0.,-1.));
#6703=DIRECTION('ref_axis',(-0.600000000000149,-0.799999999999888,0.));
#6704=DIRECTION('center_axis',(0.,0.,1.));
#6705=DIRECTION('ref_axis',(-0.600000000000149,-0.799999999999888,0.));
#6706=DIRECTION('',(0.,0.,-1.));
#6707=DIRECTION('center_axis',(0.,0.,-1.));
#6708=DIRECTION('ref_axis',(-0.600000000000043,0.799999999999968,0.));
#6709=DIRECTION('center_axis',(0.,0.,-1.));
#6710=DIRECTION('ref_axis',(-0.600000000000043,0.799999999999968,0.));
#6711=DIRECTION('',(0.,0.,-1.));
#6712=DIRECTION('center_axis',(0.,0.,-1.));
#6713=DIRECTION('ref_axis',(0.992820323027528,-0.119615242270853,0.));
#6714=DIRECTION('center_axis',(0.,0.,1.));
#6715=DIRECTION('ref_axis',(0.992820323027528,-0.119615242270853,0.));
#6716=DIRECTION('',(0.,0.,-1.));
#6717=DIRECTION('center_axis',(0.,0.,-1.));
#6718=DIRECTION('ref_axis',(-0.392820323027512,-0.91961524227068,0.));
#6719=DIRECTION('center_axis',(0.,0.,-1.));
#6720=DIRECTION('ref_axis',(-0.392820323027512,-0.91961524227068,0.));
#6721=DIRECTION('',(0.,0.,-1.));
#6722=DIRECTION('center_axis',(0.,0.,-1.));
#6723=DIRECTION('ref_axis',(-0.392820323027367,0.919615242270742,0.));
#6724=DIRECTION('center_axis',(0.,0.,1.));
#6725=DIRECTION('ref_axis',(-0.392820323027367,0.919615242270742,0.));
#6726=DIRECTION('center_axis',(0.,0.,-1.));
#6727=DIRECTION('ref_axis',(-0.600000000000043,0.799999999999968,0.));
#6728=DIRECTION('center_axis',(0.,0.,-1.));
#6729=DIRECTION('ref_axis',(-0.600000000000043,0.799999999999968,0.));
#6730=DIRECTION('',(0.,0.,-1.));
#6731=DIRECTION('',(0.,0.,-1.));
#6732=DIRECTION('center_axis',(0.,0.,-1.));
#6733=DIRECTION('ref_axis',(0.992820323027528,-0.119615242270852,0.));
#6734=DIRECTION('center_axis',(0.,0.,1.));
#6735=DIRECTION('ref_axis',(0.992820323027528,-0.119615242270852,0.));
#6736=DIRECTION('',(0.,0.,-1.));
#6737=DIRECTION('center_axis',(0.,0.,-1.));
#6738=DIRECTION('ref_axis',(-0.392820323027501,-0.919615242270684,0.));
#6739=DIRECTION('center_axis',(0.,0.,-1.));
#6740=DIRECTION('ref_axis',(-0.392820323027501,-0.919615242270684,0.));
#6741=DIRECTION('',(0.,0.,-1.));
#6742=DIRECTION('center_axis',(0.,0.,-1.));
#6743=DIRECTION('ref_axis',(-0.392820323027375,0.919615242270738,0.));
#6744=DIRECTION('center_axis',(0.,0.,1.));
#6745=DIRECTION('ref_axis',(-0.392820323027375,0.919615242270738,0.));
#6746=DIRECTION('',(0.,0.,-1.));
#6747=DIRECTION('center_axis',(0.,0.,-1.));
#6748=DIRECTION('ref_axis',(0.992820323027545,0.119615242270716,0.));
#6749=DIRECTION('center_axis',(0.,0.,-1.));
#6750=DIRECTION('ref_axis',(0.992820323027545,0.119615242270716,0.));
#6751=DIRECTION('',(0.,0.,-1.));
#6752=DIRECTION('center_axis',(0.,0.,-1.));
#6753=DIRECTION('ref_axis',(-0.600000000000149,-0.799999999999888,0.));
#6754=DIRECTION('center_axis',(0.,0.,1.));
#6755=DIRECTION('ref_axis',(-0.600000000000149,-0.799999999999888,0.));
#6756=DIRECTION('center_axis',(0.,0.,-1.));
#6757=DIRECTION('ref_axis',(-0.600000000000027,0.79999999999998,0.));
#6758=DIRECTION('center_axis',(0.,0.,-1.));
#6759=DIRECTION('ref_axis',(-0.600000000000027,0.79999999999998,0.));
#6760=DIRECTION('',(0.,0.,-1.));
#6761=DIRECTION('',(0.,0.,-1.));
#6762=DIRECTION('center_axis',(0.,0.,-1.));
#6763=DIRECTION('ref_axis',(0.99282032302753,-0.119615242270837,0.));
#6764=DIRECTION('center_axis',(0.,0.,1.));
#6765=DIRECTION('ref_axis',(0.99282032302753,-0.119615242270837,0.));
#6766=DIRECTION('',(0.,0.,-1.));
#6767=DIRECTION('center_axis',(0.,0.,-1.));
#6768=DIRECTION('ref_axis',(-0.39282032302753,-0.919615242270672,0.));
#6769=DIRECTION('center_axis',(0.,0.,-1.));
#6770=DIRECTION('ref_axis',(-0.39282032302753,-0.919615242270672,0.));
#6771=DIRECTION('',(0.,0.,-1.));
#6772=DIRECTION('center_axis',(0.,0.,-1.));
#6773=DIRECTION('ref_axis',(-0.392820323027374,0.919615242270739,0.));
#6774=DIRECTION('center_axis',(0.,0.,1.));
#6775=DIRECTION('ref_axis',(-0.392820323027374,0.919615242270739,0.));
#6776=DIRECTION('',(0.,0.,-1.));
#6777=DIRECTION('center_axis',(0.,0.,-1.));
#6778=DIRECTION('ref_axis',(0.992820323027547,0.119615242270698,0.));
#6779=DIRECTION('center_axis',(0.,0.,-1.));
#6780=DIRECTION('ref_axis',(0.992820323027547,0.119615242270698,0.));
#6781=DIRECTION('',(0.,0.,-1.));
#6782=DIRECTION('center_axis',(0.,0.,-1.));
#6783=DIRECTION('ref_axis',(-0.600000000000142,-0.799999999999893,0.));
#6784=DIRECTION('center_axis',(0.,0.,1.));
#6785=DIRECTION('ref_axis',(-0.600000000000142,-0.799999999999893,0.));
#6786=DIRECTION('center_axis',(0.,0.,-1.));
#6787=DIRECTION('ref_axis',(-0.600000000000038,0.799999999999971,0.));
#6788=DIRECTION('center_axis',(0.,0.,-1.));
#6789=DIRECTION('ref_axis',(-0.600000000000038,0.799999999999971,0.));
#6790=DIRECTION('',(0.,0.,-1.));
#6791=DIRECTION('',(0.,0.,-1.));
#6792=DIRECTION('center_axis',(0.,0.,-1.));
#6793=DIRECTION('ref_axis',(0.992820323027528,-0.119615242270854,0.));
#6794=DIRECTION('center_axis',(0.,0.,1.));
#6795=DIRECTION('ref_axis',(0.992820323027528,-0.119615242270854,0.));
#6796=DIRECTION('',(0.,0.,-1.));
#6797=DIRECTION('center_axis',(0.,0.,-1.));
#6798=DIRECTION('ref_axis',(-0.392820323027509,-0.919615242270681,0.));
#6799=DIRECTION('center_axis',(0.,0.,-1.));
#6800=DIRECTION('ref_axis',(-0.392820323027509,-0.919615242270681,0.));
#6801=DIRECTION('',(0.,0.,-1.));
#6802=DIRECTION('center_axis',(0.,0.,-1.));
#6803=DIRECTION('ref_axis',(-0.392820323027378,0.919615242270737,0.));
#6804=DIRECTION('center_axis',(0.,0.,1.));
#6805=DIRECTION('ref_axis',(-0.392820323027378,0.919615242270737,0.));
#6806=DIRECTION('',(0.,0.,-1.));
#6807=DIRECTION('center_axis',(0.,0.,-1.));
#6808=DIRECTION('ref_axis',(0.992820323027546,0.119615242270707,0.));
#6809=DIRECTION('center_axis',(0.,0.,-1.));
#6810=DIRECTION('ref_axis',(0.992820323027546,0.119615242270707,0.));
#6811=DIRECTION('',(0.,0.,-1.));
#6812=DIRECTION('center_axis',(0.,0.,-1.));
#6813=DIRECTION('ref_axis',(-0.600000000000153,-0.799999999999885,0.));
#6814=DIRECTION('center_axis',(0.,0.,1.));
#6815=DIRECTION('ref_axis',(-0.600000000000153,-0.799999999999885,0.));
#6816=DIRECTION('center_axis',(0.193624428055254,-0.907863158809257,-0.371879100968518));
#6817=DIRECTION('ref_axis',(0.419266603579252,0.419266603579243,-0.805252153208077));
#6818=DIRECTION('center_axis',(0.917772219760261,0.397107230652281,0.));
#6819=DIRECTION('ref_axis',(0.,0.,-1.));
#6820=DIRECTION('center_axis',(0.397107230652291,0.917772219760256,0.));
#6821=DIRECTION('ref_axis',(0.917772219760256,-0.397107230652291,0.));
#6822=DIRECTION('center_axis',(0.,0.,1.));
#6823=DIRECTION('ref_axis',(0.397107230652284,-0.917772219760259,0.));
#6824=DIRECTION('center_axis',(0.,0.,-1.));
#6825=DIRECTION('ref_axis',(0.397107230652284,-0.917772219760259,0.));
#6826=DIRECTION('center_axis',(0.,0.,1.));
#6827=DIRECTION('ref_axis',(0.397107230652284,-0.917772219760259,0.));
#6828=DIRECTION('',(0.,0.,-1.));
#6829=DIRECTION('',(0.,0.,1.));
#6830=DIRECTION('center_axis',(0.,0.,-1.));
#6831=DIRECTION('ref_axis',(-0.392820323027569,-0.919615242270655,0.));
#6832=DIRECTION('center_axis',(0.,0.,-1.));
#6833=DIRECTION('ref_axis',(-0.392820323027569,-0.919615242270655,0.));
#6834=DIRECTION('',(0.,0.,-1.));
#6835=DIRECTION('',(0.,0.,-1.));
#6836=DIRECTION('center_axis',(0.,0.,-1.));
#6837=DIRECTION('ref_axis',(-0.392820323027554,0.919615242270662,0.));
#6838=DIRECTION('center_axis',(0.,0.,1.));
#6839=DIRECTION('ref_axis',(-0.392820323027554,0.919615242270662,0.));
#6840=DIRECTION('',(0.,0.,-1.));
#6841=DIRECTION('center_axis',(0.,0.,-1.));
#6842=DIRECTION('ref_axis',(0.992820323027555,0.11961524227063,0.));
#6843=DIRECTION('center_axis',(0.,0.,-1.));
#6844=DIRECTION('ref_axis',(0.992820323027555,0.11961524227063,0.));
#6845=DIRECTION('',(0.,0.,-1.));
#6846=DIRECTION('center_axis',(0.,0.,-1.));
#6847=DIRECTION('ref_axis',(-0.599999999999992,-0.800000000000006,0.));
#6848=DIRECTION('center_axis',(0.,0.,1.));
#6849=DIRECTION('ref_axis',(-0.599999999999992,-0.800000000000006,0.));
#6850=DIRECTION('',(0.,0.,-1.));
#6851=DIRECTION('center_axis',(0.,0.,-1.));
#6852=DIRECTION('ref_axis',(-0.599999999999982,0.800000000000014,0.));
#6853=DIRECTION('center_axis',(0.,0.,-1.));
#6854=DIRECTION('ref_axis',(-0.599999999999982,0.800000000000014,0.));
#6855=DIRECTION('',(0.,0.,-1.));
#6856=DIRECTION('center_axis',(0.,0.,-1.));
#6857=DIRECTION('ref_axis',(0.992820323027552,-0.119615242270659,0.));
#6858=DIRECTION('center_axis',(0.,0.,1.));
#6859=DIRECTION('ref_axis',(0.992820323027552,-0.119615242270659,0.));
#6860=DIRECTION('center_axis',(0.,0.,-1.));
#6861=DIRECTION('ref_axis',(-0.392820323027587,-0.919615242270648,0.));
#6862=DIRECTION('center_axis',(0.,0.,-1.));
#6863=DIRECTION('ref_axis',(-0.392820323027587,-0.919615242270648,0.));
#6864=DIRECTION('',(0.,0.,-1.));
#6865=DIRECTION('',(0.,0.,-1.));
#6866=DIRECTION('center_axis',(0.,0.,-1.));
#6867=DIRECTION('ref_axis',(-0.39282032302757,0.919615242270655,0.));
#6868=DIRECTION('center_axis',(0.,0.,1.));
#6869=DIRECTION('ref_axis',(-0.39282032302757,0.919615242270655,0.));
#6870=DIRECTION('',(0.,0.,-1.));
#6871=DIRECTION('center_axis',(0.,0.,-1.));
#6872=DIRECTION('ref_axis',(0.992820323027557,0.119615242270609,0.));
#6873=DIRECTION('center_axis',(0.,0.,-1.));
#6874=DIRECTION('ref_axis',(0.992820323027557,0.119615242270609,0.));
#6875=DIRECTION('',(0.,0.,-1.));
#6876=DIRECTION('center_axis',(0.,0.,-1.));
#6877=DIRECTION('ref_axis',(-0.599999999999979,-0.800000000000016,0.));
#6878=DIRECTION('center_axis',(0.,0.,1.));
#6879=DIRECTION('ref_axis',(-0.599999999999979,-0.800000000000016,0.));
#6880=DIRECTION('',(0.,0.,-1.));
#6881=DIRECTION('center_axis',(0.,0.,-1.));
#6882=DIRECTION('ref_axis',(-0.599999999999972,0.800000000000021,0.));
#6883=DIRECTION('center_axis',(0.,0.,-1.));
#6884=DIRECTION('ref_axis',(-0.599999999999972,0.800000000000021,0.));
#6885=DIRECTION('',(0.,0.,-1.));
#6886=DIRECTION('center_axis',(0.,0.,-1.));
#6887=DIRECTION('ref_axis',(0.992820323027552,-0.119615242270652,0.));
#6888=DIRECTION('center_axis',(0.,0.,1.));
#6889=DIRECTION('ref_axis',(0.992820323027552,-0.119615242270652,0.));
#6890=DIRECTION('center_axis',(0.,0.,-1.));
#6891=DIRECTION('ref_axis',(0.992820323027555,0.119615242270628,0.));
#6892=DIRECTION('center_axis',(0.,0.,-1.));
#6893=DIRECTION('ref_axis',(0.992820323027555,0.119615242270628,0.));
#6894=DIRECTION('',(0.,0.,-1.));
#6895=DIRECTION('',(0.,0.,-1.));
#6896=DIRECTION('center_axis',(0.,0.,-1.));
#6897=DIRECTION('ref_axis',(-0.599999999999989,-0.800000000000008,0.));
#6898=DIRECTION('center_axis',(0.,0.,1.));
#6899=DIRECTION('ref_axis',(-0.599999999999989,-0.800000000000008,0.));
#6900=DIRECTION('',(0.,0.,-1.));
#6901=DIRECTION('center_axis',(0.,0.,-1.));
#6902=DIRECTION('ref_axis',(-0.599999999999972,0.800000000000021,0.));
#6903=DIRECTION('center_axis',(0.,0.,-1.));
#6904=DIRECTION('ref_axis',(-0.599999999999972,0.800000000000021,0.));
#6905=DIRECTION('',(0.,0.,-1.));
#6906=DIRECTION('center_axis',(0.,0.,-1.));
#6907=DIRECTION('ref_axis',(0.992820323027552,-0.119615242270652,0.));
#6908=DIRECTION('center_axis',(0.,0.,1.));
#6909=DIRECTION('ref_axis',(0.992820323027552,-0.119615242270652,0.));
#6910=DIRECTION('',(0.,0.,-1.));
#6911=DIRECTION('center_axis',(0.,0.,-1.));
#6912=DIRECTION('ref_axis',(-0.392820323027588,-0.919615242270647,0.));
#6913=DIRECTION('center_axis',(0.,0.,-1.));
#6914=DIRECTION('ref_axis',(-0.392820323027588,-0.919615242270647,0.));
#6915=DIRECTION('',(0.,0.,-1.));
#6916=DIRECTION('center_axis',(0.,0.,-1.));
#6917=DIRECTION('ref_axis',(-0.392820323027563,0.919615242270658,0.));
#6918=DIRECTION('center_axis',(0.,0.,1.));
#6919=DIRECTION('ref_axis',(-0.392820323027563,0.919615242270658,0.));
#6920=DIRECTION('center_axis',(0.,0.,-1.));
#6921=DIRECTION('ref_axis',(-0.392820323027582,-0.91961524227065,0.));
#6922=DIRECTION('center_axis',(0.,0.,-1.));
#6923=DIRECTION('ref_axis',(-0.392820323027582,-0.91961524227065,0.));
#6924=DIRECTION('',(0.,0.,-1.));
#6925=DIRECTION('',(0.,0.,-1.));
#6926=DIRECTION('center_axis',(0.,0.,-1.));
#6927=DIRECTION('ref_axis',(-0.392820323027563,0.919615242270658,0.));
#6928=DIRECTION('center_axis',(0.,0.,1.));
#6929=DIRECTION('ref_axis',(-0.392820323027563,0.919615242270658,0.));
#6930=DIRECTION('',(0.,0.,-1.));
#6931=DIRECTION('center_axis',(0.,0.,-1.));
#6932=DIRECTION('ref_axis',(0.992820323027555,0.119615242270631,0.));
#6933=DIRECTION('center_axis',(0.,0.,-1.));
#6934=DIRECTION('ref_axis',(0.992820323027555,0.119615242270631,0.));
#6935=DIRECTION('',(0.,0.,-1.));
#6936=DIRECTION('center_axis',(0.,0.,-1.));
#6937=DIRECTION('ref_axis',(-0.599999999999991,-0.800000000000006,0.));
#6938=DIRECTION('center_axis',(0.,0.,1.));
#6939=DIRECTION('ref_axis',(-0.599999999999991,-0.800000000000006,0.));
#6940=DIRECTION('',(0.,0.,-1.));
#6941=DIRECTION('center_axis',(0.,0.,-1.));
#6942=DIRECTION('ref_axis',(-0.599999999999969,0.800000000000023,0.));
#6943=DIRECTION('center_axis',(0.,0.,-1.));
#6944=DIRECTION('ref_axis',(-0.599999999999969,0.800000000000023,0.));
#6945=DIRECTION('',(0.,0.,-1.));
#6946=DIRECTION('center_axis',(0.,0.,-1.));
#6947=DIRECTION('ref_axis',(0.992820323027553,-0.119615242270646,0.));
#6948=DIRECTION('center_axis',(0.,0.,1.));
#6949=DIRECTION('ref_axis',(0.992820323027553,-0.119615242270646,0.));
#6950=DIRECTION('center_axis',(0.,0.,-1.));
#6951=DIRECTION('ref_axis',(0.600000000000009,-0.799999999999994,0.));
#6952=DIRECTION('center_axis',(0.,0.,-1.));
#6953=DIRECTION('ref_axis',(0.600000000000009,-0.799999999999994,0.));
#6954=DIRECTION('',(0.,0.,-1.));
#6955=DIRECTION('',(0.,0.,-1.));
#6956=DIRECTION('center_axis',(0.,0.,-1.));
#6957=DIRECTION('ref_axis',(-0.992820323027549,0.119615242270683,0.));
#6958=DIRECTION('center_axis',(0.,0.,1.));
#6959=DIRECTION('ref_axis',(-0.992820323027549,0.119615242270683,0.));
#6960=DIRECTION('',(0.,0.,-1.));
#6961=DIRECTION('center_axis',(0.,0.,-1.));
#6962=DIRECTION('ref_axis',(0.392820323027545,0.919615242270666,0.));
#6963=DIRECTION('center_axis',(0.,0.,-1.));
#6964=DIRECTION('ref_axis',(0.392820323027545,0.919615242270666,0.));
#6965=DIRECTION('',(0.,0.,-1.));
#6966=DIRECTION('center_axis',(0.,0.,-1.));
#6967=DIRECTION('ref_axis',(0.392820323027529,-0.919615242270673,0.));
#6968=DIRECTION('center_axis',(0.,0.,1.));
#6969=DIRECTION('ref_axis',(0.392820323027529,-0.919615242270673,0.));
#6970=DIRECTION('',(0.,0.,-1.));
#6971=DIRECTION('center_axis',(0.,0.,-1.));
#6972=DIRECTION('ref_axis',(-0.99282032302755,-0.11961524227067,0.));
#6973=DIRECTION('center_axis',(0.,0.,-1.));
#6974=DIRECTION('ref_axis',(-0.99282032302755,-0.11961524227067,0.));
#6975=DIRECTION('',(0.,0.,-1.));
#6976=DIRECTION('center_axis',(0.,0.,-1.));
#6977=DIRECTION('ref_axis',(0.600000000000023,0.799999999999983,0.));
#6978=DIRECTION('center_axis',(0.,0.,1.));
#6979=DIRECTION('ref_axis',(0.600000000000023,0.799999999999983,0.));
#6980=DIRECTION('center_axis',(0.,0.,-1.));
#6981=DIRECTION('ref_axis',(0.99282032302755,0.119615242270675,0.));
#6982=DIRECTION('center_axis',(0.,0.,-1.));
#6983=DIRECTION('ref_axis',(0.99282032302755,0.119615242270675,0.));
#6984=DIRECTION('',(0.,0.,-1.));
#6985=DIRECTION('',(0.,0.,-1.));
#6986=DIRECTION('center_axis',(0.,0.,-1.));
#6987=DIRECTION('ref_axis',(-0.600000000000023,-0.799999999999983,0.));
#6988=DIRECTION('center_axis',(0.,0.,1.));
#6989=DIRECTION('ref_axis',(-0.600000000000023,-0.799999999999983,0.));
#6990=DIRECTION('',(0.,0.,-1.));
#6991=DIRECTION('center_axis',(0.,0.,-1.));
#6992=DIRECTION('ref_axis',(-0.600000000000009,0.799999999999993,0.));
#6993=DIRECTION('center_axis',(0.,0.,-1.));
#6994=DIRECTION('ref_axis',(-0.600000000000009,0.799999999999993,0.));
#6995=DIRECTION('',(0.,0.,-1.));
#6996=DIRECTION('center_axis',(0.,0.,-1.));
#6997=DIRECTION('ref_axis',(0.992820323027547,-0.119615242270692,0.));
#6998=DIRECTION('center_axis',(0.,0.,1.));
#6999=DIRECTION('ref_axis',(0.992820323027547,-0.119615242270692,0.));
#7000=DIRECTION('',(0.,0.,-1.));
#7001=DIRECTION('center_axis',(0.,0.,-1.));
#7002=DIRECTION('ref_axis',(-0.392820323027543,-0.919615242270666,0.));
#7003=DIRECTION('center_axis',(0.,0.,-1.));
#7004=DIRECTION('ref_axis',(-0.392820323027543,-0.919615242270666,0.));
#7005=DIRECTION('',(0.,0.,-1.));
#7006=DIRECTION('center_axis',(0.,0.,-1.));
#7007=DIRECTION('ref_axis',(-0.392820323027525,0.919615242270674,0.));
#7008=DIRECTION('center_axis',(0.,0.,1.));
#7009=DIRECTION('ref_axis',(-0.392820323027525,0.919615242270674,0.));
#7010=DIRECTION('center_axis',(0.,0.,1.));
#7011=DIRECTION('ref_axis',(0.285468351586709,0.958388136530481,0.));
#7012=DIRECTION('center_axis',(0.,0.,1.));
#7013=DIRECTION('ref_axis',(0.285468351586709,0.958388136530481,0.));
#7014=DIRECTION('',(0.,0.,-1.));
#7015=DIRECTION('center_axis',(0.,0.,1.));
#7016=DIRECTION('ref_axis',(0.285468351586709,0.958388136530481,0.));
#7017=DIRECTION('',(0.,0.,-1.));
#7018=DIRECTION('center_axis',(0.,0.,-1.));
#7019=DIRECTION('ref_axis',(0.285468351586698,-0.958388136530484,0.));
#7020=DIRECTION('center_axis',(0.,0.,1.));
#7021=DIRECTION('ref_axis',(0.285468351586698,-0.958388136530484,0.));
#7022=DIRECTION('',(0.,0.,1.));
#7023=DIRECTION('',(0.,0.,1.));
#7024=DIRECTION('center_axis',(0.,0.,1.));
#7025=DIRECTION('ref_axis',(0.958388136530484,-0.285468351586698,0.));
#7026=DIRECTION('center_axis',(0.,0.,1.));
#7027=DIRECTION('ref_axis',(0.958388136530484,-0.285468351586698,0.));
#7028=DIRECTION('',(0.,0.,-1.));
#7029=DIRECTION('',(0.,0.,-1.));
#7030=DIRECTION('center_axis',(0.,0.,-1.));
#7031=DIRECTION('ref_axis',(-0.958388136530496,-0.285468351586656,0.));
#7032=DIRECTION('center_axis',(0.,0.,1.));
#7033=DIRECTION('ref_axis',(-0.958388136530496,-0.285468351586656,0.));
#7034=DIRECTION('',(0.,0.,1.));
#7035=DIRECTION('center_axis',(0.,0.,1.));
#7036=DIRECTION('ref_axis',(-0.958388136530496,-0.285468351586656,0.));
#7037=DIRECTION('',(0.,0.,1.));
#7038=DIRECTION('center_axis',(0.,0.,-1.));
#7039=DIRECTION('ref_axis',(-0.397107230652238,0.917772219760279,0.));
#7040=DIRECTION('center_axis',(0.,0.,1.));
#7041=DIRECTION('ref_axis',(-0.397107230652238,0.917772219760279,0.));
#7042=DIRECTION('',(0.,0.,-1.));
#7043=DIRECTION('center_axis',(0.,0.,1.));
#7044=DIRECTION('ref_axis',(-0.397107230652238,0.917772219760279,0.));
#7045=DIRECTION('',(0.,0.,1.));
#7046=DIRECTION('center_axis',(0.,0.,1.));
#7047=DIRECTION('ref_axis',(-0.285468351586703,-0.958388136530482,0.));
#7048=DIRECTION('center_axis',(0.,0.,1.));
#7049=DIRECTION('ref_axis',(-0.285468351586703,-0.958388136530482,0.));
#7050=DIRECTION('',(0.,0.,-1.));
#7051=DIRECTION('center_axis',(0.,0.,1.));
#7052=DIRECTION('ref_axis',(-0.285468351586703,-0.958388136530482,0.));
#7053=DIRECTION('',(0.,0.,-1.));
#7054=DIRECTION('center_axis',(0.,0.,1.));
#7055=DIRECTION('ref_axis',(-1.,0.,0.));
#7056=DIRECTION('center_axis',(0.,0.,1.));
#7057=DIRECTION('ref_axis',(0.960010339012921,0.279964549520644,0.));
#7058=DIRECTION('center_axis',(0.,0.,1.));
#7059=DIRECTION('ref_axis',(0.99525630624587,0.0972876399026438,0.));
#7060=DIRECTION('center_axis',(0.,0.,1.));
#7061=DIRECTION('ref_axis',(0.71426507804883,-0.699875273373691,0.));
#7062=DIRECTION('center_axis',(0.,0.,-1.));
#7063=DIRECTION('ref_axis',(0.279964549520692,0.960010339012907,0.));
#7064=DIRECTION('',(-1.,0.,0.));
#7065=DIRECTION('center_axis',(0.,0.,-1.));
#7066=DIRECTION('ref_axis',(-0.285468351586709,0.958388136530481,0.));
#7067=DIRECTION('center_axis',(0.,0.,1.));
#7068=DIRECTION('ref_axis',(-0.285468351586709,0.958388136530481,0.));
#7069=DIRECTION('',(0.,0.,1.));
#7070=DIRECTION('center_axis',(0.,0.,1.));
#7071=DIRECTION('ref_axis',(-0.285468351586709,0.958388136530481,0.));
#7072=DIRECTION('',(0.,0.,1.));
#7073=DIRECTION('center_axis',(0.,0.,-1.));
#7074=DIRECTION('ref_axis',(0.917772219760265,0.397107230652272,0.));
#7075=DIRECTION('center_axis',(0.,0.,1.));
#7076=DIRECTION('ref_axis',(0.917772219760265,0.397107230652272,0.));
#7077=DIRECTION('',(0.,0.,-1.));
#7078=DIRECTION('center_axis',(0.,0.,1.));
#7079=DIRECTION('ref_axis',(0.917772219760265,0.397107230652272,0.));
#7080=DIRECTION('',(0.,0.,1.));
#7081=DIRECTION('center_axis',(0.,0.,1.));
#7082=DIRECTION('ref_axis',(-0.958388136530479,0.285468351586716,0.));
#7083=DIRECTION('center_axis',(0.,0.,1.));
#7084=DIRECTION('ref_axis',(-0.958388136530479,0.285468351586716,0.));
#7085=DIRECTION('',(0.,0.,-1.));
#7086=DIRECTION('center_axis',(0.,0.,1.));
#7087=DIRECTION('ref_axis',(-0.958388136530479,0.285468351586716,0.));
#7088=DIRECTION('',(0.,0.,-1.));
#7089=DIRECTION('center_axis',(0.,0.,1.));
#7090=DIRECTION('ref_axis',(-1.,0.,0.));
#7091=DIRECTION('center_axis',(0.,0.,1.));
#7092=DIRECTION('ref_axis',(0.279964549520697,-0.960010339012905,0.));
#7093=DIRECTION('center_axis',(0.,0.,1.));
#7094=DIRECTION('ref_axis',(0.0972876399026473,-0.99525630624587,0.));
#7095=DIRECTION('center_axis',(0.,0.,1.));
#7096=DIRECTION('ref_axis',(-0.6998752733737,-0.714265078048821,0.));
#7097=DIRECTION('center_axis',(0.,0.,-1.));
#7098=DIRECTION('ref_axis',(0.960010339012901,-0.27996454952071,0.));
#7099=DIRECTION('center_axis',(0.,0.,-1.));
#7100=DIRECTION('ref_axis',(-1.,0.,0.));
#7101=DIRECTION('center_axis',(0.,0.,-1.));
#7102=DIRECTION('ref_axis',(-1.,0.,0.));
#7103=DIRECTION('',(0.,0.,-1.));
#7104=DIRECTION('center_axis',(0.,0.,1.));
#7105=DIRECTION('ref_axis',(-1.,0.,0.));
#7106=DIRECTION('center_axis',(0.,0.,-1.));
#7107=DIRECTION('ref_axis',(-1.,0.,0.));
#7108=DIRECTION('center_axis',(0.,0.,-1.));
#7109=DIRECTION('ref_axis',(-1.,0.,0.));
#7110=DIRECTION('',(0.,0.,-1.));
#7111=DIRECTION('center_axis',(0.,0.,1.));
#7112=DIRECTION('ref_axis',(-1.,0.,0.));
#7113=DIRECTION('center_axis',(0.,0.,-1.));
#7114=DIRECTION('ref_axis',(-1.,0.,0.));
#7115=DIRECTION('center_axis',(0.,0.,-1.));
#7116=DIRECTION('ref_axis',(-1.,0.,0.));
#7117=DIRECTION('',(0.,0.,-1.));
#7118=DIRECTION('center_axis',(0.,0.,1.));
#7119=DIRECTION('ref_axis',(-1.,0.,0.));
#7120=DIRECTION('center_axis',(0.,0.,-1.));
#7121=DIRECTION('ref_axis',(-1.,0.,0.));
#7122=DIRECTION('center_axis',(0.,0.,-1.));
#7123=DIRECTION('ref_axis',(-1.,0.,0.));
#7124=DIRECTION('',(0.,0.,-1.));
#7125=DIRECTION('center_axis',(0.,0.,1.));
#7126=DIRECTION('ref_axis',(-1.,0.,0.));
#7127=DIRECTION('center_axis',(0.,0.,-1.));
#7128=DIRECTION('ref_axis',(-1.,0.,0.));
#7129=DIRECTION('center_axis',(0.,0.,-1.));
#7130=DIRECTION('ref_axis',(-1.,0.,0.));
#7131=DIRECTION('',(0.,0.,-1.));
#7132=DIRECTION('center_axis',(0.,0.,1.));
#7133=DIRECTION('ref_axis',(-1.,0.,0.));
#7134=DIRECTION('center_axis',(0.,0.,-1.));
#7135=DIRECTION('ref_axis',(-1.,0.,0.));
#7136=DIRECTION('center_axis',(0.,0.,-1.));
#7137=DIRECTION('ref_axis',(-1.,0.,0.));
#7138=DIRECTION('',(0.,0.,-1.));
#7139=DIRECTION('center_axis',(0.,0.,1.));
#7140=DIRECTION('ref_axis',(-1.,0.,0.));
#7141=DIRECTION('center_axis',(0.,0.,-1.));
#7142=DIRECTION('ref_axis',(-1.,0.,0.));
#7143=DIRECTION('center_axis',(0.,0.,-1.));
#7144=DIRECTION('ref_axis',(-1.,0.,0.));
#7145=DIRECTION('',(0.,0.,-1.));
#7146=DIRECTION('center_axis',(0.,0.,1.));
#7147=DIRECTION('ref_axis',(-1.,0.,0.));
#7148=DIRECTION('center_axis',(0.,0.,-1.));
#7149=DIRECTION('ref_axis',(-1.,0.,0.));
#7150=DIRECTION('center_axis',(0.,0.,-1.));
#7151=DIRECTION('ref_axis',(-1.,0.,0.));
#7152=DIRECTION('',(0.,0.,-1.));
#7153=DIRECTION('center_axis',(0.,0.,1.));
#7154=DIRECTION('ref_axis',(-1.,0.,0.));
#7155=DIRECTION('center_axis',(0.,0.,-1.));
#7156=DIRECTION('ref_axis',(-1.,0.,0.));
#7157=DIRECTION('center_axis',(0.,0.,-1.));
#7158=DIRECTION('ref_axis',(-1.,0.,0.));
#7159=DIRECTION('',(0.,0.,-1.));
#7160=DIRECTION('center_axis',(0.,0.,1.));
#7161=DIRECTION('ref_axis',(-1.,0.,0.));
#7162=DIRECTION('center_axis',(0.,0.,-1.));
#7163=DIRECTION('ref_axis',(-1.,0.,0.));
#7164=DIRECTION('center_axis',(0.,0.,-1.));
#7165=DIRECTION('ref_axis',(-1.,0.,0.));
#7166=DIRECTION('',(0.,0.,-1.));
#7167=DIRECTION('center_axis',(0.,0.,1.));
#7168=DIRECTION('ref_axis',(-1.,0.,0.));
#7169=DIRECTION('center_axis',(0.,0.,-1.));
#7170=DIRECTION('ref_axis',(-1.,0.,0.));
#7171=DIRECTION('center_axis',(0.,0.,-1.));
#7172=DIRECTION('ref_axis',(-1.,0.,0.));
#7173=DIRECTION('',(0.,0.,-1.));
#7174=DIRECTION('center_axis',(0.,0.,1.));
#7175=DIRECTION('ref_axis',(-1.,0.,0.));
#7176=DIRECTION('center_axis',(0.,0.,-1.));
#7177=DIRECTION('ref_axis',(-1.,0.,0.));
#7178=DIRECTION('center_axis',(0.,0.,-1.));
#7179=DIRECTION('ref_axis',(-1.,0.,0.));
#7180=DIRECTION('',(0.,0.,-1.));
#7181=DIRECTION('center_axis',(0.,0.,1.));
#7182=DIRECTION('ref_axis',(-1.,0.,0.));
#7183=DIRECTION('center_axis',(0.,0.,-1.));
#7184=DIRECTION('ref_axis',(-1.,0.,0.));
#7185=DIRECTION('center_axis',(0.,0.,1.));
#7186=DIRECTION('ref_axis',(-1.,0.,0.));
#7187=DIRECTION('',(0.,0.,-1.));
#7188=DIRECTION('center_axis',(0.,0.,1.));
#7189=DIRECTION('ref_axis',(-1.,0.,0.));
#7190=DIRECTION('center_axis',(0.,0.,1.));
#7191=DIRECTION('ref_axis',(-1.,0.,0.));
#7192=DIRECTION('center_axis',(0.,0.,1.));
#7193=DIRECTION('ref_axis',(-0.960010339012887,-0.279964549520759,0.));
#7194=DIRECTION('center_axis',(0.,0.,1.));
#7195=DIRECTION('ref_axis',(0.958388136530465,0.285468351586762,0.));
#7196=DIRECTION('center_axis',(0.,0.,1.));
#7197=DIRECTION('ref_axis',(-0.995256306245869,-0.097287639902656,0.));
#7198=DIRECTION('center_axis',(0.,0.,1.));
#7199=DIRECTION('ref_axis',(-0.714265078048821,0.6998752733737,0.));
#7200=DIRECTION('center_axis',(0.,0.,-1.));
#7201=DIRECTION('ref_axis',(-0.279964549520692,-0.960010339012907,0.));
#7202=DIRECTION('',(1.,0.,0.));
#7203=DIRECTION('center_axis',(0.,0.,-1.));
#7204=DIRECTION('ref_axis',(0.958388136530465,0.285468351586762,0.));
#7205=DIRECTION('center_axis',(0.,0.,1.));
#7206=DIRECTION('ref_axis',(0.958388136530465,0.285468351586762,0.));
#7207=DIRECTION('',(0.,0.,1.));
#7208=DIRECTION('',(0.,0.,1.));
#7209=DIRECTION('center_axis',(0.,0.,1.));
#7210=DIRECTION('ref_axis',(-0.995256306245869,-0.097287639902656,0.));
#7211=DIRECTION('center_axis',(0.,0.,-1.));
#7212=DIRECTION('ref_axis',(0.164356136618962,-0.986401064656608,0.));
#7213=DIRECTION('center_axis',(0.,0.,1.));
#7214=DIRECTION('ref_axis',(1.,0.,0.));
#7215=DIRECTION('center_axis',(-0.537446942269727,0.843097291696785,0.0183777305037052));
#7216=DIRECTION('ref_axis',(0.843239702023273,0.537537724194034,0.));
#7217=DIRECTION('center_axis',(-0.285384879918835,0.958107901415666,0.0241809751371028));
#7218=DIRECTION('ref_axis',(0.958388136530465,0.285468351586763,0.));
#7219=DIRECTION('center_axis',(0.,0.,-1.));
#7220=DIRECTION('ref_axis',(-1.,0.,0.));
#7221=DIRECTION('center_axis',(-0.959897399071314,-0.280351535141375,0.));
#7222=DIRECTION('ref_axis',(-0.280351535141375,0.959897399071314,0.));
#7223=DIRECTION('center_axis',(0.,0.,1.));
#7224=DIRECTION('ref_axis',(0.164356136618962,-0.986401064656608,0.));
#7225=DIRECTION('center_axis',(0.,0.,-1.));
#7226=DIRECTION('ref_axis',(-1.,0.,0.));
#7227=DIRECTION('center_axis',(0.,0.,1.));
#7228=DIRECTION('ref_axis',(-0.975854132145533,0.218423242294608,0.));
#7229=DIRECTION('center_axis',(0.286194573522113,0.958171522268584,0.));
#7230=DIRECTION('ref_axis',(0.958171522268584,-0.286194573522113,0.));
#7231=DIRECTION('center_axis',(0.,0.,-1.));
#7232=DIRECTION('ref_axis',(-0.975854132145533,0.218423242294608,0.));
#7233=DIRECTION('center_axis',(0.,0.,1.));
#7234=DIRECTION('ref_axis',(-0.714265078048821,0.6998752733737,0.));
#7235=DIRECTION('center_axis',(0.,0.,1.));
#7236=DIRECTION('ref_axis',(1.,0.,0.));
#7237=DIRECTION('center_axis',(0.954287622854335,-0.284246960341155,0.0924056188975379));
#7238=DIRECTION('ref_axis',(0.111902164397808,0.0530974491067938,-0.992299635443568));
#7239=DIRECTION('center_axis',(-0.841390855981594,0.536359145325664,-0.0661837948147789));
#7240=DIRECTION('ref_axis',(0.537537724193911,0.843239702023352,0.));
#7241=DIRECTION('center_axis',(0.,0.,1.));
#7242=DIRECTION('ref_axis',(-1.,0.,0.));
#7243=DIRECTION('',(5.16960140296219E-15,-1.,0.));
#7244=DIRECTION('center_axis',(0.,0.,-1.));
#7245=DIRECTION('ref_axis',(0.901369863013698,0.433050077994066,0.));
#7246=DIRECTION('',(-9.39871343598016E-17,1.,0.));
#7247=DIRECTION('center_axis',(0.,0.,-1.));
#7248=DIRECTION('ref_axis',(-0.901369863013699,-0.433050077994065,0.));
#7249=DIRECTION('center_axis',(0.,0.,1.));
#7250=DIRECTION('ref_axis',(-1.,0.,0.));
#7251=DIRECTION('center_axis',(0.,0.,-1.));
#7252=DIRECTION('ref_axis',(-1.,0.,0.));
#7253=DIRECTION('center_axis',(0.,0.,1.));
#7254=DIRECTION('ref_axis',(-1.,0.,0.));
#7255=DIRECTION('center_axis',(0.,0.,-1.));
#7256=DIRECTION('ref_axis',(-1.,0.,0.));
#7257=DIRECTION('center_axis',(0.,0.,1.));
#7258=DIRECTION('ref_axis',(-1.,0.,0.));
#7259=DIRECTION('center_axis',(0.,0.,-1.));
#7260=DIRECTION('ref_axis',(-1.,0.,0.));
#7261=DIRECTION('center_axis',(0.,0.,1.));
#7262=DIRECTION('ref_axis',(-1.,0.,0.));
#7263=DIRECTION('center_axis',(0.,0.,-1.));
#7264=DIRECTION('ref_axis',(-1.,0.,0.));
#7265=DIRECTION('center_axis',(0.,0.,1.));
#7266=DIRECTION('ref_axis',(-1.,0.,0.));
#7267=DIRECTION('center_axis',(0.,0.,-1.));
#7268=DIRECTION('ref_axis',(-1.,0.,0.));
#7269=DIRECTION('center_axis',(0.,0.,1.));
#7270=DIRECTION('ref_axis',(-1.,0.,0.));
#7271=DIRECTION('center_axis',(0.,0.,-1.));
#7272=DIRECTION('ref_axis',(-1.,0.,0.));
#7273=DIRECTION('center_axis',(0.,0.,1.));
#7274=DIRECTION('ref_axis',(-1.,0.,0.));
#7275=DIRECTION('center_axis',(0.,0.,-1.));
#7276=DIRECTION('ref_axis',(-1.,0.,0.));
#7277=DIRECTION('center_axis',(0.,0.,1.));
#7278=DIRECTION('ref_axis',(-1.,0.,0.));
#7279=DIRECTION('center_axis',(0.,0.,-1.));
#7280=DIRECTION('ref_axis',(-1.,0.,0.));
#7281=DIRECTION('center_axis',(0.,0.,1.));
#7282=DIRECTION('ref_axis',(-1.,0.,0.));
#7283=DIRECTION('center_axis',(0.,0.,-1.));
#7284=DIRECTION('ref_axis',(-1.,0.,0.));
#7285=DIRECTION('center_axis',(0.,0.,1.));
#7286=DIRECTION('ref_axis',(-1.,0.,0.));
#7287=DIRECTION('center_axis',(0.,0.,-1.));
#7288=DIRECTION('ref_axis',(-1.,0.,0.));
#7289=DIRECTION('center_axis',(0.,0.,1.));
#7290=DIRECTION('ref_axis',(-1.,0.,0.));
#7291=DIRECTION('center_axis',(0.,0.,-1.));
#7292=DIRECTION('ref_axis',(-1.,0.,0.));
#7293=DIRECTION('center_axis',(0.,0.,1.));
#7294=DIRECTION('ref_axis',(-1.,0.,0.));
#7295=DIRECTION('center_axis',(0.,0.,-1.));
#7296=DIRECTION('ref_axis',(-1.,0.,0.));
#7297=DIRECTION('center_axis',(0.,0.,1.));
#7298=DIRECTION('ref_axis',(-0.279964549520692,-0.960010339012907,0.));
#7299=DIRECTION('center_axis',(0.,0.,-1.));
#7300=DIRECTION('ref_axis',(-0.279964549520694,-0.960010339012906,0.));
#7301=DIRECTION('',(0.,0.,1.));
#7302=DIRECTION('center_axis',(0.,-1.,0.));
#7303=DIRECTION('ref_axis',(1.,0.,0.));
#7304=DIRECTION('',(-1.,0.,0.));
#7305=DIRECTION('',(0.,0.,-1.));
#7306=DIRECTION('center_axis',(0.,0.,1.));
#7307=DIRECTION('ref_axis',(0.74535599249993,-0.666666666666667,0.));
#7308=DIRECTION('center_axis',(0.,0.,-1.));
#7309=DIRECTION('ref_axis',(0.74535599249993,-0.666666666666667,0.));
#7310=DIRECTION('',(0.,0.,1.));
#7311=DIRECTION('center_axis',(0.,0.,1.));
#7312=DIRECTION('ref_axis',(0.74535599249993,0.666666666666667,0.));
#7313=DIRECTION('',(0.,0.,-1.));
#7314=DIRECTION('center_axis',(0.,0.,-1.));
#7315=DIRECTION('ref_axis',(0.74535599249993,0.666666666666667,0.));
#7316=DIRECTION('center_axis',(0.,0.,1.));
#7317=DIRECTION('ref_axis',(-0.279964549520692,0.960010339012907,0.));
#7318=DIRECTION('center_axis',(0.,0.,-1.));
#7319=DIRECTION('ref_axis',(-0.279964549520694,0.960010339012906,0.));
#7320=DIRECTION('center_axis',(-0.928665174988398,-0.324310732903892,-0.180009836639859));
#7321=DIRECTION('ref_axis',(0.370919118897596,-0.811972390147839,-0.450688190297723));
#7322=DIRECTION('center_axis',(-0.843239702023355,-0.537537724193907,0.));
#7323=DIRECTION('ref_axis',(0.,0.,-1.));
#7324=DIRECTION('center_axis',(0.958388136530484,0.285468351586698,0.));
#7325=DIRECTION('ref_axis',(0.285468351586698,-0.958388136530484,0.));
#7326=DIRECTION('center_axis',(0.,0.,1.));
#7327=DIRECTION('ref_axis',(-0.0972876399026392,0.995256306245871,0.));
#7328=DIRECTION('center_axis',(0.,0.,-1.));
#7329=DIRECTION('ref_axis',(-0.906249905239892,0.42274236746828,0.));
#7330=DIRECTION('center_axis',(-0.193624428055278,-0.907863158809244,0.371879100968537));
#7331=DIRECTION('ref_axis',(0.419266603579273,-0.419266603579268,-0.805252153208053));
#7332=DIRECTION('center_axis',(0.39710723065226,-0.91777221976027,0.));
#7333=DIRECTION('ref_axis',(0.,0.,-1.));
#7334=DIRECTION('center_axis',(0.917772219760268,-0.397107230652265,0.));
#7335=DIRECTION('ref_axis',(-0.397107230652265,-0.917772219760268,0.));
#7336=DIRECTION('center_axis',(0.,0.,1.));
#7337=DIRECTION('ref_axis',(0.699875273373701,0.71426507804882,0.));
#7338=DIRECTION('center_axis',(0.,0.,-1.));
#7339=DIRECTION('ref_axis',(-0.422742367468276,0.906249905239894,0.));
#7340=DIRECTION('center_axis',(0.,0.,-1.));
#7341=DIRECTION('ref_axis',(-0.960010339012907,0.279964549520691,0.));
#7342=DIRECTION('center_axis',(0.,0.,-1.));
#7343=DIRECTION('ref_axis',(-0.960010339012908,0.279964549520689,0.));
#7344=DIRECTION('center_axis',(-0.409940601736767,0.187265981751996,-0.892681441011383));
#7345=DIRECTION('ref_axis',(0.811972390147842,-0.370919118897591,-0.450688190297722));
#7346=DIRECTION('center_axis',(-0.285468351586697,-0.958388136530484,0.));
#7347=DIRECTION('ref_axis',(0.,0.,-1.));
#7348=DIRECTION('center_axis',(0.537537724193905,0.843239702023355,0.));
#7349=DIRECTION('ref_axis',(0.843239702023355,-0.537537724193905,0.));
#7350=DIRECTION('center_axis',(0.,0.,1.));
#7351=DIRECTION('ref_axis',(-0.666666666666671,-0.745355992499926,0.));
#7352=DIRECTION('center_axis',(0.,0.,-1.));
#7353=DIRECTION('ref_axis',(-0.666666666666664,-0.745355992499933,0.));
#7354=DIRECTION('',(0.,0.,1.));
#7355=DIRECTION('center_axis',(0.,0.,1.));
#7356=DIRECTION('ref_axis',(2.96059473233375E-16,-1.,0.));
#7357=DIRECTION('',(0.,0.,1.));
#7358=DIRECTION('center_axis',(0.,0.,1.));
#7359=DIRECTION('ref_axis',(2.96059473233375E-16,-1.,0.));
#7360=DIRECTION('',(0.,0.,1.));
#7361=DIRECTION('center_axis',(0.,0.,1.));
#7362=DIRECTION('ref_axis',(0.666666666666667,-0.74535599249993,0.));
#7363=DIRECTION('',(0.,0.,-1.));
#7364=DIRECTION('center_axis',(0.,0.,-1.));
#7365=DIRECTION('ref_axis',(0.666666666666667,-0.74535599249993,0.));
#7366=DIRECTION('center_axis',(0.,0.,1.));
#7367=DIRECTION('ref_axis',(0.960010339012921,0.279964549520644,0.));
#7368=DIRECTION('center_axis',(0.,0.,-1.));
#7369=DIRECTION('ref_axis',(0.960010339012921,0.279964549520641,0.));
#7370=DIRECTION('center_axis',(0.409940601736777,0.187265981751968,-0.892681441011384));
#7371=DIRECTION('ref_axis',(-0.811972390147869,-0.370919118897533,-0.450688190297722));
#7372=DIRECTION('center_axis',(-0.537537724193818,0.843239702023411,0.));
#7373=DIRECTION('ref_axis',(0.,0.,-1.));
#7374=DIRECTION('center_axis',(0.285468351586656,-0.958388136530496,0.));
#7375=DIRECTION('ref_axis',(-0.958388136530496,-0.285468351586656,0.));
#7376=DIRECTION('center_axis',(0.,0.,1.));
#7377=DIRECTION('ref_axis',(0.99525630624587,0.0972876399026438,0.));
#7378=DIRECTION('center_axis',(0.,0.,-1.));
#7379=DIRECTION('ref_axis',(0.42274236746831,0.906249905239878,0.));
#7380=DIRECTION('center_axis',(0.193624428055301,-0.907863158809232,0.371879100968555));
#7381=DIRECTION('ref_axis',(-0.419266603579286,-0.419266603579296,-0.805252153208032));
#7382=DIRECTION('center_axis',(-0.917772219760279,-0.397107230652238,0.));
#7383=DIRECTION('ref_axis',(0.,0.,-1.));
#7384=DIRECTION('center_axis',(-0.39710723065223,-0.917772219760282,0.));
#7385=DIRECTION('ref_axis',(-0.917772219760282,0.39710723065223,0.));
#7386=DIRECTION('center_axis',(0.,0.,1.));
#7387=DIRECTION('ref_axis',(0.71426507804883,-0.699875273373691,0.));
#7388=DIRECTION('center_axis',(0.,0.,-1.));
#7389=DIRECTION('ref_axis',(0.906249905239888,0.42274236746829,0.));
#7390=DIRECTION('center_axis',(0.,0.,-1.));
#7391=DIRECTION('ref_axis',(0.279964549520692,0.960010339012907,0.));
#7392=DIRECTION('center_axis',(0.,0.,-1.));
#7393=DIRECTION('ref_axis',(0.279964549520694,0.960010339012906,0.));
#7394=DIRECTION('',(0.,0.,1.));
#7395=DIRECTION('center_axis',(-0.928665174988395,0.324310732903901,0.180009836639859));
#7396=DIRECTION('ref_axis',(-0.370919118897604,-0.811972390147836,-0.450688190297722));
#7397=DIRECTION('center_axis',(-0.95838813653048,0.28546835158671,0.));
#7398=DIRECTION('ref_axis',(0.,0.,-1.));
#7399=DIRECTION('center_axis',(0.843239702023355,-0.537537724193907,0.));
#7400=DIRECTION('ref_axis',(-0.537537724193907,-0.843239702023355,0.));
#7401=DIRECTION('center_axis',(0.,1.,0.));
#7402=DIRECTION('ref_axis',(-1.,0.,0.));
#7403=DIRECTION('',(1.,0.,0.));
#7404=DIRECTION('',(0.,0.,-1.));
#7405=DIRECTION('center_axis',(0.,0.,1.));
#7406=DIRECTION('ref_axis',(-0.74535599249993,0.666666666666667,0.));
#7407=DIRECTION('center_axis',(0.,0.,-1.));
#7408=DIRECTION('ref_axis',(-0.74535599249993,0.666666666666667,0.));
#7409=DIRECTION('',(0.,0.,1.));
#7410=DIRECTION('center_axis',(0.,0.,1.));
#7411=DIRECTION('ref_axis',(-1.,-5.9211894646675E-16,0.));
#7412=DIRECTION('',(0.,0.,1.));
#7413=DIRECTION('center_axis',(0.,0.,1.));
#7414=DIRECTION('ref_axis',(-1.,-5.9211894646675E-16,0.));
#7415=DIRECTION('',(0.,0.,1.));
#7416=DIRECTION('center_axis',(0.,0.,1.));
#7417=DIRECTION('ref_axis',(0.279964549520697,-0.960010339012905,0.));
#7418=DIRECTION('center_axis',(0.,0.,-1.));
#7419=DIRECTION('ref_axis',(0.2799645495207,-0.960010339012904,0.));
#7420=DIRECTION('center_axis',(-0.928665174988395,-0.324310732903901,0.180009836639859));
#7421=DIRECTION('ref_axis',(-0.370919118897604,0.811972390147836,-0.450688190297722));
#7422=DIRECTION('center_axis',(0.843239702023349,0.537537724193915,0.));
#7423=DIRECTION('ref_axis',(0.,0.,-1.));
#7424=DIRECTION('center_axis',(-0.95838813653048,-0.28546835158671,0.));
#7425=DIRECTION('ref_axis',(-0.28546835158671,0.95838813653048,0.));
#7426=DIRECTION('center_axis',(0.,0.,1.));
#7427=DIRECTION('ref_axis',(0.0972876399026473,-0.99525630624587,0.));
#7428=DIRECTION('center_axis',(0.,0.,-1.));
#7429=DIRECTION('ref_axis',(0.906249905239898,-0.422742367468267,0.));
#7430=DIRECTION('center_axis',(-0.193624428055273,-0.907863158809252,-0.371879100968519));
#7431=DIRECTION('ref_axis',(-0.419266603579271,0.419266603579261,-0.805252153208057));
#7432=DIRECTION('center_axis',(-0.397107230652272,0.917772219760265,0.));
#7433=DIRECTION('ref_axis',(0.,0.,-1.));
#7434=DIRECTION('center_axis',(-0.917772219760265,0.397107230652272,0.));
#7435=DIRECTION('ref_axis',(0.397107230652272,0.917772219760265,0.));
#7436=DIRECTION('center_axis',(0.,0.,1.));
#7437=DIRECTION('ref_axis',(-0.6998752733737,-0.714265078048821,0.));
#7438=DIRECTION('center_axis',(0.,0.,-1.));
#7439=DIRECTION('ref_axis',(0.422742367468266,-0.906249905239899,0.));
#7440=DIRECTION('center_axis',(0.,0.,1.));
#7441=DIRECTION('ref_axis',(0.960010339012901,-0.27996454952071,0.));
#7442=DIRECTION('center_axis',(0.,0.,-1.));
#7443=DIRECTION('ref_axis',(0.960010339012901,-0.279964549520712,0.));
#7444=DIRECTION('center_axis',(0.409940601736758,-0.18726598175201,-0.892681441011384));
#7445=DIRECTION('ref_axis',(-0.811972390147827,0.370919118897623,-0.450688190297722));
#7446=DIRECTION('center_axis',(0.285468351586721,0.958388136530477,0.));
#7447=DIRECTION('ref_axis',(0.,0.,-1.));
#7448=DIRECTION('center_axis',(-0.537537724193936,-0.843239702023336,0.));
#7449=DIRECTION('ref_axis',(-0.843239702023336,0.537537724193936,0.));
#7450=DIRECTION('center_axis',(0.,0.,1.));
#7451=DIRECTION('ref_axis',(-1.,0.,0.));
#7452=DIRECTION('',(-1.,0.,0.));
#7453=DIRECTION('center_axis',(0.,0.,1.));
#7454=DIRECTION('ref_axis',(1.,0.,0.));
#7455=DIRECTION('',(-1.87974268719603E-16,1.,0.));
#7456=DIRECTION('',(1.,0.,0.));
#7457=DIRECTION('',(9.39871343598016E-17,-1.,0.));
#7458=DIRECTION('center_axis',(0.,0.,1.));
#7459=DIRECTION('ref_axis',(-1.,0.,0.));
#7460=DIRECTION('center_axis',(0.,0.,1.));
#7461=DIRECTION('ref_axis',(1.,0.,0.));
#7462=DIRECTION('',(0.,0.,1.));
#7463=DIRECTION('',(0.,0.,1.));
#7464=DIRECTION('',(0.,0.,-1.));
#7465=DIRECTION('center_axis',(0.,0.,1.));
#7466=DIRECTION('ref_axis',(-0.666666666666671,0.745355992499926,0.));
#7467=DIRECTION('center_axis',(0.,0.,-1.));
#7468=DIRECTION('ref_axis',(-0.666666666666664,0.745355992499933,0.));
#7469=DIRECTION('center_axis',(0.,0.,-1.));
#7470=DIRECTION('ref_axis',(-0.960010339012887,-0.279964549520759,0.));
#7471=DIRECTION('center_axis',(0.,0.,-1.));
#7472=DIRECTION('ref_axis',(-0.960010339012886,-0.279964549520764,0.));
#7473=DIRECTION('center_axis',(0.432251431142359,-0.901753126013646,-1.27972131008379E-15));
#7474=DIRECTION('ref_axis',(-2.96059473233374E-15,0.,-1.));
#7475=DIRECTION('center_axis',(0.,0.,1.));
#7476=DIRECTION('ref_axis',(-1.,0.,0.));
#7477=DIRECTION('center_axis',(0.,0.,1.));
#7478=DIRECTION('ref_axis',(-1.,0.,0.));
#7479=DIRECTION('center_axis',(-0.994003336054116,0.109349750403413,6.47480590052707E-16));
#7480=DIRECTION('ref_axis',(0.109349750403413,0.994003336054116,0.));
#7481=DIRECTION('center_axis',(0.,0.,-1.));
#7482=DIRECTION('ref_axis',(-1.,0.,0.));
#7483=DIRECTION('center_axis',(0.,0.,-1.));
#7484=DIRECTION('ref_axis',(-1.,0.,0.));
#7485=DIRECTION('',(0.,0.,-1.));
#7486=DIRECTION('center_axis',(1.,5.16960140296219E-15,0.));
#7487=DIRECTION('ref_axis',(5.16960140296219E-15,-1.,0.));
#7488=DIRECTION('',(0.,0.,-1.));
#7489=DIRECTION('',(0.,0.,-1.));
#7490=DIRECTION('center_axis',(0.,0.,-1.));
#7491=DIRECTION('ref_axis',(0.901369863013698,0.433050077994066,0.));
#7492=DIRECTION('',(0.,0.,-1.));
#7493=DIRECTION('center_axis',(-1.,-9.39871343598016E-17,0.));
#7494=DIRECTION('ref_axis',(-9.39871343598016E-17,1.,0.));
#7495=DIRECTION('',(0.,0.,-1.));
#7496=DIRECTION('center_axis',(0.,0.,-1.));
#7497=DIRECTION('ref_axis',(-0.901369863013699,-0.433050077994065,0.));
#7498=DIRECTION('center_axis',(0.,0.,-1.));
#7499=DIRECTION('ref_axis',(-1.,0.,0.));
#7500=DIRECTION('',(0.,0.,-1.));
#7501=DIRECTION('center_axis',(0.,0.,-1.));
#7502=DIRECTION('ref_axis',(-1.,0.,0.));
#7503=DIRECTION('',(0.,0.,-1.));
#7504=DIRECTION('center_axis',(0.,0.,-1.));
#7505=DIRECTION('ref_axis',(-1.,0.,0.));
#7506=DIRECTION('',(0.,0.,-1.));
#7507=DIRECTION('center_axis',(0.,0.,-1.));
#7508=DIRECTION('ref_axis',(-1.,0.,0.));
#7509=DIRECTION('',(0.,0.,-1.));
#7510=DIRECTION('center_axis',(0.,0.,-1.));
#7511=DIRECTION('ref_axis',(-1.,0.,0.));
#7512=DIRECTION('',(0.,0.,-1.));
#7513=DIRECTION('center_axis',(0.,0.,-1.));
#7514=DIRECTION('ref_axis',(-1.,0.,0.));
#7515=DIRECTION('',(0.,0.,-1.));
#7516=DIRECTION('center_axis',(0.,0.,-1.));
#7517=DIRECTION('ref_axis',(-1.,0.,0.));
#7518=DIRECTION('',(0.,0.,-1.));
#7519=DIRECTION('center_axis',(0.,0.,-1.));
#7520=DIRECTION('ref_axis',(-1.,0.,0.));
#7521=DIRECTION('',(0.,0.,-1.));
#7522=DIRECTION('center_axis',(0.,0.,-1.));
#7523=DIRECTION('ref_axis',(-1.,0.,0.));
#7524=DIRECTION('',(0.,0.,-1.));
#7525=DIRECTION('center_axis',(0.,0.,-1.));
#7526=DIRECTION('ref_axis',(-1.,0.,0.));
#7527=DIRECTION('',(0.,0.,-1.));
#7528=DIRECTION('center_axis',(0.,0.,-1.));
#7529=DIRECTION('ref_axis',(-1.,0.,0.));
#7530=DIRECTION('',(0.,0.,-1.));
#7531=DIRECTION('center_axis',(0.,0.,-1.));
#7532=DIRECTION('ref_axis',(-1.,0.,0.));
#7533=DIRECTION('',(0.,0.,-1.));
#7534=DIRECTION('center_axis',(0.,0.,1.));
#7535=DIRECTION('ref_axis',(1.,0.,0.));
#7536=DIRECTION('center_axis',(-1.,0.,0.));
#7537=DIRECTION('ref_axis',(0.,1.,0.));
#7538=DIRECTION('center_axis',(-1.,0.,0.));
#7539=DIRECTION('ref_axis',(0.,0.707106781186552,-0.707106781186543));
#7540=DIRECTION('center_axis',(-1.,0.,0.));
#7541=DIRECTION('ref_axis',(0.,1.,0.));
#7542=DIRECTION('center_axis',(0.,0.,-1.));
#7543=DIRECTION('ref_axis',(0.745355992499929,-0.666666666666667,0.));
#7544=DIRECTION('center_axis',(1.,1.87974268719603E-16,0.));
#7545=DIRECTION('ref_axis',(-1.87974268719603E-16,1.,0.));
#7546=DIRECTION('center_axis',(0.,0.,1.));
#7547=DIRECTION('ref_axis',(1.,0.,0.));
#7548=DIRECTION('center_axis',(1.,0.,0.));
#7549=DIRECTION('ref_axis',(0.,-1.,0.));
#7550=DIRECTION('center_axis',(1.,0.,0.));
#7551=DIRECTION('ref_axis',(0.,-0.707106781186552,-0.707106781186543));
#7552=DIRECTION('center_axis',(1.,0.,0.));
#7553=DIRECTION('ref_axis',(0.,-1.,0.));
#7554=DIRECTION('center_axis',(0.,0.,1.));
#7555=DIRECTION('ref_axis',(1.,0.,0.));
#7556=DIRECTION('center_axis',(0.,0.,-1.));
#7557=DIRECTION('ref_axis',(-1.,0.,0.));
#7558=DIRECTION('center_axis',(0.,0.,-1.));
#7559=DIRECTION('ref_axis',(-1.,0.,0.));
#7560=DIRECTION('center_axis',(0.,0.,1.));
#7561=DIRECTION('ref_axis',(1.,0.,0.));
#7562=DIRECTION('center_axis',(0.,1.,0.));
#7563=DIRECTION('ref_axis',(1.,0.,0.));
#7564=DIRECTION('center_axis',(0.,1.,0.));
#7565=DIRECTION('ref_axis',(0.70710678118655,0.,-0.707106781186545));
#7566=DIRECTION('center_axis',(0.,1.,0.));
#7567=DIRECTION('ref_axis',(1.,0.,0.));
#7568=DIRECTION('center_axis',(0.,0.,-1.));
#7569=DIRECTION('ref_axis',(-1.,0.,0.));
#7570=DIRECTION('center_axis',(0.,-1.,0.));
#7571=DIRECTION('ref_axis',(1.,0.,0.));
#7572=DIRECTION('center_axis',(0.,0.,1.));
#7573=DIRECTION('ref_axis',(1.,0.,0.));
#7574=DIRECTION('center_axis',(0.,1.,0.));
#7575=DIRECTION('ref_axis',(0.,0.,-1.));
#7576=DIRECTION('center_axis',(0.,-1.,0.));
#7577=DIRECTION('ref_axis',(-0.70710678118655,0.,-0.707106781186545));
#7578=DIRECTION('center_axis',(0.,1.,0.));
#7579=DIRECTION('ref_axis',(0.,0.,-1.));
#7580=DIRECTION('center_axis',(0.,0.,1.));
#7581=DIRECTION('ref_axis',(1.,0.,0.));
#7582=DIRECTION('center_axis',(0.,0.,-1.));
#7583=DIRECTION('ref_axis',(-1.,0.,0.));
#7584=DIRECTION('center_axis',(0.,0.,-1.));
#7585=DIRECTION('ref_axis',(0.906249905239887,0.422742367468291,0.));
#7586=DIRECTION('center_axis',(0.,0.,1.));
#7587=DIRECTION('ref_axis',(1.,0.,0.));
#7588=DIRECTION('center_axis',(-1.,0.,0.));
#7589=DIRECTION('ref_axis',(0.,0.,-1.));
#7590=DIRECTION('center_axis',(1.,0.,0.));
#7591=DIRECTION('ref_axis',(0.,-0.707106781186552,-0.707106781186543));
#7592=DIRECTION('center_axis',(-1.,0.,0.));
#7593=DIRECTION('ref_axis',(0.,0.,-1.));
#7594=DIRECTION('center_axis',(0.,0.,-1.));
#7595=DIRECTION('ref_axis',(-1.,0.,0.));
#7596=DIRECTION('center_axis',(-1.,-9.39871343598016E-17,0.));
#7597=DIRECTION('ref_axis',(9.39871343598016E-17,-1.,0.));
#7598=DIRECTION('center_axis',(0.,0.,1.));
#7599=DIRECTION('ref_axis',(-0.745355992499929,-0.666666666666667,0.));
#7600=DIRECTION('center_axis',(-1.,0.,0.));
#7601=DIRECTION('ref_axis',(0.,1.,0.));
#7602=DIRECTION('center_axis',(-1.,-1.77635683940025E-15,0.));
#7603=DIRECTION('ref_axis',(0.,0.707106781186552,-0.707106781186543));
#7604=DIRECTION('center_axis',(-1.,0.,0.));
#7605=DIRECTION('ref_axis',(0.,1.,0.));
#7606=DIRECTION('center_axis',(0.,0.,1.));
#7607=DIRECTION('ref_axis',(1.,0.,0.));
#7608=DIRECTION('center_axis',(0.,0.,-1.));
#7609=DIRECTION('ref_axis',(0.906249905239899,-0.422742367468266,0.));
#7610=DIRECTION('center_axis',(0.,0.,-1.));
#7611=DIRECTION('ref_axis',(-1.,0.,0.));
#7612=DIRECTION('center_axis',(0.,0.,1.));
#7613=DIRECTION('ref_axis',(1.,0.,0.));
#7614=DIRECTION('center_axis',(0.,-1.,0.));
#7615=DIRECTION('ref_axis',(-1.,0.,0.));
#7616=DIRECTION('center_axis',(0.,-1.,0.));
#7617=DIRECTION('ref_axis',(-0.70710678118655,0.,-0.707106781186545));
#7618=DIRECTION('center_axis',(5.92118946466752E-15,-1.,0.));
#7619=DIRECTION('ref_axis',(-1.,-5.92118946466752E-15,0.));
#7620=DIRECTION('center_axis',(0.,0.,-1.));
#7621=DIRECTION('ref_axis',(-1.,0.,0.));
#7622=DIRECTION('center_axis',(0.,1.,0.));
#7623=DIRECTION('ref_axis',(-1.,0.,0.));
#7624=DIRECTION('center_axis',(0.,0.,1.));
#7625=DIRECTION('ref_axis',(1.,0.,0.));
#7626=DIRECTION('center_axis',(0.,1.,0.));
#7627=DIRECTION('ref_axis',(1.,0.,0.));
#7628=DIRECTION('center_axis',(-8.8817841970012E-16,1.,0.));
#7629=DIRECTION('ref_axis',(0.70710678118655,0.,-0.707106781186545));
#7630=DIRECTION('center_axis',(0.,1.,0.));
#7631=DIRECTION('ref_axis',(1.,0.,0.));
#7632=DIRECTION('center_axis',(0.,0.,1.));
#7633=DIRECTION('ref_axis',(1.,0.,0.));
#7634=DIRECTION('center_axis',(0.,0.,-1.));
#7635=DIRECTION('ref_axis',(-1.,0.,0.));
#7636=DIRECTION('center_axis',(-1.7415263131375E-16,-1.,0.));
#7637=DIRECTION('ref_axis',(1.,-1.7415263131375E-16,0.));
#7638=CARTESIAN_POINT('',(0.,0.,0.));
#7639=CARTESIAN_POINT('Origin',(-96.9582039324993,-96.5,297.5));
#7640=CARTESIAN_POINT('',(-104.610389126921,-96.290841594323,299.489033122232));
#7641=CARTESIAN_POINT('',(-105.222410019284,-94.5,297.5));
#7642=CARTESIAN_POINT('Ctrl Pts',(-104.610389126921,-96.290841594323,299.489033122232));
#7643=CARTESIAN_POINT('Ctrl Pts',(-104.576392261426,-96.2645319109336,299.486266505945));
#7644=CARTESIAN_POINT('Ctrl Pts',(-104.544585276484,-96.2363888195733,299.482772144117));
#7645=CARTESIAN_POINT('Ctrl Pts',(-104.421665937695,-96.113469480784,299.464574830765));
#7646=CARTESIAN_POINT('Ctrl Pts',(-104.3433521851,-95.9952403781439,299.439705513101));
#7647=CARTESIAN_POINT('Ctrl Pts',(-104.243891376824,-95.745981338633,299.357066436027));
#7648=CARTESIAN_POINT('Ctrl Pts',(-104.222410019284,-95.6153084515193,299.298624173093));
#7649=CARTESIAN_POINT('Ctrl Pts',(-104.222410019284,-95.3691127507917,299.156483019005));
#7650=CARTESIAN_POINT('Ctrl Pts',(-104.24924821344,-95.2395099578661,299.06058684613));
#7651=CARTESIAN_POINT('Ctrl Pts',(-104.340478808247,-95.0130745628194,298.846595326357));
#7652=CARTESIAN_POINT('Ctrl Pts',(-104.404424216796,-94.916001355998,298.728564316228));
#7653=CARTESIAN_POINT('Ctrl Pts',(-104.568458191223,-94.7291491001705,298.45065744915));
#7654=CARTESIAN_POINT('Ctrl Pts',(-104.691740419983,-94.6403672020431,298.262922608083));
#7655=CARTESIAN_POINT('Ctrl Pts',(-104.954803093826,-94.5258512978809,297.878181861138));
#7656=CARTESIAN_POINT('Ctrl Pts',(-105.094375255485,-94.5,297.681068499419));
#7657=CARTESIAN_POINT('Ctrl Pts',(-105.222410019284,-94.5,297.5));
#7658=CARTESIAN_POINT('',(-106.332815729997,-94.5,297.5));
#7659=CARTESIAN_POINT('',(-96.9582039324993,-94.5,297.5));
#7660=CARTESIAN_POINT('',(-106.332815729997,-96.5,299.5));
#7661=CARTESIAN_POINT('Origin',(-106.332815729997,-96.5,297.5));
#7662=CARTESIAN_POINT('',(-104.868237960533,-96.5,299.5));
#7663=CARTESIAN_POINT('',(-96.9582039324993,-96.5,299.5));
#7664=CARTESIAN_POINT('Ctrl Pts',(-104.868237960533,-96.5,299.5));
#7665=CARTESIAN_POINT('Ctrl Pts',(-104.783765085575,-96.4282099276709,299.5));
#7666=CARTESIAN_POINT('Ctrl Pts',(-104.697818533877,-96.3585019501361,299.496148002316));
#7667=CARTESIAN_POINT('Ctrl Pts',(-104.610389126921,-96.290841594323,299.489033122232));
#7668=CARTESIAN_POINT('Ctrl Pts',(-106.332815729997,-94.5,297.5));
#7669=CARTESIAN_POINT('Ctrl Pts',(-107.674456516497,-94.5,297.5));
#7670=CARTESIAN_POINT('Ctrl Pts',(-108.568883707497,-95.5,297.5));
#7671=CARTESIAN_POINT('Ctrl Pts',(-109.463310898497,-96.5,297.5));
#7672=CARTESIAN_POINT('Ctrl Pts',(-109.314239699997,-97.8333333333333,297.5));
#7673=CARTESIAN_POINT('Ctrl Pts',(-106.332815729997,-94.5,299.5));
#7674=CARTESIAN_POINT('Ctrl Pts',(-107.674456516497,-94.5,299.5));
#7675=CARTESIAN_POINT('Ctrl Pts',(-108.568883707497,-95.5,299.5));
#7676=CARTESIAN_POINT('Ctrl Pts',(-109.463310898497,-96.5,299.5));
#7677=CARTESIAN_POINT('Ctrl Pts',(-109.314239699997,-97.8333333333333,299.5));
#7678=CARTESIAN_POINT('Ctrl Pts',(-106.332815729997,-96.5,299.5));
#7679=CARTESIAN_POINT('Ctrl Pts',(-106.780029325497,-96.5,299.5));
#7680=CARTESIAN_POINT('Ctrl Pts',(-107.078171722497,-96.8333333333333,299.5));
#7681=CARTESIAN_POINT('Ctrl Pts',(-107.376314119497,-97.1666666666667,299.5));
#7682=CARTESIAN_POINT('Ctrl Pts',(-107.326623719997,-97.6111111111111,299.5));
#7683=CARTESIAN_POINT('',(-109.314239699997,-97.8333333333333,297.5));
#7684=CARTESIAN_POINT('',(-107.326623719997,-97.6111111111111,299.5));
#7685=CARTESIAN_POINT('Origin',(-107.326623719997,-97.6111111111111,297.5));
#7686=CARTESIAN_POINT('Origin',(-106.332815729997,-97.5,299.5));
#7687=CARTESIAN_POINT('Origin',(-106.332815729997,-97.5,297.5));
#7688=CARTESIAN_POINT('Origin',(-79.5,-94.5,297.5));
#7689=CARTESIAN_POINT('',(-103.892661545353,-108.247656626998,299.5));
#7690=CARTESIAN_POINT('',(-107.022686171759,-99.6479846436102,299.5));
#7691=CARTESIAN_POINT('Ctrl Pts',(-103.892661545353,-108.247656626998,299.5));
#7692=CARTESIAN_POINT('Ctrl Pts',(-104.48867012699,-107.891440571523,299.5));
#7693=CARTESIAN_POINT('Ctrl Pts',(-105.064789669683,-107.431236862751,299.410390317128));
#7694=CARTESIAN_POINT('Ctrl Pts',(-106.084684929912,-106.289539711218,299.204689847903));
#7695=CARTESIAN_POINT('Ctrl Pts',(-106.561377720243,-105.579699982311,299.079948621296));
#7696=CARTESIAN_POINT('Ctrl Pts',(-107.254932492496,-103.837015612408,299.046512424628));
#7697=CARTESIAN_POINT('Ctrl Pts',(-107.379603065749,-103.035595946708,299.143743376037));
#7698=CARTESIAN_POINT('Ctrl Pts',(-107.462072363259,-101.489771131956,299.344533099902));
#7699=CARTESIAN_POINT('Ctrl Pts',(-107.333605590543,-100.582417096334,299.489104923458));
#7700=CARTESIAN_POINT('Ctrl Pts',(-107.043672635826,-99.7091279864642,299.499808305451));
#7701=CARTESIAN_POINT('Ctrl Pts',(-107.03325338981,-99.6784415675108,299.5));
#7702=CARTESIAN_POINT('Ctrl Pts',(-107.022686171759,-99.6479846436102,299.5));
#7703=CARTESIAN_POINT('Origin',(-79.5,-94.5,299.5));
#7704=CARTESIAN_POINT('',(-82.8333333333333,-124.314239699997,297.5));
#7705=CARTESIAN_POINT('Origin',(-79.5,-94.5,297.5));
#7706=CARTESIAN_POINT('',(-82.6111111111111,-122.326623719997,299.5));
#7707=CARTESIAN_POINT('Origin',(-82.6111111111111,-122.326623719997,297.5));
#7708=CARTESIAN_POINT('',(-84.6479846436103,-122.022686171759,299.5));
#7709=CARTESIAN_POINT('Origin',(-79.5,-94.5,299.5));
#7710=CARTESIAN_POINT('',(-93.2476566269984,-118.892661545353,299.5));
#7711=CARTESIAN_POINT('Ctrl Pts',(-84.6479846436103,-122.022686171759,299.5));
#7712=CARTESIAN_POINT('Ctrl Pts',(-85.303968905,-122.250283966942,299.5));
#7713=CARTESIAN_POINT('Ctrl Pts',(-86.0268279025487,-122.395803899264,299.410390317128));
#7714=CARTESIAN_POINT('Ctrl Pts',(-87.5569946976595,-122.443220212907,299.204689847903));
#7715=CARTESIAN_POINT('Ctrl Pts',(-88.4071756967454,-122.352111893409,299.079948621296));
#7716=CARTESIAN_POINT('Ctrl Pts',(-90.1879577886629,-121.763229752125,299.046512424628));
#7717=CARTESIAN_POINT('Ctrl Pts',(-90.8820175699584,-121.343590320714,299.143743376037));
#7718=CARTESIAN_POINT('Ctrl Pts',(-92.1191983219532,-120.413128430131,299.344533099902));
#7719=CARTESIAN_POINT('Ctrl Pts',(-92.7316949891244,-119.73148124107,299.489104923458));
#7720=CARTESIAN_POINT('Ctrl Pts',(-93.2143079480445,-118.948040292733,299.499808305451));
#7721=CARTESIAN_POINT('Ctrl Pts',(-93.2311177465217,-118.920333837332,299.5));
#7722=CARTESIAN_POINT('Ctrl Pts',(-93.2476566269984,-118.892661545353,299.5));
#7723=CARTESIAN_POINT('Origin',(-79.5,-94.5,299.5));
#7724=CARTESIAN_POINT('Ctrl Pts',(-82.8333333333333,-124.314239699997,297.5));
#7725=CARTESIAN_POINT('Ctrl Pts',(-81.5,-124.463310898497,297.5));
#7726=CARTESIAN_POINT('Ctrl Pts',(-80.5,-123.568883707497,297.5));
#7727=CARTESIAN_POINT('Ctrl Pts',(-79.5,-122.674456516497,297.5));
#7728=CARTESIAN_POINT('Ctrl Pts',(-79.5,-121.332815729997,297.5));
#7729=CARTESIAN_POINT('Ctrl Pts',(-82.8333333333333,-124.314239699997,299.5));
#7730=CARTESIAN_POINT('Ctrl Pts',(-81.5,-124.463310898497,299.5));
#7731=CARTESIAN_POINT('Ctrl Pts',(-80.5,-123.568883707497,299.5));
#7732=CARTESIAN_POINT('Ctrl Pts',(-79.5,-122.674456516497,299.5));
#7733=CARTESIAN_POINT('Ctrl Pts',(-79.5,-121.332815729997,299.5));
#7734=CARTESIAN_POINT('Ctrl Pts',(-82.6111111111111,-122.326623719997,299.5));
#7735=CARTESIAN_POINT('Ctrl Pts',(-82.1666666666667,-122.376314119497,299.5));
#7736=CARTESIAN_POINT('Ctrl Pts',(-81.8333333333333,-122.078171722497,299.5));
#7737=CARTESIAN_POINT('Ctrl Pts',(-81.5,-121.780029325497,299.5));
#7738=CARTESIAN_POINT('Ctrl Pts',(-81.5,-121.332815729997,299.5));
#7739=CARTESIAN_POINT('',(-79.5,-121.332815729997,297.5));
#7740=CARTESIAN_POINT('',(-81.5,-121.332815729997,299.5));
#7741=CARTESIAN_POINT('Origin',(-81.5,-121.332815729997,297.5));
#7742=CARTESIAN_POINT('Origin',(-82.5,-121.332815729997,299.5));
#7743=CARTESIAN_POINT('Origin',(-82.5,-121.332815729997,297.5));
#7744=CARTESIAN_POINT('Origin',(-81.5,-116.958203932499,297.5));
#7745=CARTESIAN_POINT('',(-81.290841594323,-119.610389126921,299.489033122232));
#7746=CARTESIAN_POINT('',(-81.5,-119.868237960533,299.5));
#7747=CARTESIAN_POINT('Ctrl Pts',(-81.290841594323,-119.610389126921,299.489033122232));
#7748=CARTESIAN_POINT('Ctrl Pts',(-81.3585119971113,-119.697831516384,299.496149058814));
#7749=CARTESIAN_POINT('Ctrl Pts',(-81.4282126217642,-119.783768255621,299.5));
#7750=CARTESIAN_POINT('Ctrl Pts',(-81.5,-119.868237960533,299.5));
#7751=CARTESIAN_POINT('',(-81.5,-116.958203932499,299.5));
#7752=CARTESIAN_POINT('',(-79.5,-120.222410019284,297.5));
#7753=CARTESIAN_POINT('',(-79.5,-116.958203932499,297.5));
#7754=CARTESIAN_POINT('Ctrl Pts',(-79.5,-120.222410019284,297.5));
#7755=CARTESIAN_POINT('Ctrl Pts',(-79.5,-120.094375255485,297.681068499419));
#7756=CARTESIAN_POINT('Ctrl Pts',(-79.5258512978809,-119.954803093826,297.878181861138));
#7757=CARTESIAN_POINT('Ctrl Pts',(-79.6403672020431,-119.691740419983,298.262922608083));
#7758=CARTESIAN_POINT('Ctrl Pts',(-79.7291491001705,-119.568458191223,298.45065744915));
#7759=CARTESIAN_POINT('Ctrl Pts',(-79.916001355998,-119.404424216796,298.728564316228));
#7760=CARTESIAN_POINT('Ctrl Pts',(-80.0130745628194,-119.340478808247,298.846595326357));
#7761=CARTESIAN_POINT('Ctrl Pts',(-80.2395099578661,-119.24924821344,299.06058684613));
#7762=CARTESIAN_POINT('Ctrl Pts',(-80.3691127507918,-119.222410019284,299.156483019005));
#7763=CARTESIAN_POINT('Ctrl Pts',(-80.6153084515193,-119.222410019284,299.298624173093));
#7764=CARTESIAN_POINT('Ctrl Pts',(-80.745981338633,-119.243891376824,299.357066436027));
#7765=CARTESIAN_POINT('Ctrl Pts',(-80.9952403781439,-119.3433521851,299.439705513101));
#7766=CARTESIAN_POINT('Ctrl Pts',(-81.113469480784,-119.421665937695,299.464574830765));
#7767=CARTESIAN_POINT('Ctrl Pts',(-81.2363888195733,-119.544585276484,299.482772144117));
#7768=CARTESIAN_POINT('Ctrl Pts',(-81.2645319109336,-119.576392261426,299.486266505945));
#7769=CARTESIAN_POINT('Ctrl Pts',(-81.290841594323,-119.610389126921,299.489033122232));
#7770=CARTESIAN_POINT('Origin',(-100.17323765729,-102.024443153165,294.5));
#7771=CARTESIAN_POINT('',(-97.6810728031342,-108.83264514339,299.5));
#7772=CARTESIAN_POINT('Origin',(-100.17323765729,-102.024443153165,299.5));
#7773=CARTESIAN_POINT('',(-97.6810728031342,-108.83264514339,294.5));
#7774=CARTESIAN_POINT('',(-97.6810728031342,-108.83264514339,294.5));
#7775=CARTESIAN_POINT('',(-104.610389126921,-96.290841594323,294.5));
#7776=CARTESIAN_POINT('Origin',(-100.17323765729,-102.024443153165,294.5));
#7777=CARTESIAN_POINT('',(-104.610389126921,-96.290841594323,294.5));
#7778=CARTESIAN_POINT('Origin',(-100.17323765729,-102.024443153165,299.5));
#7779=CARTESIAN_POINT('Origin',(-94.4164078649987,-109.416407864999,299.5));
#7780=CARTESIAN_POINT('Origin',(-87.0244431531647,-115.17323765729,299.5));
#7781=CARTESIAN_POINT('Origin',(-94.4164078649987,-109.416407864999,299.5));
#7782=CARTESIAN_POINT('',(-93.8326451433902,-112.681072803134,299.5));
#7783=CARTESIAN_POINT('Origin',(-87.0244431531647,-115.17323765729,299.5));
#7784=CARTESIAN_POINT('Origin',(-96.6498321738284,-111.649832173828,299.5));
#7785=CARTESIAN_POINT('Origin',(-87.0244431531647,-115.17323765729,294.5));
#7786=CARTESIAN_POINT('',(-81.290841594323,-119.610389126921,294.5));
#7787=CARTESIAN_POINT('',(-81.290841594323,-119.610389126921,294.5));
#7788=CARTESIAN_POINT('',(-93.8326451433902,-112.681072803134,294.5));
#7789=CARTESIAN_POINT('Origin',(-87.0244431531647,-115.17323765729,294.5));
#7790=CARTESIAN_POINT('',(-93.8326451433902,-112.681072803134,294.5));
#7791=CARTESIAN_POINT('Origin',(-80.5,-120.222410019284,294.5));
#7792=CARTESIAN_POINT('',(-79.5,-120.222410019284,294.5));
#7793=CARTESIAN_POINT('',(-79.5,-120.222410019284,294.5));
#7794=CARTESIAN_POINT('Origin',(-80.5,-120.222410019284,294.5));
#7795=CARTESIAN_POINT('Origin',(81.5,-111.958203932499,297.5));
#7796=CARTESIAN_POINT('',(81.290841594323,-119.610389126921,299.489033122232));
#7797=CARTESIAN_POINT('',(79.5,-120.222410019284,297.5));
#7798=CARTESIAN_POINT('Ctrl Pts',(81.290841594323,-119.610389126921,299.489033122232));
#7799=CARTESIAN_POINT('Ctrl Pts',(81.2645319109336,-119.576392261426,299.486266505945));
#7800=CARTESIAN_POINT('Ctrl Pts',(81.2363888195733,-119.544585276484,299.482772144117));
#7801=CARTESIAN_POINT('Ctrl Pts',(81.113469480784,-119.421665937695,299.464574830765));
#7802=CARTESIAN_POINT('Ctrl Pts',(80.9952403781439,-119.3433521851,299.439705513101));
#7803=CARTESIAN_POINT('Ctrl Pts',(80.7459813386331,-119.243891376824,299.357066436027));
#7804=CARTESIAN_POINT('Ctrl Pts',(80.6153084515194,-119.222410019284,299.298624173093));
#7805=CARTESIAN_POINT('Ctrl Pts',(80.3691127507918,-119.222410019284,299.156483019005));
#7806=CARTESIAN_POINT('Ctrl Pts',(80.2395099578662,-119.24924821344,299.06058684613));
#7807=CARTESIAN_POINT('Ctrl Pts',(80.0130745628194,-119.340478808247,298.846595326357));
#7808=CARTESIAN_POINT('Ctrl Pts',(79.916001355998,-119.404424216796,298.728564316228));
#7809=CARTESIAN_POINT('Ctrl Pts',(79.7291491001705,-119.568458191223,298.45065744915));
#7810=CARTESIAN_POINT('Ctrl Pts',(79.6403672020431,-119.691740419983,298.262922608083));
#7811=CARTESIAN_POINT('Ctrl Pts',(79.5258512978809,-119.954803093826,297.878181861138));
#7812=CARTESIAN_POINT('Ctrl Pts',(79.5,-120.094375255485,297.681068499419));
#7813=CARTESIAN_POINT('Ctrl Pts',(79.5,-120.222410019284,297.5));
#7814=CARTESIAN_POINT('',(79.5,-121.332815729997,297.5));
#7815=CARTESIAN_POINT('',(79.5,-111.958203932499,297.5));
#7816=CARTESIAN_POINT('',(81.5,-121.332815729997,299.5));
#7817=CARTESIAN_POINT('Origin',(81.5,-121.332815729997,297.5));
#7818=CARTESIAN_POINT('',(81.5,-119.868237960533,299.5));
#7819=CARTESIAN_POINT('',(81.5,-111.958203932499,299.5));
#7820=CARTESIAN_POINT('Ctrl Pts',(81.5,-119.868237960533,299.5));
#7821=CARTESIAN_POINT('Ctrl Pts',(81.4282099276709,-119.783765085575,299.5));
#7822=CARTESIAN_POINT('Ctrl Pts',(81.3585019501361,-119.697818533876,299.496148002316));
#7823=CARTESIAN_POINT('Ctrl Pts',(81.290841594323,-119.610389126921,299.489033122232));
#7824=CARTESIAN_POINT('Ctrl Pts',(79.5,-121.332815729997,297.5));
#7825=CARTESIAN_POINT('Ctrl Pts',(79.5,-122.674456516497,297.5));
#7826=CARTESIAN_POINT('Ctrl Pts',(80.5,-123.568883707497,297.5));
#7827=CARTESIAN_POINT('Ctrl Pts',(81.5,-124.463310898497,297.5));
#7828=CARTESIAN_POINT('Ctrl Pts',(82.8333333333334,-124.314239699997,297.5));
#7829=CARTESIAN_POINT('Ctrl Pts',(79.5,-121.332815729997,299.5));
#7830=CARTESIAN_POINT('Ctrl Pts',(79.5,-122.674456516497,299.5));
#7831=CARTESIAN_POINT('Ctrl Pts',(80.5,-123.568883707497,299.5));
#7832=CARTESIAN_POINT('Ctrl Pts',(81.5,-124.463310898497,299.5));
#7833=CARTESIAN_POINT('Ctrl Pts',(82.8333333333334,-124.314239699997,299.5));
#7834=CARTESIAN_POINT('Ctrl Pts',(81.5,-121.332815729997,299.5));
#7835=CARTESIAN_POINT('Ctrl Pts',(81.5,-121.780029325497,299.5));
#7836=CARTESIAN_POINT('Ctrl Pts',(81.8333333333334,-122.078171722497,299.5));
#7837=CARTESIAN_POINT('Ctrl Pts',(82.1666666666667,-122.376314119497,299.5));
#7838=CARTESIAN_POINT('Ctrl Pts',(82.6111111111111,-122.326623719997,299.5));
#7839=CARTESIAN_POINT('',(82.8333333333333,-124.314239699997,297.5));
#7840=CARTESIAN_POINT('',(82.6111111111111,-122.326623719997,299.5));
#7841=CARTESIAN_POINT('Origin',(82.6111111111111,-122.326623719997,297.5));
#7842=CARTESIAN_POINT('Origin',(82.5,-121.332815729997,299.5));
#7843=CARTESIAN_POINT('Origin',(82.5,-121.332815729997,297.5));
#7844=CARTESIAN_POINT('Origin',(79.5,-94.5,297.5));
#7845=CARTESIAN_POINT('',(93.2476566269983,-118.892661545353,299.5));
#7846=CARTESIAN_POINT('',(84.6479846436105,-122.022686171759,299.5));
#7847=CARTESIAN_POINT('Ctrl Pts',(93.2476566269983,-118.892661545353,299.5));
#7848=CARTESIAN_POINT('Ctrl Pts',(92.8914405715228,-119.48867012699,299.5));
#7849=CARTESIAN_POINT('Ctrl Pts',(92.4312368627507,-120.064789669683,299.410390317128));
#7850=CARTESIAN_POINT('Ctrl Pts',(91.2895397112179,-121.084684929912,299.204689847903));
#7851=CARTESIAN_POINT('Ctrl Pts',(90.5796999823109,-121.561377720243,299.079948621296));
#7852=CARTESIAN_POINT('Ctrl Pts',(88.8370156124073,-122.254932492497,299.046512424628));
#7853=CARTESIAN_POINT('Ctrl Pts',(88.0355959467063,-122.379603065749,299.143743376037));
#7854=CARTESIAN_POINT('Ctrl Pts',(86.4897711319559,-122.462072363259,299.344533099902));
#7855=CARTESIAN_POINT('Ctrl Pts',(85.5824170963339,-122.333605590543,299.489104923458));
#7856=CARTESIAN_POINT('Ctrl Pts',(84.7091279864639,-122.043672635825,299.499808305451));
#7857=CARTESIAN_POINT('Ctrl Pts',(84.6784415675107,-122.03325338981,299.5));
#7858=CARTESIAN_POINT('Ctrl Pts',(84.6479846436104,-122.022686171759,299.5));
#7859=CARTESIAN_POINT('Origin',(79.5,-94.5,299.5));
#7860=CARTESIAN_POINT('',(109.314239699997,-97.8333333333333,297.5));
#7861=CARTESIAN_POINT('Origin',(79.5,-94.5,297.5));
#7862=CARTESIAN_POINT('',(107.326623719997,-97.6111111111111,299.5));
#7863=CARTESIAN_POINT('Origin',(107.326623719997,-97.6111111111111,297.5));
#7864=CARTESIAN_POINT('',(107.022686171759,-99.6479846436104,299.5));
#7865=CARTESIAN_POINT('Origin',(79.5,-94.5,299.5));
#7866=CARTESIAN_POINT('',(103.892661545353,-108.247656626999,299.5));
#7867=CARTESIAN_POINT('Ctrl Pts',(107.022686171759,-99.6479846436104,299.5));
#7868=CARTESIAN_POINT('Ctrl Pts',(107.232246046698,-100.251979860999,299.5));
#7869=CARTESIAN_POINT('Ctrl Pts',(107.373333040413,-100.915614016508,299.42400734834));
#7870=CARTESIAN_POINT('Ctrl Pts',(107.455873333696,-102.421104568973,299.224175478439));
#7871=CARTESIAN_POINT('Ctrl Pts',(107.374510321308,-103.292066069439,299.090846596807));
#7872=CARTESIAN_POINT('Ctrl Pts',(106.820489159173,-105.054627542532,299.041673928836));
#7873=CARTESIAN_POINT('Ctrl Pts',(106.432478773634,-105.738839383612,299.124664167867));
#7874=CARTESIAN_POINT('Ctrl Pts',(105.766194998659,-106.66445105124,299.268262971584));
#7875=CARTESIAN_POINT('Ctrl Pts',(105.430689141853,-107.04267359325,299.342660204108));
#7876=CARTESIAN_POINT('Ctrl Pts',(104.696265561425,-107.711026676377,299.458014951598));
#7877=CARTESIAN_POINT('Ctrl Pts',(104.306814992705,-108.000129809562,299.5));
#7878=CARTESIAN_POINT('Ctrl Pts',(103.892661545353,-108.247656626999,299.5));
#7879=CARTESIAN_POINT('Origin',(79.5,-94.5,299.5));
#7880=CARTESIAN_POINT('Ctrl Pts',(109.314239699997,-97.8333333333333,297.5));
#7881=CARTESIAN_POINT('Ctrl Pts',(109.463310898497,-96.5,297.5));
#7882=CARTESIAN_POINT('Ctrl Pts',(108.568883707497,-95.5,297.5));
#7883=CARTESIAN_POINT('Ctrl Pts',(107.674456516497,-94.5,297.5));
#7884=CARTESIAN_POINT('Ctrl Pts',(106.332815729997,-94.5,297.5));
#7885=CARTESIAN_POINT('Ctrl Pts',(109.314239699997,-97.8333333333333,299.5));
#7886=CARTESIAN_POINT('Ctrl Pts',(109.463310898497,-96.5,299.5));
#7887=CARTESIAN_POINT('Ctrl Pts',(108.568883707497,-95.5,299.5));
#7888=CARTESIAN_POINT('Ctrl Pts',(107.674456516497,-94.5,299.5));
#7889=CARTESIAN_POINT('Ctrl Pts',(106.332815729997,-94.5,299.5));
#7890=CARTESIAN_POINT('Ctrl Pts',(107.326623719997,-97.6111111111111,299.5));
#7891=CARTESIAN_POINT('Ctrl Pts',(107.376314119497,-97.1666666666667,299.5));
#7892=CARTESIAN_POINT('Ctrl Pts',(107.078171722497,-96.8333333333333,299.5));
#7893=CARTESIAN_POINT('Ctrl Pts',(106.780029325497,-96.5,299.5));
#7894=CARTESIAN_POINT('Ctrl Pts',(106.332815729997,-96.5,299.5));
#7895=CARTESIAN_POINT('',(106.332815729997,-94.5,297.5));
#7896=CARTESIAN_POINT('',(106.332815729997,-96.5,299.5));
#7897=CARTESIAN_POINT('Origin',(106.332815729997,-96.5,297.5));
#7898=CARTESIAN_POINT('Origin',(106.332815729997,-97.5,299.5));
#7899=CARTESIAN_POINT('Origin',(106.332815729997,-97.5,297.5));
#7900=CARTESIAN_POINT('Origin',(101.958203932499,-96.5,297.5));
#7901=CARTESIAN_POINT('',(104.610389126921,-96.290841594323,299.489033122232));
#7902=CARTESIAN_POINT('',(104.868237960533,-96.5,299.5));
#7903=CARTESIAN_POINT('Ctrl Pts',(104.610389126921,-96.290841594323,299.489033122232));
#7904=CARTESIAN_POINT('Ctrl Pts',(104.697831516384,-96.3585119971113,299.496149058814));
#7905=CARTESIAN_POINT('Ctrl Pts',(104.783768255621,-96.4282126217642,299.5));
#7906=CARTESIAN_POINT('Ctrl Pts',(104.868237960533,-96.5,299.5));
#7907=CARTESIAN_POINT('',(101.958203932499,-96.5,299.5));
#7908=CARTESIAN_POINT('',(105.222410019284,-94.5,297.5));
#7909=CARTESIAN_POINT('',(101.958203932499,-94.5,297.5));
#7910=CARTESIAN_POINT('Ctrl Pts',(105.222410019284,-94.5,297.5));
#7911=CARTESIAN_POINT('Ctrl Pts',(105.094375255485,-94.5,297.681068499419));
#7912=CARTESIAN_POINT('Ctrl Pts',(104.954803093826,-94.5258512978809,297.878181861138));
#7913=CARTESIAN_POINT('Ctrl Pts',(104.691740419983,-94.6403672020431,298.262922608083));
#7914=CARTESIAN_POINT('Ctrl Pts',(104.568458191223,-94.7291491001705,298.45065744915));
#7915=CARTESIAN_POINT('Ctrl Pts',(104.404424216796,-94.916001355998,298.728564316228));
#7916=CARTESIAN_POINT('Ctrl Pts',(104.340478808247,-95.0130745628194,298.846595326357));
#7917=CARTESIAN_POINT('Ctrl Pts',(104.24924821344,-95.2395099578662,299.06058684613));
#7918=CARTESIAN_POINT('Ctrl Pts',(104.222410019284,-95.3691127507917,299.156483019005));
#7919=CARTESIAN_POINT('Ctrl Pts',(104.222410019284,-95.6153084515193,299.298624173093));
#7920=CARTESIAN_POINT('Ctrl Pts',(104.243891376824,-95.745981338633,299.357066436027));
#7921=CARTESIAN_POINT('Ctrl Pts',(104.3433521851,-95.9952403781439,299.439705513101));
#7922=CARTESIAN_POINT('Ctrl Pts',(104.421665937695,-96.113469480784,299.464574830765));
#7923=CARTESIAN_POINT('Ctrl Pts',(104.544585276484,-96.2363888195733,299.482772144117));
#7924=CARTESIAN_POINT('Ctrl Pts',(104.576392261426,-96.2645319109336,299.486266505945));
#7925=CARTESIAN_POINT('Ctrl Pts',(104.610389126921,-96.290841594323,299.489033122232));
#7926=CARTESIAN_POINT('Origin',(87.0244431531647,-115.17323765729,294.5));
#7927=CARTESIAN_POINT('',(93.8326451433903,-112.681072803134,299.5));
#7928=CARTESIAN_POINT('Origin',(87.0244431531647,-115.17323765729,299.5));
#7929=CARTESIAN_POINT('',(93.8326451433903,-112.681072803134,294.5));
#7930=CARTESIAN_POINT('',(93.8326451433903,-112.681072803134,294.5));
#7931=CARTESIAN_POINT('',(81.290841594323,-119.610389126921,294.5));
#7932=CARTESIAN_POINT('Origin',(87.0244431531647,-115.17323765729,294.5));
#7933=CARTESIAN_POINT('',(81.290841594323,-119.610389126921,294.5));
#7934=CARTESIAN_POINT('Origin',(87.0244431531647,-115.17323765729,299.5));
#7935=CARTESIAN_POINT('Origin',(94.4164078649987,-109.416407864999,299.5));
#7936=CARTESIAN_POINT('Origin',(100.17323765729,-102.024443153165,299.5));
#7937=CARTESIAN_POINT('Origin',(94.4164078649987,-109.416407864999,299.5));
#7938=CARTESIAN_POINT('',(97.6810728031342,-108.83264514339,299.5));
#7939=CARTESIAN_POINT('Origin',(100.17323765729,-102.024443153165,299.5));
#7940=CARTESIAN_POINT('Origin',(96.6498321738285,-111.649832173829,299.5));
#7941=CARTESIAN_POINT('Origin',(100.17323765729,-102.024443153165,294.5));
#7942=CARTESIAN_POINT('',(104.610389126921,-96.290841594323,294.5));
#7943=CARTESIAN_POINT('',(104.610389126921,-96.290841594323,294.5));
#7944=CARTESIAN_POINT('',(97.6810728031342,-108.83264514339,294.5));
#7945=CARTESIAN_POINT('Origin',(100.17323765729,-102.024443153165,294.5));
#7946=CARTESIAN_POINT('',(97.6810728031342,-108.83264514339,294.5));
#7947=CARTESIAN_POINT('Origin',(105.222410019284,-95.5,294.5));
#7948=CARTESIAN_POINT('',(105.222410019284,-94.5,294.5));
#7949=CARTESIAN_POINT('',(105.222410019284,-94.5,294.5));
#7950=CARTESIAN_POINT('Origin',(105.222410019284,-95.5,294.5));
#7951=CARTESIAN_POINT('Origin',(96.9582039324993,96.5,297.5));
#7952=CARTESIAN_POINT('',(104.610389126921,96.290841594323,299.489033122232));
#7953=CARTESIAN_POINT('',(105.222410019284,94.5,297.5));
#7954=CARTESIAN_POINT('Ctrl Pts',(104.610389126921,96.290841594323,299.489033122232));
#7955=CARTESIAN_POINT('Ctrl Pts',(104.576392261426,96.2645319109336,299.486266505945));
#7956=CARTESIAN_POINT('Ctrl Pts',(104.544585276484,96.2363888195733,299.482772144117));
#7957=CARTESIAN_POINT('Ctrl Pts',(104.421665937695,96.113469480784,299.464574830765));
#7958=CARTESIAN_POINT('Ctrl Pts',(104.3433521851,95.9952403781439,299.439705513101));
#7959=CARTESIAN_POINT('Ctrl Pts',(104.243891376824,95.745981338633,299.357066436027));
#7960=CARTESIAN_POINT('Ctrl Pts',(104.222410019284,95.6153084515193,299.298624173093));
#7961=CARTESIAN_POINT('Ctrl Pts',(104.222410019284,95.3691127507917,299.156483019005));
#7962=CARTESIAN_POINT('Ctrl Pts',(104.24924821344,95.2395099578662,299.06058684613));
#7963=CARTESIAN_POINT('Ctrl Pts',(104.340478808247,95.0130745628194,298.846595326357));
#7964=CARTESIAN_POINT('Ctrl Pts',(104.404424216796,94.916001355998,298.728564316228));
#7965=CARTESIAN_POINT('Ctrl Pts',(104.568458191223,94.7291491001705,298.45065744915));
#7966=CARTESIAN_POINT('Ctrl Pts',(104.691740419983,94.6403672020431,298.262922608083));
#7967=CARTESIAN_POINT('Ctrl Pts',(104.954803093826,94.5258512978809,297.878181861138));
#7968=CARTESIAN_POINT('Ctrl Pts',(105.094375255485,94.5,297.681068499419));
#7969=CARTESIAN_POINT('Ctrl Pts',(105.222410019284,94.5,297.5));
#7970=CARTESIAN_POINT('',(106.332815729997,94.5,297.5));
#7971=CARTESIAN_POINT('',(96.9582039324993,94.5,297.5));
#7972=CARTESIAN_POINT('',(106.332815729997,96.5,299.5));
#7973=CARTESIAN_POINT('Origin',(106.332815729997,96.5,297.5));
#7974=CARTESIAN_POINT('',(104.868237960533,96.5,299.5));
#7975=CARTESIAN_POINT('',(96.9582039324993,96.5,299.5));
#7976=CARTESIAN_POINT('Ctrl Pts',(104.868237960533,96.5,299.5));
#7977=CARTESIAN_POINT('Ctrl Pts',(104.783765085575,96.4282099276708,299.5));
#7978=CARTESIAN_POINT('Ctrl Pts',(104.697818533877,96.3585019501361,299.496148002316));
#7979=CARTESIAN_POINT('Ctrl Pts',(104.610389126921,96.290841594323,299.489033122232));
#7980=CARTESIAN_POINT('Ctrl Pts',(106.332815729997,94.5,297.5));
#7981=CARTESIAN_POINT('Ctrl Pts',(107.674456516497,94.5,297.5));
#7982=CARTESIAN_POINT('Ctrl Pts',(108.568883707497,95.5,297.5));
#7983=CARTESIAN_POINT('Ctrl Pts',(109.463310898497,96.5,297.5));
#7984=CARTESIAN_POINT('Ctrl Pts',(109.314239699997,97.8333333333333,297.5));
#7985=CARTESIAN_POINT('Ctrl Pts',(106.332815729997,94.5,299.5));
#7986=CARTESIAN_POINT('Ctrl Pts',(107.674456516497,94.5,299.5));
#7987=CARTESIAN_POINT('Ctrl Pts',(108.568883707497,95.5,299.5));
#7988=CARTESIAN_POINT('Ctrl Pts',(109.463310898497,96.5,299.5));
#7989=CARTESIAN_POINT('Ctrl Pts',(109.314239699997,97.8333333333333,299.5));
#7990=CARTESIAN_POINT('Ctrl Pts',(106.332815729997,96.5,299.5));
#7991=CARTESIAN_POINT('Ctrl Pts',(106.780029325497,96.5,299.5));
#7992=CARTESIAN_POINT('Ctrl Pts',(107.078171722497,96.8333333333333,299.5));
#7993=CARTESIAN_POINT('Ctrl Pts',(107.376314119497,97.1666666666667,299.5));
#7994=CARTESIAN_POINT('Ctrl Pts',(107.326623719997,97.6111111111111,299.5));
#7995=CARTESIAN_POINT('',(109.314239699997,97.8333333333333,297.5));
#7996=CARTESIAN_POINT('',(107.326623719997,97.6111111111111,299.5));
#7997=CARTESIAN_POINT('Origin',(107.326623719997,97.6111111111111,297.5));
#7998=CARTESIAN_POINT('Origin',(106.332815729997,97.5,299.5));
#7999=CARTESIAN_POINT('Origin',(106.332815729997,97.5,297.5));
#8000=CARTESIAN_POINT('Origin',(79.5,94.5,297.5));
#8001=CARTESIAN_POINT('',(103.892661545353,108.247656626999,299.5));
#8002=CARTESIAN_POINT('',(107.022686171759,99.6479846436102,299.5));
#8003=CARTESIAN_POINT('Ctrl Pts',(103.892661545353,108.247656626999,299.5));
#8004=CARTESIAN_POINT('Ctrl Pts',(104.441434365097,107.919671938146,299.5));
#8005=CARTESIAN_POINT('Ctrl Pts',(104.976089085154,107.501987652503,299.42400734834));
#8006=CARTESIAN_POINT('Ctrl Pts',(106.007029291783,106.401770858439,299.224175478439));
#8007=CARTESIAN_POINT('Ctrl Pts',(106.504544869281,105.682276504588,299.090846596807));
#8008=CARTESIAN_POINT('Ctrl Pts',(107.213092712872,103.975958143946,299.041673928836));
#8009=CARTESIAN_POINT('Ctrl Pts',(107.355662407005,103.202413196916,299.124664167867));
#8010=CARTESIAN_POINT('Ctrl Pts',(107.440231134978,102.065074567355,299.268262971584));
#8011=CARTESIAN_POINT('Ctrl Pts',(107.426335501446,101.559680283053,299.342660204108));
#8012=CARTESIAN_POINT('Ctrl Pts',(107.293343479493,100.575613739921,299.458014951598));
#8013=CARTESIAN_POINT('Ctrl Pts',(107.180838947389,100.103813891098,299.5));
#8014=CARTESIAN_POINT('Ctrl Pts',(107.022686171759,99.6479846436102,299.5));
#8015=CARTESIAN_POINT('Origin',(79.5,94.5,299.5));
#8016=CARTESIAN_POINT('',(82.8333333333333,124.314239699997,297.5));
#8017=CARTESIAN_POINT('Origin',(79.5,94.5,297.5));
#8018=CARTESIAN_POINT('',(82.6111111111111,122.326623719997,299.5));
#8019=CARTESIAN_POINT('Origin',(82.6111111111111,122.326623719997,297.5));
#8020=CARTESIAN_POINT('',(84.6479846436102,122.022686171759,299.5));
#8021=CARTESIAN_POINT('Origin',(79.5,94.5,299.5));
#8022=CARTESIAN_POINT('',(93.2476566269986,118.892661545353,299.5));
#8023=CARTESIAN_POINT('Ctrl Pts',(84.6479846436102,122.022686171759,299.5));
#8024=CARTESIAN_POINT('Ctrl Pts',(85.3039689049996,122.250283966942,299.5));
#8025=CARTESIAN_POINT('Ctrl Pts',(86.0268279025482,122.395803899264,299.410390317128));
#8026=CARTESIAN_POINT('Ctrl Pts',(87.5569946976594,122.443220212907,299.204689847903));
#8027=CARTESIAN_POINT('Ctrl Pts',(88.4071756967453,122.352111893409,299.079948621296));
#8028=CARTESIAN_POINT('Ctrl Pts',(90.1879577886628,121.763229752125,299.046512424628));
#8029=CARTESIAN_POINT('Ctrl Pts',(90.8820175699581,121.343590320714,299.143743376037));
#8030=CARTESIAN_POINT('Ctrl Pts',(92.1191983219533,120.413128430131,299.344533099902));
#8031=CARTESIAN_POINT('Ctrl Pts',(92.7316949891244,119.73148124107,299.489104923458));
#8032=CARTESIAN_POINT('Ctrl Pts',(93.2143079480444,118.948040292733,299.499808305451));
#8033=CARTESIAN_POINT('Ctrl Pts',(93.2311177465217,118.920333837332,299.5));
#8034=CARTESIAN_POINT('Ctrl Pts',(93.2476566269985,118.892661545353,299.5));
#8035=CARTESIAN_POINT('Origin',(79.5,94.5,299.5));
#8036=CARTESIAN_POINT('Ctrl Pts',(82.8333333333334,124.314239699997,297.5));
#8037=CARTESIAN_POINT('Ctrl Pts',(81.5,124.463310898497,297.5));
#8038=CARTESIAN_POINT('Ctrl Pts',(80.5,123.568883707497,297.5));
#8039=CARTESIAN_POINT('Ctrl Pts',(79.5,122.674456516497,297.5));
#8040=CARTESIAN_POINT('Ctrl Pts',(79.5,121.332815729997,297.5));
#8041=CARTESIAN_POINT('Ctrl Pts',(82.8333333333334,124.314239699997,299.5));
#8042=CARTESIAN_POINT('Ctrl Pts',(81.5,124.463310898497,299.5));
#8043=CARTESIAN_POINT('Ctrl Pts',(80.5,123.568883707497,299.5));
#8044=CARTESIAN_POINT('Ctrl Pts',(79.5,122.674456516497,299.5));
#8045=CARTESIAN_POINT('Ctrl Pts',(79.5,121.332815729997,299.5));
#8046=CARTESIAN_POINT('Ctrl Pts',(82.6111111111111,122.326623719997,299.5));
#8047=CARTESIAN_POINT('Ctrl Pts',(82.1666666666667,122.376314119497,299.5));
#8048=CARTESIAN_POINT('Ctrl Pts',(81.8333333333334,122.078171722497,299.5));
#8049=CARTESIAN_POINT('Ctrl Pts',(81.5,121.780029325497,299.5));
#8050=CARTESIAN_POINT('Ctrl Pts',(81.5,121.332815729997,299.5));
#8051=CARTESIAN_POINT('',(79.5,121.332815729997,297.5));
#8052=CARTESIAN_POINT('',(81.5,121.332815729997,299.5));
#8053=CARTESIAN_POINT('Origin',(81.5,121.332815729997,297.5));
#8054=CARTESIAN_POINT('Origin',(82.5,121.332815729997,299.5));
#8055=CARTESIAN_POINT('Origin',(82.5,121.332815729997,297.5));
#8056=CARTESIAN_POINT('Origin',(81.5,116.958203932499,297.5));
#8057=CARTESIAN_POINT('',(81.290841594323,119.610389126921,299.489033122232));
#8058=CARTESIAN_POINT('',(81.5,119.868237960533,299.5));
#8059=CARTESIAN_POINT('Ctrl Pts',(81.290841594323,119.610389126921,299.489033122232));
#8060=CARTESIAN_POINT('Ctrl Pts',(81.3585119971113,119.697831516384,299.496149058814));
#8061=CARTESIAN_POINT('Ctrl Pts',(81.4282126217642,119.783768255621,299.5));
#8062=CARTESIAN_POINT('Ctrl Pts',(81.5,119.868237960533,299.5));
#8063=CARTESIAN_POINT('',(81.5,116.958203932499,299.5));
#8064=CARTESIAN_POINT('',(79.5,120.222410019284,297.5));
#8065=CARTESIAN_POINT('',(79.5,116.958203932499,297.5));
#8066=CARTESIAN_POINT('Ctrl Pts',(79.5,120.222410019284,297.5));
#8067=CARTESIAN_POINT('Ctrl Pts',(79.5,120.094375255485,297.681068499419));
#8068=CARTESIAN_POINT('Ctrl Pts',(79.5258512978809,119.954803093826,297.878181861138));
#8069=CARTESIAN_POINT('Ctrl Pts',(79.6403672020431,119.691740419983,298.262922608083));
#8070=CARTESIAN_POINT('Ctrl Pts',(79.7291491001705,119.568458191223,298.45065744915));
#8071=CARTESIAN_POINT('Ctrl Pts',(79.916001355998,119.404424216796,298.728564316228));
#8072=CARTESIAN_POINT('Ctrl Pts',(80.0130745628194,119.340478808247,298.846595326357));
#8073=CARTESIAN_POINT('Ctrl Pts',(80.2395099578661,119.24924821344,299.06058684613));
#8074=CARTESIAN_POINT('Ctrl Pts',(80.3691127507918,119.222410019284,299.156483019005));
#8075=CARTESIAN_POINT('Ctrl Pts',(80.6153084515194,119.222410019284,299.298624173093));
#8076=CARTESIAN_POINT('Ctrl Pts',(80.7459813386331,119.243891376824,299.357066436027));
#8077=CARTESIAN_POINT('Ctrl Pts',(80.9952403781439,119.3433521851,299.439705513101));
#8078=CARTESIAN_POINT('Ctrl Pts',(81.113469480784,119.421665937695,299.464574830765));
#8079=CARTESIAN_POINT('Ctrl Pts',(81.2363888195733,119.544585276484,299.482772144117));
#8080=CARTESIAN_POINT('Ctrl Pts',(81.2645319109336,119.576392261426,299.486266505945));
#8081=CARTESIAN_POINT('Ctrl Pts',(81.290841594323,119.610389126921,299.489033122232));
#8082=CARTESIAN_POINT('Origin',(100.17323765729,102.024443153165,294.5));
#8083=CARTESIAN_POINT('',(97.6810728031343,108.83264514339,299.5));
#8084=CARTESIAN_POINT('Origin',(100.17323765729,102.024443153165,299.5));
#8085=CARTESIAN_POINT('',(97.6810728031343,108.83264514339,294.5));
#8086=CARTESIAN_POINT('',(97.6810728031343,108.83264514339,294.5));
#8087=CARTESIAN_POINT('',(104.610389126921,96.290841594323,294.5));
#8088=CARTESIAN_POINT('Origin',(100.17323765729,102.024443153165,294.5));
#8089=CARTESIAN_POINT('',(104.610389126921,96.290841594323,294.5));
#8090=CARTESIAN_POINT('Origin',(100.17323765729,102.024443153165,299.5));
#8091=CARTESIAN_POINT('Origin',(94.4164078649987,109.416407864999,299.5));
#8092=CARTESIAN_POINT('Origin',(87.0244431531648,115.17323765729,299.5));
#8093=CARTESIAN_POINT('Origin',(94.4164078649987,109.416407864999,299.5));
#8094=CARTESIAN_POINT('',(93.8326451433903,112.681072803134,299.5));
#8095=CARTESIAN_POINT('Origin',(87.0244431531648,115.17323765729,299.5));
#8096=CARTESIAN_POINT('Origin',(96.6498321738284,111.649832173828,299.5));
#8097=CARTESIAN_POINT('Origin',(87.0244431531648,115.17323765729,294.5));
#8098=CARTESIAN_POINT('',(81.290841594323,119.610389126921,294.5));
#8099=CARTESIAN_POINT('',(81.290841594323,119.610389126921,294.5));
#8100=CARTESIAN_POINT('',(93.8326451433903,112.681072803134,294.5));
#8101=CARTESIAN_POINT('Origin',(87.0244431531648,115.17323765729,294.5));
#8102=CARTESIAN_POINT('',(93.8326451433903,112.681072803134,294.5));
#8103=CARTESIAN_POINT('Origin',(80.5,120.222410019284,294.5));
#8104=CARTESIAN_POINT('',(79.5,120.222410019284,294.5));
#8105=CARTESIAN_POINT('',(79.5,120.222410019284,294.5));
#8106=CARTESIAN_POINT('Origin',(80.5,120.222410019284,294.5));
#8107=CARTESIAN_POINT('Ctrl Pts',(-79.5,121.332815729997,297.5));
#8108=CARTESIAN_POINT('Ctrl Pts',(-79.5,122.674456516497,297.5));
#8109=CARTESIAN_POINT('Ctrl Pts',(-80.5,123.568883707497,297.5));
#8110=CARTESIAN_POINT('Ctrl Pts',(-81.5,124.463310898497,297.5));
#8111=CARTESIAN_POINT('Ctrl Pts',(-82.8333333333333,124.314239699997,297.5));
#8112=CARTESIAN_POINT('Ctrl Pts',(-79.5,121.332815729997,299.5));
#8113=CARTESIAN_POINT('Ctrl Pts',(-79.5,122.674456516497,299.5));
#8114=CARTESIAN_POINT('Ctrl Pts',(-80.5,123.568883707497,299.5));
#8115=CARTESIAN_POINT('Ctrl Pts',(-81.5,124.463310898497,299.5));
#8116=CARTESIAN_POINT('Ctrl Pts',(-82.8333333333333,124.314239699997,299.5));
#8117=CARTESIAN_POINT('Ctrl Pts',(-81.5,121.332815729997,299.5));
#8118=CARTESIAN_POINT('Ctrl Pts',(-81.5,121.780029325497,299.5));
#8119=CARTESIAN_POINT('Ctrl Pts',(-81.8333333333333,122.078171722497,299.5));
#8120=CARTESIAN_POINT('Ctrl Pts',(-82.1666666666667,122.376314119497,299.5));
#8121=CARTESIAN_POINT('Ctrl Pts',(-82.6111111111111,122.326623719997,299.5));
#8122=CARTESIAN_POINT('',(-81.5,121.332815729997,299.5));
#8123=CARTESIAN_POINT('',(-79.5,121.332815729997,297.5));
#8124=CARTESIAN_POINT('Origin',(-81.5,121.332815729997,297.5));
#8125=CARTESIAN_POINT('',(-82.8333333333333,124.314239699997,297.5));
#8126=CARTESIAN_POINT('Origin',(-82.5,121.332815729997,297.5));
#8127=CARTESIAN_POINT('',(-82.6111111111111,122.326623719997,299.5));
#8128=CARTESIAN_POINT('Origin',(-82.6111111111111,122.326623719997,297.5));
#8129=CARTESIAN_POINT('Origin',(-82.5,121.332815729997,299.5));
#8130=CARTESIAN_POINT('Origin',(-79.5,94.5,297.5));
#8131=CARTESIAN_POINT('',(-93.2476566269983,118.892661545353,299.5));
#8132=CARTESIAN_POINT('',(-84.6479846436103,122.022686171759,299.5));
#8133=CARTESIAN_POINT('Ctrl Pts',(-93.2476566269983,118.892661545353,299.5));
#8134=CARTESIAN_POINT('Ctrl Pts',(-92.8914405715224,119.488670126991,299.5));
#8135=CARTESIAN_POINT('Ctrl Pts',(-92.43123686275,120.064789669683,299.410390317128));
#8136=CARTESIAN_POINT('Ctrl Pts',(-91.2895397112181,121.084684929912,299.204689847903));
#8137=CARTESIAN_POINT('Ctrl Pts',(-90.5796999823107,121.561377720243,299.079948621296));
#8138=CARTESIAN_POINT('Ctrl Pts',(-88.8370156124082,122.254932492496,299.046512424628));
#8139=CARTESIAN_POINT('Ctrl Pts',(-88.0355959467082,122.379603065749,299.143743376037));
#8140=CARTESIAN_POINT('Ctrl Pts',(-86.4897711319557,122.462072363259,299.344533099902));
#8141=CARTESIAN_POINT('Ctrl Pts',(-85.5824170963338,122.333605590543,299.489104923458));
#8142=CARTESIAN_POINT('Ctrl Pts',(-84.7091279864641,122.043672635826,299.499808305451));
#8143=CARTESIAN_POINT('Ctrl Pts',(-84.6784415675108,122.03325338981,299.5));
#8144=CARTESIAN_POINT('Ctrl Pts',(-84.6479846436103,122.022686171759,299.5));
#8145=CARTESIAN_POINT('Origin',(-79.5,94.5,299.5));
#8146=CARTESIAN_POINT('',(-109.314239699997,97.8333333333333,297.5));
#8147=CARTESIAN_POINT('Origin',(-79.5,94.5,297.5));
#8148=CARTESIAN_POINT('',(-107.326623719997,97.6111111111111,299.5));
#8149=CARTESIAN_POINT('Origin',(-107.326623719997,97.6111111111111,297.5));
#8150=CARTESIAN_POINT('',(-107.022686171759,99.6479846436103,299.5));
#8151=CARTESIAN_POINT('Origin',(-79.5,94.5,299.5));
#8152=CARTESIAN_POINT('',(-103.892661545353,108.247656626998,299.5));
#8153=CARTESIAN_POINT('Ctrl Pts',(-107.022686171759,99.6479846436103,299.5));
#8154=CARTESIAN_POINT('Ctrl Pts',(-107.250283966942,100.303968905,299.5));
#8155=CARTESIAN_POINT('Ctrl Pts',(-107.395803899264,101.026827902549,299.410390317128));
#8156=CARTESIAN_POINT('Ctrl Pts',(-107.443220212907,102.556994697659,299.204689847903));
#8157=CARTESIAN_POINT('Ctrl Pts',(-107.35211189341,103.407175696745,299.079948621296));
#8158=CARTESIAN_POINT('Ctrl Pts',(-106.763229752125,105.187957788663,299.046512424628));
#8159=CARTESIAN_POINT('Ctrl Pts',(-106.343590320714,105.882017569958,299.143743376037));
#8160=CARTESIAN_POINT('Ctrl Pts',(-105.413128430131,107.119198321953,299.344533099902));
#8161=CARTESIAN_POINT('Ctrl Pts',(-104.73148124107,107.731694989124,299.489104923458));
#8162=CARTESIAN_POINT('Ctrl Pts',(-103.948040292733,108.214307948044,299.499808305451));
#8163=CARTESIAN_POINT('Ctrl Pts',(-103.920333837332,108.231117746522,299.5));
#8164=CARTESIAN_POINT('Ctrl Pts',(-103.892661545353,108.247656626998,299.5));
#8165=CARTESIAN_POINT('Origin',(-79.5,94.5,299.5));
#8166=CARTESIAN_POINT('Ctrl Pts',(-109.314239699997,97.8333333333333,297.5));
#8167=CARTESIAN_POINT('Ctrl Pts',(-109.463310898497,96.5,297.5));
#8168=CARTESIAN_POINT('Ctrl Pts',(-108.568883707497,95.5,297.5));
#8169=CARTESIAN_POINT('Ctrl Pts',(-107.674456516497,94.5,297.5));
#8170=CARTESIAN_POINT('Ctrl Pts',(-106.332815729997,94.5,297.5));
#8171=CARTESIAN_POINT('Ctrl Pts',(-109.314239699997,97.8333333333333,299.5));
#8172=CARTESIAN_POINT('Ctrl Pts',(-109.463310898497,96.5,299.5));
#8173=CARTESIAN_POINT('Ctrl Pts',(-108.568883707497,95.5,299.5));
#8174=CARTESIAN_POINT('Ctrl Pts',(-107.674456516497,94.5,299.5));
#8175=CARTESIAN_POINT('Ctrl Pts',(-106.332815729997,94.5,299.5));
#8176=CARTESIAN_POINT('Ctrl Pts',(-107.326623719997,97.6111111111111,299.5));
#8177=CARTESIAN_POINT('Ctrl Pts',(-107.376314119497,97.1666666666667,299.5));
#8178=CARTESIAN_POINT('Ctrl Pts',(-107.078171722497,96.8333333333333,299.5));
#8179=CARTESIAN_POINT('Ctrl Pts',(-106.780029325497,96.5,299.5));
#8180=CARTESIAN_POINT('Ctrl Pts',(-106.332815729997,96.5,299.5));
#8181=CARTESIAN_POINT('',(-106.332815729997,94.5,297.5));
#8182=CARTESIAN_POINT('',(-106.332815729997,96.5,299.5));
#8183=CARTESIAN_POINT('Origin',(-106.332815729997,96.5,297.5));
#8184=CARTESIAN_POINT('Origin',(-106.332815729997,97.5,299.5));
#8185=CARTESIAN_POINT('Origin',(-106.332815729997,97.5,297.5));
#8186=CARTESIAN_POINT('Origin',(-101.958203932499,96.5,297.5));
#8187=CARTESIAN_POINT('',(-104.610389126921,96.290841594323,299.489033122232));
#8188=CARTESIAN_POINT('',(-104.868237960533,96.5,299.5));
#8189=CARTESIAN_POINT('Ctrl Pts',(-104.610389126921,96.290841594323,299.489033122232));
#8190=CARTESIAN_POINT('Ctrl Pts',(-104.697831516384,96.3585119971113,299.496149058814));
#8191=CARTESIAN_POINT('Ctrl Pts',(-104.783768255621,96.4282126217642,299.5));
#8192=CARTESIAN_POINT('Ctrl Pts',(-104.868237960533,96.5,299.5));
#8193=CARTESIAN_POINT('',(-101.958203932499,96.5,299.5));
#8194=CARTESIAN_POINT('',(-105.222410019284,94.5,297.5));
#8195=CARTESIAN_POINT('',(-101.958203932499,94.5,297.5));
#8196=CARTESIAN_POINT('Ctrl Pts',(-105.222410019284,94.5,297.5));
#8197=CARTESIAN_POINT('Ctrl Pts',(-105.094375255485,94.5,297.681068499419));
#8198=CARTESIAN_POINT('Ctrl Pts',(-104.954803093826,94.5258512978809,297.878181861138));
#8199=CARTESIAN_POINT('Ctrl Pts',(-104.691740419983,94.6403672020431,298.262922608083));
#8200=CARTESIAN_POINT('Ctrl Pts',(-104.568458191223,94.7291491001705,298.450657449149));
#8201=CARTESIAN_POINT('Ctrl Pts',(-104.404424216796,94.916001355998,298.728564316228));
#8202=CARTESIAN_POINT('Ctrl Pts',(-104.340478808247,95.0130745628193,298.846595326357));
#8203=CARTESIAN_POINT('Ctrl Pts',(-104.24924821344,95.2395099578661,299.06058684613));
#8204=CARTESIAN_POINT('Ctrl Pts',(-104.222410019284,95.3691127507917,299.156483019005));
#8205=CARTESIAN_POINT('Ctrl Pts',(-104.222410019284,95.6153084515193,299.298624173093));
#8206=CARTESIAN_POINT('Ctrl Pts',(-104.243891376824,95.745981338633,299.357066436027));
#8207=CARTESIAN_POINT('Ctrl Pts',(-104.3433521851,95.9952403781439,299.439705513101));
#8208=CARTESIAN_POINT('Ctrl Pts',(-104.421665937695,96.113469480784,299.464574830765));
#8209=CARTESIAN_POINT('Ctrl Pts',(-104.544585276484,96.2363888195733,299.482772144117));
#8210=CARTESIAN_POINT('Ctrl Pts',(-104.576392261426,96.2645319109336,299.486266505945));
#8211=CARTESIAN_POINT('Ctrl Pts',(-104.610389126921,96.290841594323,299.489033122232));
#8212=CARTESIAN_POINT('Origin',(-81.5,111.958203932499,297.5));
#8213=CARTESIAN_POINT('',(-81.290841594323,119.610389126921,299.489033122232));
#8214=CARTESIAN_POINT('',(-79.5,120.222410019284,297.5));
#8215=CARTESIAN_POINT('Ctrl Pts',(-81.290841594323,119.610389126921,299.489033122232));
#8216=CARTESIAN_POINT('Ctrl Pts',(-81.2645319109336,119.576392261426,299.486266505945));
#8217=CARTESIAN_POINT('Ctrl Pts',(-81.2363888195733,119.544585276484,299.482772144117));
#8218=CARTESIAN_POINT('Ctrl Pts',(-81.113469480784,119.421665937695,299.464574830765));
#8219=CARTESIAN_POINT('Ctrl Pts',(-80.9952403781439,119.3433521851,299.439705513101));
#8220=CARTESIAN_POINT('Ctrl Pts',(-80.745981338633,119.243891376824,299.357066436027));
#8221=CARTESIAN_POINT('Ctrl Pts',(-80.6153084515193,119.222410019284,299.298624173093));
#8222=CARTESIAN_POINT('Ctrl Pts',(-80.3691127507918,119.222410019284,299.156483019005));
#8223=CARTESIAN_POINT('Ctrl Pts',(-80.2395099578662,119.24924821344,299.06058684613));
#8224=CARTESIAN_POINT('Ctrl Pts',(-80.0130745628194,119.340478808247,298.846595326357));
#8225=CARTESIAN_POINT('Ctrl Pts',(-79.916001355998,119.404424216796,298.728564316228));
#8226=CARTESIAN_POINT('Ctrl Pts',(-79.7291491001705,119.568458191223,298.45065744915));
#8227=CARTESIAN_POINT('Ctrl Pts',(-79.6403672020431,119.691740419983,298.262922608083));
#8228=CARTESIAN_POINT('Ctrl Pts',(-79.5258512978809,119.954803093825,297.878181861138));
#8229=CARTESIAN_POINT('Ctrl Pts',(-79.5,120.094375255485,297.681068499419));
#8230=CARTESIAN_POINT('Ctrl Pts',(-79.5,120.222410019284,297.5));
#8231=CARTESIAN_POINT('',(-79.5,111.958203932499,297.5));
#8232=CARTESIAN_POINT('',(-81.5,119.868237960533,299.5));
#8233=CARTESIAN_POINT('',(-81.5,111.958203932499,299.5));
#8234=CARTESIAN_POINT('Ctrl Pts',(-81.5,119.868237960533,299.5));
#8235=CARTESIAN_POINT('Ctrl Pts',(-81.4282099276709,119.783765085575,299.5));
#8236=CARTESIAN_POINT('Ctrl Pts',(-81.3585019501361,119.697818533876,299.496148002316));
#8237=CARTESIAN_POINT('Ctrl Pts',(-81.290841594323,119.610389126921,299.489033122232));
#8238=CARTESIAN_POINT('Origin',(-100.17323765729,102.024443153165,294.5));
#8239=CARTESIAN_POINT('',(-104.610389126921,96.290841594323,294.5));
#8240=CARTESIAN_POINT('',(-104.610389126921,96.290841594323,294.5));
#8241=CARTESIAN_POINT('',(-97.681072803134,108.83264514339,294.5));
#8242=CARTESIAN_POINT('Origin',(-100.17323765729,102.024443153165,294.5));
#8243=CARTESIAN_POINT('',(-97.681072803134,108.83264514339,299.5));
#8244=CARTESIAN_POINT('',(-97.681072803134,108.83264514339,294.5));
#8245=CARTESIAN_POINT('Origin',(-100.17323765729,102.024443153165,299.5));
#8246=CARTESIAN_POINT('Origin',(-100.17323765729,102.024443153165,299.5));
#8247=CARTESIAN_POINT('Origin',(-105.222410019284,95.5,294.5));
#8248=CARTESIAN_POINT('',(-105.222410019284,94.5,294.5));
#8249=CARTESIAN_POINT('',(-105.222410019284,94.5,294.5));
#8250=CARTESIAN_POINT('Origin',(-105.222410019284,95.5,294.5));
#8251=CARTESIAN_POINT('Origin',(-109.5,94.5,264.5));
#8252=CARTESIAN_POINT('',(-106.332815729997,94.5,267.5));
#8253=CARTESIAN_POINT('',(-106.332815729997,94.5,249.));
#8254=CARTESIAN_POINT('',(-100.543780486586,94.5,267.5));
#8255=CARTESIAN_POINT('',(-54.7500000000001,94.5000000000001,267.5));
#8256=CARTESIAN_POINT('',(-100.543780486586,94.5,294.5));
#8257=CARTESIAN_POINT('',(-100.543780486586,94.5,264.5));
#8258=CARTESIAN_POINT('',(-102.,94.5,294.5));
#8259=CARTESIAN_POINT('Origin',(-106.332815729997,97.5,249.));
#8260=CARTESIAN_POINT('',(-109.314239699997,97.8333333333333,267.5));
#8261=CARTESIAN_POINT('',(-109.314239699997,97.8333333333333,249.));
#8262=CARTESIAN_POINT('Origin',(-106.332815729997,97.5,267.5));
#8263=CARTESIAN_POINT('Origin',(-94.4164078649987,109.416407864999,299.5));
#8264=CARTESIAN_POINT('Origin',(-87.0244431531647,115.17323765729,299.5));
#8265=CARTESIAN_POINT('Origin',(-94.4164078649987,109.416407864999,299.5));
#8266=CARTESIAN_POINT('',(-93.83264514339,112.681072803134,299.5));
#8267=CARTESIAN_POINT('Origin',(-96.6498321738281,111.649832173828,299.5));
#8268=CARTESIAN_POINT('Origin',(-87.0244431531647,115.17323765729,299.5));
#8269=CARTESIAN_POINT('Origin',(-79.5,94.5,249.));
#8270=CARTESIAN_POINT('',(-82.8333333333333,124.314239699997,267.5));
#8271=CARTESIAN_POINT('',(-82.8333333333333,124.314239699997,249.));
#8272=CARTESIAN_POINT('',(-79.4999999997545,124.5,264.986344821924));
#8273=CARTESIAN_POINT('Ctrl Pts',(-79.4999999997545,124.5,264.986344821924));
#8274=CARTESIAN_POINT('Ctrl Pts',(-79.8879364842363,124.500000000003,265.160139583776));
#8275=CARTESIAN_POINT('Ctrl Pts',(-80.2324432370166,124.492505114376,265.360732323936));
#8276=CARTESIAN_POINT('Ctrl Pts',(-81.4476742407693,124.450881327118,266.159227451943));
#8277=CARTESIAN_POINT('Ctrl Pts',(-82.2374072657977,124.380747714598,266.931146433827));
#8278=CARTESIAN_POINT('Ctrl Pts',(-82.8294087696606,124.314678283409,267.496253655137));
#8279=CARTESIAN_POINT('Ctrl Pts',(-82.8313710630582,124.314459088483,267.498126828266));
#8280=CARTESIAN_POINT('Ctrl Pts',(-82.8333333333333,124.314239699997,267.5));
#8281=CARTESIAN_POINT('',(-79.5,124.5,249.));
#8282=CARTESIAN_POINT('',(-79.5,124.5,249.));
#8283=CARTESIAN_POINT('',(-109.5,94.5,249.));
#8284=CARTESIAN_POINT('Origin',(-79.5,94.5,249.));
#8285=CARTESIAN_POINT('',(-109.5,94.4999999997545,264.986344821924));
#8286=CARTESIAN_POINT('',(-109.5,94.5,249.));
#8287=CARTESIAN_POINT('Ctrl Pts',(-109.314239699997,97.8333333333333,267.5));
#8288=CARTESIAN_POINT('Ctrl Pts',(-109.314459088483,97.8313710630581,267.498126828266));
#8289=CARTESIAN_POINT('Ctrl Pts',(-109.314678283409,97.8294087696606,267.496253655137));
#8290=CARTESIAN_POINT('Ctrl Pts',(-109.380747714652,97.2374072653209,266.931146433372));
#8291=CARTESIAN_POINT('Ctrl Pts',(-109.450881327127,96.447674240506,266.15922745177));
#8292=CARTESIAN_POINT('Ctrl Pts',(-109.492505114376,95.2324432370176,265.360732323937));
#8293=CARTESIAN_POINT('Ctrl Pts',(-109.500000000003,94.8879364842372,265.160139583776));
#8294=CARTESIAN_POINT('Ctrl Pts',(-109.5,94.4999999997545,264.986344821924));
#8295=CARTESIAN_POINT('Origin',(-82.5,121.332815729997,249.));
#8296=CARTESIAN_POINT('',(-79.5,121.332815729997,267.5));
#8297=CARTESIAN_POINT('',(-79.5,121.332815729997,249.));
#8298=CARTESIAN_POINT('Origin',(-82.5,121.332815729997,267.5));
#8299=CARTESIAN_POINT('Origin',(-79.5,114.5,264.5));
#8300=CARTESIAN_POINT('',(-79.5,120.222410019284,294.5));
#8301=CARTESIAN_POINT('',(-79.5,120.222410019284,294.5));
#8302=CARTESIAN_POINT('',(-79.5,115.543780486586,294.5));
#8303=CARTESIAN_POINT('',(-79.5,112.,294.5));
#8304=CARTESIAN_POINT('',(-79.5,115.543780486586,267.5));
#8305=CARTESIAN_POINT('',(-79.5,115.543780486586,264.5));
#8306=CARTESIAN_POINT('',(-79.5,57.25,267.5));
#8307=CARTESIAN_POINT('Origin',(-80.5,120.222410019284,294.5));
#8308=CARTESIAN_POINT('',(-81.290841594323,119.610389126921,294.5));
#8309=CARTESIAN_POINT('',(-81.290841594323,119.610389126921,294.5));
#8310=CARTESIAN_POINT('Origin',(-80.5,120.222410019284,294.5));
#8311=CARTESIAN_POINT('Origin',(105.222410019284,95.5,294.5));
#8312=CARTESIAN_POINT('',(105.222410019284,94.5,294.5));
#8313=CARTESIAN_POINT('Origin',(105.222410019284,95.5,294.5));
#8314=CARTESIAN_POINT('',(105.222410019284,94.5,294.5));
#8315=CARTESIAN_POINT('Origin',(94.4164078649987,109.416407864999,299.5));
#8316=CARTESIAN_POINT('Origin',(79.5,124.5,264.5));
#8317=CARTESIAN_POINT('',(79.5,121.332815729997,267.5));
#8318=CARTESIAN_POINT('',(79.5,121.332815729997,249.));
#8319=CARTESIAN_POINT('',(79.5,115.543780486587,267.5));
#8320=CARTESIAN_POINT('',(79.5,62.25,267.5));
#8321=CARTESIAN_POINT('',(79.5,115.543780486587,294.5));
#8322=CARTESIAN_POINT('',(79.5,115.543780486587,264.5));
#8323=CARTESIAN_POINT('',(79.5,117.,294.5));
#8324=CARTESIAN_POINT('Origin',(-87.0244431531647,115.17323765729,294.5));
#8325=CARTESIAN_POINT('',(-93.83264514339,112.681072803134,294.5));
#8326=CARTESIAN_POINT('',(-93.83264514339,112.681072803134,294.5));
#8327=CARTESIAN_POINT('Origin',(-87.0244431531647,115.17323765729,294.5));
#8328=CARTESIAN_POINT('Origin',(-94.4164078649987,109.416407864999,299.5));
#8329=CARTESIAN_POINT('Origin',(-105.222410019284,-95.5,294.5));
#8330=CARTESIAN_POINT('',(-105.222410019284,-94.5,294.5));
#8331=CARTESIAN_POINT('Origin',(-105.222410019284,-95.5,294.5));
#8332=CARTESIAN_POINT('',(-105.222410019284,-94.5,294.5));
#8333=CARTESIAN_POINT('Origin',(-94.4164078649987,-109.416407864999,299.5));
#8334=CARTESIAN_POINT('Origin',(-79.5,-124.5,264.5));
#8335=CARTESIAN_POINT('',(-79.5,-121.332815729997,267.5));
#8336=CARTESIAN_POINT('',(-79.5,-121.332815729997,249.));
#8337=CARTESIAN_POINT('',(-79.5,-115.543780486586,267.5));
#8338=CARTESIAN_POINT('',(-79.5,-62.25,267.5));
#8339=CARTESIAN_POINT('',(-79.5,-115.543780486586,294.5));
#8340=CARTESIAN_POINT('',(-79.5,-115.543780486586,264.5));
#8341=CARTESIAN_POINT('',(-79.5,-117.,294.5));
#8342=CARTESIAN_POINT('Origin',(109.5,-94.5,264.5));
#8343=CARTESIAN_POINT('',(106.332815729997,-94.5,267.5));
#8344=CARTESIAN_POINT('',(106.332815729997,-94.5,249.));
#8345=CARTESIAN_POINT('',(100.543780486586,-94.5,267.5));
#8346=CARTESIAN_POINT('',(54.75,-94.5,267.5));
#8347=CARTESIAN_POINT('',(100.543780486586,-94.5,294.5));
#8348=CARTESIAN_POINT('',(100.543780486586,-94.5,264.5));
#8349=CARTESIAN_POINT('',(102.,-94.5,294.5));
#8350=CARTESIAN_POINT('Origin',(94.4164078649987,-109.416407864999,299.5));
#8351=CARTESIAN_POINT('Origin',(80.5,-120.222410019284,294.5));
#8352=CARTESIAN_POINT('',(79.5,-120.222410019284,294.5));
#8353=CARTESIAN_POINT('Origin',(80.5,-120.222410019284,294.5));
#8354=CARTESIAN_POINT('',(79.5,-120.222410019284,294.5));
#8355=CARTESIAN_POINT('Origin',(79.5,-114.5,264.5));
#8356=CARTESIAN_POINT('',(79.5,-115.543780486586,294.5));
#8357=CARTESIAN_POINT('',(79.5,-112.,294.5));
#8358=CARTESIAN_POINT('',(79.5,-115.543780486586,267.5));
#8359=CARTESIAN_POINT('',(79.5,-115.543780486586,264.5));
#8360=CARTESIAN_POINT('',(79.5,-121.332815729997,267.5));
#8361=CARTESIAN_POINT('',(79.5,-57.25,267.5));
#8362=CARTESIAN_POINT('',(79.5,-121.332815729997,249.));
#8363=CARTESIAN_POINT('Origin',(96.6498321738284,111.649832173828,294.5));
#8364=CARTESIAN_POINT('Origin',(96.6498321738284,111.649832173828,294.5));
#8365=CARTESIAN_POINT('Origin',(-96.6498321738281,111.649832173828,294.5));
#8366=CARTESIAN_POINT('Origin',(-96.6498321738281,111.649832173828,294.5));
#8367=CARTESIAN_POINT('Origin',(-96.6498321738284,-111.649832173828,294.5));
#8368=CARTESIAN_POINT('Origin',(-96.6498321738284,-111.649832173828,294.5));
#8369=CARTESIAN_POINT('Origin',(96.6498321738285,-111.649832173829,294.5));
#8370=CARTESIAN_POINT('Origin',(96.6498321738285,-111.649832173829,294.5));
#8371=CARTESIAN_POINT('Origin',(90.9955154596873,-105.995515459687,264.5));
#8372=CARTESIAN_POINT('',(89.8041937677305,-108.748832118968,294.5));
#8373=CARTESIAN_POINT('',(93.7488321189681,-104.80419376773,294.5));
#8374=CARTESIAN_POINT('Origin',(90.9955154596873,-105.995515459687,294.5));
#8375=CARTESIAN_POINT('',(93.7488321189681,-104.80419376773,267.5));
#8376=CARTESIAN_POINT('',(93.7488321189681,-104.80419376773,264.5));
#8377=CARTESIAN_POINT('',(89.8041937677305,-108.748832118968,267.5));
#8378=CARTESIAN_POINT('Origin',(90.9955154596873,-105.995515459687,267.5));
#8379=CARTESIAN_POINT('',(89.8041937677305,-108.748832118968,264.5));
#8380=CARTESIAN_POINT('Origin',(94.5,-109.5,294.5));
#8381=CARTESIAN_POINT('',(98.9311673140047,-94.9702808939299,294.5));
#8382=CARTESIAN_POINT('Origin',(100.543780486586,-97.5,294.5));
#8383=CARTESIAN_POINT('',(98.1749591961831,-95.3157261974513,294.5));
#8384=CARTESIAN_POINT('Origin',(97.318554141423,-92.4405617878599,294.5));
#8385=CARTESIAN_POINT('Origin',(100.17323765729,-102.024443153165,294.5));
#8386=CARTESIAN_POINT('',(80.3157261974513,-113.174959196183,294.5));
#8387=CARTESIAN_POINT('Origin',(87.0244431531647,-115.17323765729,294.5));
#8388=CARTESIAN_POINT('',(79.97028089393,-113.931167314005,294.5));
#8389=CARTESIAN_POINT('Origin',(77.4405617878599,-112.318554141423,294.5));
#8390=CARTESIAN_POINT('Origin',(82.5,-115.543780486586,294.5));
#8391=CARTESIAN_POINT('',(98.9732376572897,-100.424443153164,294.5));
#8392=CARTESIAN_POINT('',(101.37323765729,-100.424443153165,294.5));
#8393=CARTESIAN_POINT('Origin',(100.17323765729,-98.8244431531647,294.5));
#8394=CARTESIAN_POINT('',(102.158878303345,-101.785212668623,294.5));
#8395=CARTESIAN_POINT('Origin',(100.17323765729,-102.024443153165,294.5));
#8396=CARTESIAN_POINT('',(100.958878303345,-103.863673637706,294.5));
#8397=CARTESIAN_POINT('Origin',(102.9445189494,-103.624443153165,294.5));
#8398=CARTESIAN_POINT('',(99.3875970112349,-103.863673637706,294.5));
#8399=CARTESIAN_POINT('Origin',(100.17323765729,-102.024443153165,294.5));
#8400=CARTESIAN_POINT('',(98.1875970112346,-101.785212668623,294.5));
#8401=CARTESIAN_POINT('Origin',(97.4019563651798,-103.624443153165,294.5));
#8402=CARTESIAN_POINT('Origin',(100.17323765729,-102.024443153165,294.5));
#8403=CARTESIAN_POINT('',(85.8244431531644,-113.57323765729,294.5));
#8404=CARTESIAN_POINT('',(88.2244431531649,-113.57323765729,294.5));
#8405=CARTESIAN_POINT('Origin',(87.0244431531647,-111.97323765729,294.5));
#8406=CARTESIAN_POINT('',(89.01008379922,-114.934007172748,294.5));
#8407=CARTESIAN_POINT('Origin',(87.0244431531647,-115.17323765729,294.5));
#8408=CARTESIAN_POINT('',(87.8100837992198,-117.012468141832,294.5));
#8409=CARTESIAN_POINT('Origin',(89.7957244452748,-116.77323765729,294.5));
#8410=CARTESIAN_POINT('',(86.2388025071095,-117.012468141832,294.5));
#8411=CARTESIAN_POINT('Origin',(87.0244431531647,-115.17323765729,294.5));
#8412=CARTESIAN_POINT('',(85.0388025071093,-114.934007172748,294.5));
#8413=CARTESIAN_POINT('Origin',(84.2531618610545,-116.77323765729,294.5));
#8414=CARTESIAN_POINT('Origin',(87.0244431531647,-115.17323765729,294.5));
#8415=CARTESIAN_POINT('Origin',(-40.0000005960464,85.0000012665987,264.5));
#8416=CARTESIAN_POINT('',(-36.4000005960464,85.0000012665987,263.25));
#8417=CARTESIAN_POINT('Origin',(-40.0000005960464,85.0000012665987,263.25));
#8418=CARTESIAN_POINT('',(-36.4000005960464,85.0000012665987,249.));
#8419=CARTESIAN_POINT('',(-36.4000005960464,85.0000012665987,264.5));
#8420=CARTESIAN_POINT('Origin',(-40.0000005960464,85.0000012665987,249.));
#8421=CARTESIAN_POINT('Origin',(5.,85.,264.5));
#8422=CARTESIAN_POINT('',(8.6,85.,263.25));
#8423=CARTESIAN_POINT('Origin',(5.,85.,263.25));
#8424=CARTESIAN_POINT('',(8.6,85.,249.));
#8425=CARTESIAN_POINT('',(8.6,85.,264.5));
#8426=CARTESIAN_POINT('Origin',(5.,85.,249.));
#8427=CARTESIAN_POINT('Origin',(-40.0000005960464,85.0000012665987,263.5));
#8428=CARTESIAN_POINT('',(-35.1500005960464,85.0000012665987,264.5));
#8429=CARTESIAN_POINT('Origin',(-40.0000005960464,85.0000012665987,264.5));
#8430=CARTESIAN_POINT('',(-36.1500005960464,85.0000012665987,263.5));
#8431=CARTESIAN_POINT('Origin',(0.,0.,264.5));
#8432=CARTESIAN_POINT('',(77.0894812439181,112.950271899733,264.5));
#8433=CARTESIAN_POINT('',(102.7763422847,76.6696090198767,264.5));
#8434=CARTESIAN_POINT('Origin',(64.7777786125748,77.0000009923058,264.5));
#8435=CARTESIAN_POINT('',(76.5,115.543780486587,264.5));
#8436=CARTESIAN_POINT('Origin',(82.5,115.543780486587,264.5));
#8437=CARTESIAN_POINT('',(76.5,121.332815729997,264.5));
#8438=CARTESIAN_POINT('',(76.5,62.25,264.5));
#8439=CARTESIAN_POINT('',(77.4040267073062,124.5,264.5));
#8440=CARTESIAN_POINT('Origin',(82.5,121.332815729997,264.5));
#8441=CARTESIAN_POINT('',(-77.4040267073062,124.5,264.5));
#8442=CARTESIAN_POINT('',(79.5,124.5,264.5));
#8443=CARTESIAN_POINT('',(-76.5,121.332815729997,264.5));
#8444=CARTESIAN_POINT('Origin',(-82.5,121.332815729997,264.5));
#8445=CARTESIAN_POINT('',(-76.5,115.543780486586,264.5));
#8446=CARTESIAN_POINT('',(-76.5,57.25,264.5));
#8447=CARTESIAN_POINT('',(-77.44056178786,112.318554141423,264.5));
#8448=CARTESIAN_POINT('Origin',(-82.5,115.543780486586,264.5));
#8449=CARTESIAN_POINT('',(-90.9955154596874,105.995515459687,264.5));
#8450=CARTESIAN_POINT('Origin',(-87.0244431531647,115.17323765729,264.5));
#8451=CARTESIAN_POINT('',(-97.3185541414229,92.4405617878599,264.5));
#8452=CARTESIAN_POINT('Origin',(-100.17323765729,102.024443153165,264.5));
#8453=CARTESIAN_POINT('',(-100.543780486586,91.5,264.5));
#8454=CARTESIAN_POINT('Origin',(-100.543780486586,97.5,264.5));
#8455=CARTESIAN_POINT('',(-106.332815729997,91.5,264.5));
#8456=CARTESIAN_POINT('',(-54.7500000000001,91.5000000000001,264.5));
#8457=CARTESIAN_POINT('',(-109.5,92.4040267073062,264.5));
#8458=CARTESIAN_POINT('Origin',(-106.332815729997,97.5,264.5));
#8459=CARTESIAN_POINT('',(-109.5,-92.4040267073062,264.5));
#8460=CARTESIAN_POINT('',(-109.5,94.5,264.5));
#8461=CARTESIAN_POINT('',(-106.332815729997,-91.5,264.5));
#8462=CARTESIAN_POINT('Origin',(-106.332815729997,-97.5,264.5));
#8463=CARTESIAN_POINT('',(-100.543780486586,-91.5,264.5));
#8464=CARTESIAN_POINT('',(-49.75,-91.5,264.5));
#8465=CARTESIAN_POINT('',(-97.318554141423,-92.4405617878599,264.5));
#8466=CARTESIAN_POINT('Origin',(-100.543780486586,-97.5,264.5));
#8467=CARTESIAN_POINT('',(-90.9955154596872,-105.995515459687,264.5));
#8468=CARTESIAN_POINT('Origin',(-100.17323765729,-102.024443153165,264.5));
#8469=CARTESIAN_POINT('',(-77.4405617878595,-112.318554141423,264.5));
#8470=CARTESIAN_POINT('Origin',(-87.0244431531647,-115.17323765729,264.5));
#8471=CARTESIAN_POINT('',(-76.5,-115.543780486586,264.5));
#8472=CARTESIAN_POINT('Origin',(-82.5,-115.543780486586,264.5));
#8473=CARTESIAN_POINT('',(-76.5,-121.332815729997,264.5));
#8474=CARTESIAN_POINT('',(-76.5,-62.25,264.5));
#8475=CARTESIAN_POINT('',(-77.4040267073062,-124.5,264.5));
#8476=CARTESIAN_POINT('Origin',(-82.5,-121.332815729997,264.5));
#8477=CARTESIAN_POINT('',(77.4040267073062,-124.5,264.5));
#8478=CARTESIAN_POINT('',(-79.5,-124.5,264.5));
#8479=CARTESIAN_POINT('',(76.5,-121.332815729997,264.5));
#8480=CARTESIAN_POINT('Origin',(82.5,-121.332815729997,264.5));
#8481=CARTESIAN_POINT('',(76.5,-115.543780486586,264.5));
#8482=CARTESIAN_POINT('',(76.5,-57.25,264.5));
#8483=CARTESIAN_POINT('',(77.4405617878599,-112.318554141423,264.5));
#8484=CARTESIAN_POINT('Origin',(82.5,-115.543780486586,264.5));
#8485=CARTESIAN_POINT('',(90.9955154596873,-105.995515459687,264.5));
#8486=CARTESIAN_POINT('Origin',(87.0244431531647,-115.17323765729,264.5));
#8487=CARTESIAN_POINT('',(97.318554141423,-92.4405617878599,264.5));
#8488=CARTESIAN_POINT('Origin',(100.17323765729,-102.024443153165,264.5));
#8489=CARTESIAN_POINT('',(100.543780486586,-91.5,264.5));
#8490=CARTESIAN_POINT('Origin',(100.543780486586,-97.5,264.5));
#8491=CARTESIAN_POINT('',(106.332815729997,-91.5,264.5));
#8492=CARTESIAN_POINT('',(54.75,-91.5,264.5));
#8493=CARTESIAN_POINT('',(109.5,-92.4040267073062,264.5));
#8494=CARTESIAN_POINT('Origin',(106.332815729997,-97.5,264.5));
#8495=CARTESIAN_POINT('',(109.5,92.4040267073062,264.5));
#8496=CARTESIAN_POINT('',(109.5,-94.5,264.5));
#8497=CARTESIAN_POINT('',(106.332815729997,91.5,264.5));
#8498=CARTESIAN_POINT('Origin',(106.332815729997,97.5,264.5));
#8499=CARTESIAN_POINT('',(100.543780486586,91.5,264.5));
#8500=CARTESIAN_POINT('',(49.75,91.5,264.5));
#8501=CARTESIAN_POINT('',(99.8876819841659,91.5359799836753,264.5));
#8502=CARTESIAN_POINT('Origin',(100.543780486586,97.5,264.5));
#8503=CARTESIAN_POINT('',(102.295695249888,83.0337337669337,264.5));
#8504=CARTESIAN_POINT('Origin',(64.7777786125748,77.0000009923058,264.5));
#8505=CARTESIAN_POINT('',(108.25,80.,264.5));
#8506=CARTESIAN_POINT('Origin',(104.5,80.,264.5));
#8507=CARTESIAN_POINT('Origin',(104.5,80.,264.5));
#8508=CARTESIAN_POINT('',(9.85,85.,264.5));
#8509=CARTESIAN_POINT('Origin',(5.,85.,264.5));
#8510=CARTESIAN_POINT('',(64.9999999999996,16.2658196169583,264.5));
#8511=CARTESIAN_POINT('',(64.9999999999999,-62.7658196169583,264.5));
#8512=CARTESIAN_POINT('',(64.9999999999997,8.13290980847934,264.5));
#8513=CARTESIAN_POINT('',(-99.5,-62.7658196169584,264.5));
#8514=CARTESIAN_POINT('Origin',(-17.2500000000002,-23.2500000000001,264.5));
#8515=CARTESIAN_POINT('',(-99.5,16.2658196169583,264.5));
#8516=CARTESIAN_POINT('',(-99.5,-31.3829098084792,264.5));
#8517=CARTESIAN_POINT('Origin',(-17.2500000000002,-23.2500000000001,264.5));
#8518=CARTESIAN_POINT('',(-100.75,4.59242549680257E-16,264.5));
#8519=CARTESIAN_POINT('Origin',(-104.5,0.,264.5));
#8520=CARTESIAN_POINT('',(68.75,-119.5,264.5));
#8521=CARTESIAN_POINT('Origin',(65.,-119.5,264.5));
#8522=CARTESIAN_POINT('',(68.75,119.5,264.5));
#8523=CARTESIAN_POINT('Origin',(65.,119.5,264.5));
#8524=CARTESIAN_POINT('',(-100.75,80.,264.5));
#8525=CARTESIAN_POINT('Origin',(-104.5,80.,264.5));
#8526=CARTESIAN_POINT('',(3.75000000000001,-119.5,264.5));
#8527=CARTESIAN_POINT('Origin',(8.88178419700125E-15,-119.5,264.5));
#8528=CARTESIAN_POINT('',(-100.75,-80.,264.5));
#8529=CARTESIAN_POINT('Origin',(-104.5,-80.,264.5));
#8530=CARTESIAN_POINT('',(108.25,-80.,264.5));
#8531=CARTESIAN_POINT('Origin',(104.5,-80.,264.5));
#8532=CARTESIAN_POINT('',(3.75000000000003,119.5,264.5));
#8533=CARTESIAN_POINT('Origin',(2.66453525910038E-14,119.5,264.5));
#8534=CARTESIAN_POINT('',(-61.25,119.5,264.5));
#8535=CARTESIAN_POINT('Origin',(-65.,119.5,264.5));
#8536=CARTESIAN_POINT('',(108.25,4.59242549680257E-16,264.5));
#8537=CARTESIAN_POINT('Origin',(104.5,0.,264.5));
#8538=CARTESIAN_POINT('',(-61.25,-119.5,264.5));
#8539=CARTESIAN_POINT('Origin',(-65.,-119.5,264.5));
#8540=CARTESIAN_POINT('Origin',(5.,85.,263.5));
#8541=CARTESIAN_POINT('',(8.85,85.,263.5));
#8542=CARTESIAN_POINT('Origin',(87.0244431531646,-115.37323765729,282.5));
#8543=CARTESIAN_POINT('',(88.2244431531649,-113.57323765729,282.5));
#8544=CARTESIAN_POINT('',(89.01008379922,-114.934007172748,282.5));
#8545=CARTESIAN_POINT('Origin',(87.0244431531647,-115.17323765729,282.5));
#8546=CARTESIAN_POINT('',(85.8244431531644,-113.57323765729,282.5));
#8547=CARTESIAN_POINT('Origin',(87.0244431531647,-111.97323765729,282.5));
#8548=CARTESIAN_POINT('',(85.0388025071093,-114.934007172748,282.5));
#8549=CARTESIAN_POINT('Origin',(87.0244431531647,-115.17323765729,282.5));
#8550=CARTESIAN_POINT('',(86.2388025071095,-117.012468141832,282.5));
#8551=CARTESIAN_POINT('Origin',(84.2531618610545,-116.77323765729,282.5));
#8552=CARTESIAN_POINT('',(87.8100837992198,-117.012468141832,282.5));
#8553=CARTESIAN_POINT('Origin',(87.0244431531647,-115.17323765729,282.5));
#8554=CARTESIAN_POINT('Origin',(89.7957244452748,-116.77323765729,282.5));
#8555=CARTESIAN_POINT('Origin',(100.17323765729,-102.224443153165,282.5));
#8556=CARTESIAN_POINT('',(101.37323765729,-100.424443153165,282.5));
#8557=CARTESIAN_POINT('',(102.158878303345,-101.785212668623,282.5));
#8558=CARTESIAN_POINT('Origin',(100.17323765729,-102.024443153165,282.5));
#8559=CARTESIAN_POINT('',(98.9732376572897,-100.424443153164,282.5));
#8560=CARTESIAN_POINT('Origin',(100.17323765729,-98.8244431531647,282.5));
#8561=CARTESIAN_POINT('',(98.1875970112346,-101.785212668623,282.5));
#8562=CARTESIAN_POINT('Origin',(100.17323765729,-102.024443153165,282.5));
#8563=CARTESIAN_POINT('',(99.3875970112349,-103.863673637706,282.5));
#8564=CARTESIAN_POINT('Origin',(97.4019563651798,-103.624443153165,282.5));
#8565=CARTESIAN_POINT('',(100.958878303345,-103.863673637706,282.5));
#8566=CARTESIAN_POINT('Origin',(100.17323765729,-102.024443153165,282.5));
#8567=CARTESIAN_POINT('Origin',(102.9445189494,-103.624443153165,282.5));
#8568=CARTESIAN_POINT('Origin',(-87.0244431531647,-115.37323765729,282.5));
#8569=CARTESIAN_POINT('',(-85.8244431531644,-113.57323765729,282.5));
#8570=CARTESIAN_POINT('',(-85.0388025071092,-114.934007172748,282.5));
#8571=CARTESIAN_POINT('Origin',(-87.0244431531647,-115.17323765729,282.5));
#8572=CARTESIAN_POINT('',(-88.224443153165,-113.57323765729,282.5));
#8573=CARTESIAN_POINT('Origin',(-87.0244431531647,-111.97323765729,282.5));
#8574=CARTESIAN_POINT('',(-89.01008379922,-114.934007172748,282.5));
#8575=CARTESIAN_POINT('Origin',(-87.0244431531647,-115.17323765729,282.5));
#8576=CARTESIAN_POINT('',(-87.8100837992198,-117.012468141832,282.5));
#8577=CARTESIAN_POINT('Origin',(-89.7957244452749,-116.77323765729,282.5));
#8578=CARTESIAN_POINT('',(-86.2388025071095,-117.012468141832,282.5));
#8579=CARTESIAN_POINT('Origin',(-87.0244431531647,-115.17323765729,282.5));
#8580=CARTESIAN_POINT('Origin',(-84.2531618610545,-116.77323765729,282.5));
#8581=CARTESIAN_POINT('Origin',(-100.17323765729,-102.224443153165,282.5));
#8582=CARTESIAN_POINT('',(-98.9732376572896,-100.424443153164,282.5));
#8583=CARTESIAN_POINT('',(-98.1875970112345,-101.785212668623,282.5));
#8584=CARTESIAN_POINT('Origin',(-100.17323765729,-102.024443153165,282.5));
#8585=CARTESIAN_POINT('',(-101.37323765729,-100.424443153164,282.5));
#8586=CARTESIAN_POINT('Origin',(-100.17323765729,-98.8244431531647,282.5));
#8587=CARTESIAN_POINT('',(-102.158878303345,-101.785212668623,282.5));
#8588=CARTESIAN_POINT('Origin',(-100.17323765729,-102.024443153165,282.5));
#8589=CARTESIAN_POINT('',(-100.958878303345,-103.863673637706,282.5));
#8590=CARTESIAN_POINT('Origin',(-102.9445189494,-103.624443153165,282.5));
#8591=CARTESIAN_POINT('',(-99.3875970112348,-103.863673637706,282.5));
#8592=CARTESIAN_POINT('Origin',(-100.17323765729,-102.024443153165,282.5));
#8593=CARTESIAN_POINT('Origin',(-97.4019563651798,-103.624443153165,282.5));
#8594=CARTESIAN_POINT('Origin',(-87.0244431531647,114.97323765729,282.5));
#8595=CARTESIAN_POINT('',(-86.2388025071096,113.334007172748,282.5));
#8596=CARTESIAN_POINT('',(-87.8100837992199,113.334007172748,282.5));
#8597=CARTESIAN_POINT('Origin',(-87.0244431531647,115.17323765729,282.5));
#8598=CARTESIAN_POINT('',(-85.0388025071093,115.412468141831,282.5));
#8599=CARTESIAN_POINT('Origin',(-84.2531618610546,113.57323765729,282.5));
#8600=CARTESIAN_POINT('',(-85.8244431531644,116.77323765729,282.5));
#8601=CARTESIAN_POINT('Origin',(-87.0244431531647,115.17323765729,282.5));
#8602=CARTESIAN_POINT('',(-88.224443153165,116.77323765729,282.5));
#8603=CARTESIAN_POINT('Origin',(-87.0244431531647,118.37323765729,282.5));
#8604=CARTESIAN_POINT('',(-89.0100837992202,115.412468141831,282.5));
#8605=CARTESIAN_POINT('Origin',(-87.0244431531647,115.17323765729,282.5));
#8606=CARTESIAN_POINT('Origin',(-89.7957244452749,113.57323765729,282.5));
#8607=CARTESIAN_POINT('Origin',(-100.17323765729,101.824443153165,282.5));
#8608=CARTESIAN_POINT('',(-98.9732376572897,103.624443153165,282.5));
#8609=CARTESIAN_POINT('',(-98.1875970112346,102.263673637706,282.5));
#8610=CARTESIAN_POINT('Origin',(-100.17323765729,102.024443153165,282.5));
#8611=CARTESIAN_POINT('',(-101.37323765729,103.624443153165,282.5));
#8612=CARTESIAN_POINT('Origin',(-100.17323765729,105.224443153165,282.5));
#8613=CARTESIAN_POINT('',(-102.158878303345,102.263673637706,282.5));
#8614=CARTESIAN_POINT('Origin',(-100.17323765729,102.024443153165,282.5));
#8615=CARTESIAN_POINT('',(-100.958878303345,100.185212668623,282.5));
#8616=CARTESIAN_POINT('Origin',(-102.9445189494,100.424443153165,282.5));
#8617=CARTESIAN_POINT('',(-99.3875970112349,100.185212668623,282.5));
#8618=CARTESIAN_POINT('Origin',(-100.17323765729,102.024443153165,282.5));
#8619=CARTESIAN_POINT('Origin',(-97.4019563651798,100.424443153165,282.5));
#8620=CARTESIAN_POINT('Origin',(100.17323765729,101.824443153165,282.5));
#8621=CARTESIAN_POINT('',(101.37323765729,103.624443153165,282.5));
#8622=CARTESIAN_POINT('',(102.158878303345,102.263673637706,282.5));
#8623=CARTESIAN_POINT('Origin',(100.17323765729,102.024443153165,282.5));
#8624=CARTESIAN_POINT('',(98.9732376572898,103.624443153165,282.5));
#8625=CARTESIAN_POINT('Origin',(100.17323765729,105.224443153165,282.5));
#8626=CARTESIAN_POINT('',(98.1875970112346,102.263673637706,282.5));
#8627=CARTESIAN_POINT('Origin',(100.17323765729,102.024443153165,282.5));
#8628=CARTESIAN_POINT('',(99.3875970112348,100.185212668623,282.5));
#8629=CARTESIAN_POINT('Origin',(97.4019563651798,100.424443153165,282.5));
#8630=CARTESIAN_POINT('',(100.958878303345,100.185212668623,282.5));
#8631=CARTESIAN_POINT('Origin',(100.17323765729,102.024443153165,282.5));
#8632=CARTESIAN_POINT('Origin',(102.9445189494,100.424443153165,282.5));
#8633=CARTESIAN_POINT('Origin',(87.0244431531647,114.97323765729,282.5));
#8634=CARTESIAN_POINT('',(88.224443153165,116.77323765729,282.5));
#8635=CARTESIAN_POINT('',(89.0100837992202,115.412468141831,282.5));
#8636=CARTESIAN_POINT('Origin',(87.0244431531647,115.17323765729,282.5));
#8637=CARTESIAN_POINT('',(85.8244431531644,116.77323765729,282.5));
#8638=CARTESIAN_POINT('Origin',(87.0244431531647,118.37323765729,282.5));
#8639=CARTESIAN_POINT('',(85.0388025071093,115.412468141831,282.5));
#8640=CARTESIAN_POINT('Origin',(87.0244431531647,115.17323765729,282.5));
#8641=CARTESIAN_POINT('',(86.2388025071096,113.334007172748,282.5));
#8642=CARTESIAN_POINT('Origin',(84.2531618610546,113.57323765729,282.5));
#8643=CARTESIAN_POINT('',(87.8100837992199,113.334007172748,282.5));
#8644=CARTESIAN_POINT('Origin',(87.0244431531647,115.17323765729,282.5));
#8645=CARTESIAN_POINT('Origin',(89.7957244452749,113.57323765729,282.5));
#8646=CARTESIAN_POINT('Origin',(-93.133776778397,-62.9525938622572,251.5));
#8647=CARTESIAN_POINT('',(-95.1194174244522,-62.513363377716,251.5));
#8648=CARTESIAN_POINT('',(-94.333776778397,-61.1525938622572,251.5));
#8649=CARTESIAN_POINT('Origin',(-93.133776778397,-62.7525938622572,251.5));
#8650=CARTESIAN_POINT('',(-93.9194174244522,-64.5918243467985,251.5));
#8651=CARTESIAN_POINT('Origin',(-95.9050580705073,-64.3525938622572,251.5));
#8652=CARTESIAN_POINT('',(-92.3481361323419,-64.5918243467985,251.5));
#8653=CARTESIAN_POINT('Origin',(-93.133776778397,-62.7525938622572,251.5));
#8654=CARTESIAN_POINT('',(-91.1481361323419,-62.513363377716,251.5));
#8655=CARTESIAN_POINT('Origin',(-90.3624954862869,-64.3525938622572,251.5));
#8656=CARTESIAN_POINT('',(-91.933776778397,-61.1525938622573,251.5));
#8657=CARTESIAN_POINT('Origin',(-93.133776778397,-62.7525938622572,251.5));
#8658=CARTESIAN_POINT('Origin',(-93.133776778397,-59.5525938622572,251.5));
#8659=CARTESIAN_POINT('Origin',(58.6337767783967,-62.9525938622572,251.5));
#8660=CARTESIAN_POINT('',(56.6481361323416,-62.5133633777159,251.5));
#8661=CARTESIAN_POINT('',(57.4337767783968,-61.1525938622572,251.5));
#8662=CARTESIAN_POINT('Origin',(58.6337767783967,-62.7525938622572,251.5));
#8663=CARTESIAN_POINT('',(57.8481361323415,-64.5918243467985,251.5));
#8664=CARTESIAN_POINT('Origin',(55.8624954862865,-64.3525938622572,251.5));
#8665=CARTESIAN_POINT('',(59.4194174244519,-64.5918243467985,251.5));
#8666=CARTESIAN_POINT('Origin',(58.6337767783967,-62.7525938622572,251.5));
#8667=CARTESIAN_POINT('',(60.6194174244518,-62.513363377716,251.5));
#8668=CARTESIAN_POINT('Origin',(61.4050580705069,-64.3525938622572,251.5));
#8669=CARTESIAN_POINT('',(59.8337767783967,-61.1525938622572,251.5));
#8670=CARTESIAN_POINT('Origin',(58.6337767783967,-62.7525938622572,251.5));
#8671=CARTESIAN_POINT('Origin',(58.6337767783967,-59.5525938622572,251.5));
#8672=CARTESIAN_POINT('Origin',(-93.1337767783971,16.0525938622571,251.5));
#8673=CARTESIAN_POINT('',(-92.3481361323419,14.4133633777158,251.5));
#8674=CARTESIAN_POINT('',(-93.9194174244522,14.4133633777158,251.5));
#8675=CARTESIAN_POINT('Origin',(-93.133776778397,16.2525938622571,251.5));
#8676=CARTESIAN_POINT('',(-91.148136132342,16.4918243467983,251.5));
#8677=CARTESIAN_POINT('Origin',(-90.3624954862869,14.6525938622571,251.5));
#8678=CARTESIAN_POINT('',(-91.9337767783971,17.8525938622571,251.5));
#8679=CARTESIAN_POINT('Origin',(-93.133776778397,16.2525938622571,251.5));
#8680=CARTESIAN_POINT('',(-94.333776778397,17.8525938622571,251.5));
#8681=CARTESIAN_POINT('Origin',(-93.133776778397,19.4525938622571,251.5));
#8682=CARTESIAN_POINT('',(-95.1194174244522,16.4918243467983,251.5));
#8683=CARTESIAN_POINT('Origin',(-93.133776778397,16.2525938622571,251.5));
#8684=CARTESIAN_POINT('Origin',(-95.9050580705073,14.6525938622571,251.5));
#8685=CARTESIAN_POINT('Origin',(58.6337767783967,16.0525938622571,251.5));
#8686=CARTESIAN_POINT('',(56.6481361323416,16.4918243467983,251.5));
#8687=CARTESIAN_POINT('',(57.4337767783967,17.8525938622571,251.5));
#8688=CARTESIAN_POINT('Origin',(58.6337767783967,16.2525938622571,251.5));
#8689=CARTESIAN_POINT('',(57.8481361323415,14.4133633777158,251.5));
#8690=CARTESIAN_POINT('Origin',(55.8624954862865,14.6525938622571,251.5));
#8691=CARTESIAN_POINT('',(59.4194174244518,14.4133633777158,251.5));
#8692=CARTESIAN_POINT('Origin',(58.6337767783967,16.2525938622571,251.5));
#8693=CARTESIAN_POINT('',(60.6194174244518,16.4918243467983,251.5));
#8694=CARTESIAN_POINT('Origin',(61.4050580705069,14.6525938622571,251.5));
#8695=CARTESIAN_POINT('',(59.8337767783966,17.8525938622571,251.5));
#8696=CARTESIAN_POINT('Origin',(58.6337767783967,16.2525938622571,251.5));
#8697=CARTESIAN_POINT('Origin',(58.6337767783967,19.4525938622571,251.5));
#8698=CARTESIAN_POINT('Origin',(-17.2499999999999,-108.6,251.5));
#8699=CARTESIAN_POINT('',(-18.4499999999999,-110.4,251.5));
#8700=CARTESIAN_POINT('',(-19.2356406460551,-109.039230484541,251.5));
#8701=CARTESIAN_POINT('Origin',(-17.2499999999999,-108.8,251.5));
#8702=CARTESIAN_POINT('',(-16.0499999999998,-110.4,251.5));
#8703=CARTESIAN_POINT('Origin',(-17.2499999999999,-112.,251.5));
#8704=CARTESIAN_POINT('',(-15.2643593539447,-109.039230484541,251.5));
#8705=CARTESIAN_POINT('Origin',(-17.2499999999999,-108.8,251.5));
#8706=CARTESIAN_POINT('',(-16.4643593539448,-106.960769515459,251.5));
#8707=CARTESIAN_POINT('Origin',(-14.4787187078897,-107.2,251.5));
#8708=CARTESIAN_POINT('',(-18.035640646055,-106.960769515459,251.5));
#8709=CARTESIAN_POINT('Origin',(-17.2499999999999,-108.8,251.5));
#8710=CARTESIAN_POINT('Origin',(-20.0212812921101,-107.2,251.5));
#8711=CARTESIAN_POINT('Origin',(-17.2500000000005,62.0999999999999,251.5));
#8712=CARTESIAN_POINT('',(-16.4643593539453,60.4607695154585,251.5));
#8713=CARTESIAN_POINT('',(-18.0356406460556,60.4607695154585,251.5));
#8714=CARTESIAN_POINT('Origin',(-17.2500000000005,62.2999999999999,251.5));
#8715=CARTESIAN_POINT('',(-15.2643593539453,62.5392304845413,251.5));
#8716=CARTESIAN_POINT('Origin',(-14.4787187078902,60.6999999999999,251.5));
#8717=CARTESIAN_POINT('',(-16.0500000000004,63.9,251.5));
#8718=CARTESIAN_POINT('Origin',(-17.2500000000005,62.2999999999999,251.5));
#8719=CARTESIAN_POINT('',(-18.4500000000005,63.8999999999999,251.5));
#8720=CARTESIAN_POINT('Origin',(-17.2500000000005,65.4999999999999,251.5));
#8721=CARTESIAN_POINT('',(-19.2356406460556,62.5392304845413,251.5));
#8722=CARTESIAN_POINT('Origin',(-17.2500000000005,62.2999999999999,251.5));
#8723=CARTESIAN_POINT('Origin',(-20.0212812921107,60.6999999999999,251.5));
#8724=CARTESIAN_POINT('Origin',(87.0244431531647,-115.17323765729,294.5));
#8725=CARTESIAN_POINT('',(85.0388025071093,-114.934007172748,294.5));
#8726=CARTESIAN_POINT('',(85.8244431531644,-113.57323765729,294.5));
#8727=CARTESIAN_POINT('Origin',(84.2531618610545,-116.77323765729,294.5));
#8728=CARTESIAN_POINT('',(86.2388025071095,-117.012468141832,294.5));
#8729=CARTESIAN_POINT('Origin',(87.0244431531647,-115.17323765729,294.5));
#8730=CARTESIAN_POINT('',(87.8100837992198,-117.012468141832,294.5));
#8731=CARTESIAN_POINT('Origin',(89.7957244452748,-116.77323765729,294.5));
#8732=CARTESIAN_POINT('',(89.01008379922,-114.934007172748,294.5));
#8733=CARTESIAN_POINT('Origin',(87.0244431531647,-115.17323765729,294.5));
#8734=CARTESIAN_POINT('',(88.2244431531649,-113.57323765729,294.5));
#8735=CARTESIAN_POINT('Origin',(87.0244431531647,-111.97323765729,294.5));
#8736=CARTESIAN_POINT('Origin',(100.17323765729,-102.024443153165,294.5));
#8737=CARTESIAN_POINT('',(98.1875970112346,-101.785212668623,294.5));
#8738=CARTESIAN_POINT('',(98.9732376572897,-100.424443153164,294.5));
#8739=CARTESIAN_POINT('Origin',(97.4019563651798,-103.624443153165,294.5));
#8740=CARTESIAN_POINT('',(99.3875970112349,-103.863673637706,294.5));
#8741=CARTESIAN_POINT('Origin',(100.17323765729,-102.024443153165,294.5));
#8742=CARTESIAN_POINT('',(100.958878303345,-103.863673637706,294.5));
#8743=CARTESIAN_POINT('Origin',(102.9445189494,-103.624443153165,294.5));
#8744=CARTESIAN_POINT('',(102.158878303345,-101.785212668623,294.5));
#8745=CARTESIAN_POINT('Origin',(100.17323765729,-102.024443153165,294.5));
#8746=CARTESIAN_POINT('',(101.37323765729,-100.424443153165,294.5));
#8747=CARTESIAN_POINT('Origin',(100.17323765729,-98.8244431531647,294.5));
#8748=CARTESIAN_POINT('Origin',(-87.0244431531647,-115.17323765729,294.5));
#8749=CARTESIAN_POINT('',(-89.01008379922,-114.934007172748,294.5));
#8750=CARTESIAN_POINT('',(-88.224443153165,-113.57323765729,294.5));
#8751=CARTESIAN_POINT('Origin',(-87.0244431531647,-115.17323765729,294.5));
#8752=CARTESIAN_POINT('',(-89.01008379922,-114.934007172748,294.5));
#8753=CARTESIAN_POINT('',(-88.224443153165,-113.57323765729,294.5));
#8754=CARTESIAN_POINT('Origin',(-89.7957244452749,-116.77323765729,294.5));
#8755=CARTESIAN_POINT('',(-87.8100837992198,-117.012468141832,294.5));
#8756=CARTESIAN_POINT('Origin',(-89.7957244452749,-116.77323765729,294.5));
#8757=CARTESIAN_POINT('',(-87.8100837992198,-117.012468141832,294.5));
#8758=CARTESIAN_POINT('Origin',(-87.0244431531647,-115.17323765729,294.5));
#8759=CARTESIAN_POINT('',(-86.2388025071095,-117.012468141832,294.5));
#8760=CARTESIAN_POINT('Origin',(-87.0244431531647,-115.17323765729,294.5));
#8761=CARTESIAN_POINT('',(-86.2388025071095,-117.012468141832,294.5));
#8762=CARTESIAN_POINT('Origin',(-84.2531618610545,-116.77323765729,294.5));
#8763=CARTESIAN_POINT('',(-85.0388025071092,-114.934007172748,294.5));
#8764=CARTESIAN_POINT('Origin',(-84.2531618610545,-116.77323765729,294.5));
#8765=CARTESIAN_POINT('',(-85.0388025071092,-114.934007172748,294.5));
#8766=CARTESIAN_POINT('Origin',(-87.0244431531647,-115.17323765729,294.5));
#8767=CARTESIAN_POINT('',(-85.8244431531644,-113.57323765729,294.5));
#8768=CARTESIAN_POINT('Origin',(-87.0244431531647,-115.17323765729,294.5));
#8769=CARTESIAN_POINT('',(-85.8244431531644,-113.57323765729,294.5));
#8770=CARTESIAN_POINT('Origin',(-87.0244431531647,-111.97323765729,294.5));
#8771=CARTESIAN_POINT('Origin',(-87.0244431531647,-111.97323765729,294.5));
#8772=CARTESIAN_POINT('Origin',(-100.17323765729,-102.024443153165,294.5));
#8773=CARTESIAN_POINT('',(-102.158878303345,-101.785212668623,294.5));
#8774=CARTESIAN_POINT('',(-101.37323765729,-100.424443153164,294.5));
#8775=CARTESIAN_POINT('Origin',(-100.17323765729,-102.024443153165,294.5));
#8776=CARTESIAN_POINT('',(-102.158878303345,-101.785212668623,294.5));
#8777=CARTESIAN_POINT('',(-101.37323765729,-100.424443153164,294.5));
#8778=CARTESIAN_POINT('Origin',(-102.9445189494,-103.624443153165,294.5));
#8779=CARTESIAN_POINT('',(-100.958878303345,-103.863673637706,294.5));
#8780=CARTESIAN_POINT('Origin',(-102.9445189494,-103.624443153165,294.5));
#8781=CARTESIAN_POINT('',(-100.958878303345,-103.863673637706,294.5));
#8782=CARTESIAN_POINT('Origin',(-100.17323765729,-102.024443153165,294.5));
#8783=CARTESIAN_POINT('',(-99.3875970112348,-103.863673637706,294.5));
#8784=CARTESIAN_POINT('Origin',(-100.17323765729,-102.024443153165,294.5));
#8785=CARTESIAN_POINT('',(-99.3875970112348,-103.863673637706,294.5));
#8786=CARTESIAN_POINT('Origin',(-97.4019563651798,-103.624443153165,294.5));
#8787=CARTESIAN_POINT('',(-98.1875970112345,-101.785212668623,294.5));
#8788=CARTESIAN_POINT('Origin',(-97.4019563651798,-103.624443153165,294.5));
#8789=CARTESIAN_POINT('',(-98.1875970112345,-101.785212668623,294.5));
#8790=CARTESIAN_POINT('Origin',(-100.17323765729,-102.024443153165,294.5));
#8791=CARTESIAN_POINT('',(-98.9732376572896,-100.424443153164,294.5));
#8792=CARTESIAN_POINT('Origin',(-100.17323765729,-102.024443153165,294.5));
#8793=CARTESIAN_POINT('',(-98.9732376572896,-100.424443153164,294.5));
#8794=CARTESIAN_POINT('Origin',(-100.17323765729,-98.8244431531647,294.5));
#8795=CARTESIAN_POINT('Origin',(-100.17323765729,-98.8244431531647,294.5));
#8796=CARTESIAN_POINT('Origin',(-87.0244431531647,115.17323765729,294.5));
#8797=CARTESIAN_POINT('',(-85.8244431531644,116.77323765729,294.5));
#8798=CARTESIAN_POINT('',(-85.0388025071093,115.412468141831,294.5));
#8799=CARTESIAN_POINT('Origin',(-87.0244431531647,115.17323765729,294.5));
#8800=CARTESIAN_POINT('',(-85.8244431531644,116.77323765729,294.5));
#8801=CARTESIAN_POINT('',(-85.0388025071093,115.412468141831,294.5));
#8802=CARTESIAN_POINT('Origin',(-87.0244431531647,118.37323765729,294.5));
#8803=CARTESIAN_POINT('',(-88.224443153165,116.77323765729,294.5));
#8804=CARTESIAN_POINT('Origin',(-87.0244431531647,118.37323765729,294.5));
#8805=CARTESIAN_POINT('',(-88.224443153165,116.77323765729,294.5));
#8806=CARTESIAN_POINT('Origin',(-87.0244431531647,115.17323765729,294.5));
#8807=CARTESIAN_POINT('',(-89.0100837992202,115.412468141831,294.5));
#8808=CARTESIAN_POINT('Origin',(-87.0244431531647,115.17323765729,294.5));
#8809=CARTESIAN_POINT('',(-89.0100837992202,115.412468141831,294.5));
#8810=CARTESIAN_POINT('Origin',(-89.7957244452749,113.57323765729,294.5));
#8811=CARTESIAN_POINT('',(-87.8100837992199,113.334007172748,294.5));
#8812=CARTESIAN_POINT('Origin',(-89.7957244452749,113.57323765729,294.5));
#8813=CARTESIAN_POINT('',(-87.8100837992199,113.334007172748,294.5));
#8814=CARTESIAN_POINT('Origin',(-87.0244431531647,115.17323765729,294.5));
#8815=CARTESIAN_POINT('',(-86.2388025071096,113.334007172748,294.5));
#8816=CARTESIAN_POINT('Origin',(-87.0244431531647,115.17323765729,294.5));
#8817=CARTESIAN_POINT('',(-86.2388025071096,113.334007172748,294.5));
#8818=CARTESIAN_POINT('Origin',(-84.2531618610546,113.57323765729,294.5));
#8819=CARTESIAN_POINT('Origin',(-84.2531618610546,113.57323765729,294.5));
#8820=CARTESIAN_POINT('Origin',(-100.17323765729,102.024443153165,294.5));
#8821=CARTESIAN_POINT('',(-102.158878303345,102.263673637706,294.5));
#8822=CARTESIAN_POINT('',(-101.37323765729,103.624443153165,294.5));
#8823=CARTESIAN_POINT('Origin',(-100.17323765729,102.024443153165,294.5));
#8824=CARTESIAN_POINT('',(-102.158878303345,102.263673637706,294.5));
#8825=CARTESIAN_POINT('',(-101.37323765729,103.624443153165,294.5));
#8826=CARTESIAN_POINT('Origin',(-102.9445189494,100.424443153165,294.5));
#8827=CARTESIAN_POINT('',(-100.958878303345,100.185212668623,294.5));
#8828=CARTESIAN_POINT('Origin',(-102.9445189494,100.424443153165,294.5));
#8829=CARTESIAN_POINT('',(-100.958878303345,100.185212668623,294.5));
#8830=CARTESIAN_POINT('Origin',(-100.17323765729,102.024443153165,294.5));
#8831=CARTESIAN_POINT('',(-99.3875970112349,100.185212668623,294.5));
#8832=CARTESIAN_POINT('Origin',(-100.17323765729,102.024443153165,294.5));
#8833=CARTESIAN_POINT('',(-99.3875970112349,100.185212668623,294.5));
#8834=CARTESIAN_POINT('Origin',(-97.4019563651798,100.424443153165,294.5));
#8835=CARTESIAN_POINT('',(-98.1875970112346,102.263673637706,294.5));
#8836=CARTESIAN_POINT('Origin',(-97.4019563651798,100.424443153165,294.5));
#8837=CARTESIAN_POINT('',(-98.1875970112346,102.263673637706,294.5));
#8838=CARTESIAN_POINT('Origin',(-100.17323765729,102.024443153165,294.5));
#8839=CARTESIAN_POINT('',(-98.9732376572897,103.624443153165,294.5));
#8840=CARTESIAN_POINT('Origin',(-100.17323765729,102.024443153165,294.5));
#8841=CARTESIAN_POINT('',(-98.9732376572897,103.624443153165,294.5));
#8842=CARTESIAN_POINT('Origin',(-100.17323765729,105.224443153165,294.5));
#8843=CARTESIAN_POINT('Origin',(-100.17323765729,105.224443153165,294.5));
#8844=CARTESIAN_POINT('Origin',(100.17323765729,102.024443153165,294.5));
#8845=CARTESIAN_POINT('',(98.1875970112346,102.263673637706,294.5));
#8846=CARTESIAN_POINT('',(98.9732376572898,103.624443153165,294.5));
#8847=CARTESIAN_POINT('Origin',(100.17323765729,102.024443153165,294.5));
#8848=CARTESIAN_POINT('',(98.1875970112346,102.263673637706,294.5));
#8849=CARTESIAN_POINT('',(98.9732376572898,103.624443153165,294.5));
#8850=CARTESIAN_POINT('Origin',(97.4019563651798,100.424443153165,294.5));
#8851=CARTESIAN_POINT('',(99.3875970112348,100.185212668623,294.5));
#8852=CARTESIAN_POINT('Origin',(97.4019563651798,100.424443153165,294.5));
#8853=CARTESIAN_POINT('',(99.3875970112348,100.185212668623,294.5));
#8854=CARTESIAN_POINT('Origin',(100.17323765729,102.024443153165,294.5));
#8855=CARTESIAN_POINT('',(100.958878303345,100.185212668623,294.5));
#8856=CARTESIAN_POINT('Origin',(100.17323765729,102.024443153165,294.5));
#8857=CARTESIAN_POINT('',(100.958878303345,100.185212668623,294.5));
#8858=CARTESIAN_POINT('Origin',(102.9445189494,100.424443153165,294.5));
#8859=CARTESIAN_POINT('',(102.158878303345,102.263673637706,294.5));
#8860=CARTESIAN_POINT('Origin',(102.9445189494,100.424443153165,294.5));
#8861=CARTESIAN_POINT('',(102.158878303345,102.263673637706,294.5));
#8862=CARTESIAN_POINT('Origin',(100.17323765729,102.024443153165,294.5));
#8863=CARTESIAN_POINT('',(101.37323765729,103.624443153165,294.5));
#8864=CARTESIAN_POINT('Origin',(100.17323765729,102.024443153165,294.5));
#8865=CARTESIAN_POINT('',(101.37323765729,103.624443153165,294.5));
#8866=CARTESIAN_POINT('Origin',(100.17323765729,105.224443153165,294.5));
#8867=CARTESIAN_POINT('Origin',(100.17323765729,105.224443153165,294.5));
#8868=CARTESIAN_POINT('Origin',(87.0244431531647,115.17323765729,294.5));
#8869=CARTESIAN_POINT('',(85.0388025071093,115.412468141831,294.5));
#8870=CARTESIAN_POINT('',(85.8244431531644,116.77323765729,294.5));
#8871=CARTESIAN_POINT('Origin',(87.0244431531647,115.17323765729,294.5));
#8872=CARTESIAN_POINT('',(85.0388025071093,115.412468141831,294.5));
#8873=CARTESIAN_POINT('',(85.8244431531644,116.77323765729,294.5));
#8874=CARTESIAN_POINT('Origin',(84.2531618610546,113.57323765729,294.5));
#8875=CARTESIAN_POINT('',(86.2388025071096,113.334007172748,294.5));
#8876=CARTESIAN_POINT('Origin',(84.2531618610546,113.57323765729,294.5));
#8877=CARTESIAN_POINT('',(86.2388025071096,113.334007172748,294.5));
#8878=CARTESIAN_POINT('Origin',(87.0244431531647,115.17323765729,294.5));
#8879=CARTESIAN_POINT('',(87.8100837992199,113.334007172748,294.5));
#8880=CARTESIAN_POINT('Origin',(87.0244431531647,115.17323765729,294.5));
#8881=CARTESIAN_POINT('',(87.8100837992199,113.334007172748,294.5));
#8882=CARTESIAN_POINT('Origin',(89.7957244452749,113.57323765729,294.5));
#8883=CARTESIAN_POINT('',(89.0100837992202,115.412468141831,294.5));
#8884=CARTESIAN_POINT('Origin',(89.7957244452749,113.57323765729,294.5));
#8885=CARTESIAN_POINT('',(89.0100837992202,115.412468141831,294.5));
#8886=CARTESIAN_POINT('Origin',(87.0244431531647,115.17323765729,294.5));
#8887=CARTESIAN_POINT('',(88.224443153165,116.77323765729,294.5));
#8888=CARTESIAN_POINT('Origin',(87.0244431531647,115.17323765729,294.5));
#8889=CARTESIAN_POINT('',(88.224443153165,116.77323765729,294.5));
#8890=CARTESIAN_POINT('Origin',(87.0244431531647,118.37323765729,294.5));
#8891=CARTESIAN_POINT('Origin',(87.0244431531647,118.37323765729,294.5));
#8892=CARTESIAN_POINT('Origin',(90.9955154596874,105.995515459688,267.5));
#8893=CARTESIAN_POINT('',(90.9955154596874,105.995515459688,264.5));
#8894=CARTESIAN_POINT('',(89.8041937677306,108.748832118968,267.5));
#8895=CARTESIAN_POINT('Origin',(90.9955154596874,105.995515459688,267.5));
#8896=CARTESIAN_POINT('',(93.7488321189682,104.804193767731,267.5));
#8897=CARTESIAN_POINT('Origin',(90.9955154596874,105.995515459688,267.5));
#8898=CARTESIAN_POINT('Origin',(90.9955154596874,105.995515459688,267.5));
#8899=CARTESIAN_POINT('Origin',(90.9955154596874,105.995515459688,264.5));
#8900=CARTESIAN_POINT('',(93.7488321189682,104.804193767731,294.5));
#8901=CARTESIAN_POINT('',(89.8041937677306,108.748832118968,294.5));
#8902=CARTESIAN_POINT('Origin',(90.9955154596874,105.995515459688,294.5));
#8903=CARTESIAN_POINT('',(89.8041937677306,108.748832118968,264.5));
#8904=CARTESIAN_POINT('',(93.7488321189682,104.804193767731,264.5));
#8905=CARTESIAN_POINT('Origin',(-93.133776778397,-62.7525938622572,263.5));
#8906=CARTESIAN_POINT('',(-92.3481361323419,-64.5918243467985,263.5));
#8907=CARTESIAN_POINT('',(-93.9194174244522,-64.5918243467985,263.5));
#8908=CARTESIAN_POINT('Origin',(-93.133776778397,-62.7525938622572,263.5));
#8909=CARTESIAN_POINT('',(-92.3481361323419,-64.5918243467985,263.5));
#8910=CARTESIAN_POINT('',(-93.9194174244522,-64.5918243467985,263.5));
#8911=CARTESIAN_POINT('Origin',(-90.3624954862869,-64.3525938622572,263.5));
#8912=CARTESIAN_POINT('',(-91.1481361323419,-62.513363377716,263.5));
#8913=CARTESIAN_POINT('Origin',(-90.3624954862869,-64.3525938622572,263.5));
#8914=CARTESIAN_POINT('',(-91.1481361323419,-62.513363377716,263.5));
#8915=CARTESIAN_POINT('Origin',(-93.133776778397,-62.7525938622572,263.5));
#8916=CARTESIAN_POINT('',(-91.933776778397,-61.1525938622573,263.5));
#8917=CARTESIAN_POINT('Origin',(-93.133776778397,-62.7525938622572,263.5));
#8918=CARTESIAN_POINT('',(-91.933776778397,-61.1525938622573,263.5));
#8919=CARTESIAN_POINT('Origin',(-93.133776778397,-59.5525938622572,263.5));
#8920=CARTESIAN_POINT('',(-94.333776778397,-61.1525938622572,263.5));
#8921=CARTESIAN_POINT('Origin',(-93.133776778397,-59.5525938622572,263.5));
#8922=CARTESIAN_POINT('',(-94.333776778397,-61.1525938622572,263.5));
#8923=CARTESIAN_POINT('Origin',(-93.133776778397,-62.7525938622572,263.5));
#8924=CARTESIAN_POINT('',(-95.1194174244522,-62.513363377716,263.5));
#8925=CARTESIAN_POINT('Origin',(-93.133776778397,-62.7525938622572,263.5));
#8926=CARTESIAN_POINT('',(-95.1194174244522,-62.513363377716,263.5));
#8927=CARTESIAN_POINT('Origin',(-95.9050580705073,-64.3525938622572,263.5));
#8928=CARTESIAN_POINT('Origin',(-95.9050580705073,-64.3525938622572,263.5));
#8929=CARTESIAN_POINT('Origin',(58.6337767783967,-62.7525938622572,263.5));
#8930=CARTESIAN_POINT('',(59.4194174244519,-64.5918243467985,263.5));
#8931=CARTESIAN_POINT('',(57.8481361323415,-64.5918243467985,263.5));
#8932=CARTESIAN_POINT('Origin',(58.6337767783967,-62.7525938622572,263.5));
#8933=CARTESIAN_POINT('',(59.4194174244519,-64.5918243467985,263.5));
#8934=CARTESIAN_POINT('',(57.8481361323415,-64.5918243467985,263.5));
#8935=CARTESIAN_POINT('Origin',(61.4050580705069,-64.3525938622572,263.5));
#8936=CARTESIAN_POINT('',(60.6194174244518,-62.513363377716,263.5));
#8937=CARTESIAN_POINT('Origin',(61.4050580705069,-64.3525938622572,263.5));
#8938=CARTESIAN_POINT('',(60.6194174244518,-62.513363377716,263.5));
#8939=CARTESIAN_POINT('Origin',(58.6337767783967,-62.7525938622572,263.5));
#8940=CARTESIAN_POINT('',(59.8337767783967,-61.1525938622572,263.5));
#8941=CARTESIAN_POINT('Origin',(58.6337767783967,-62.7525938622572,263.5));
#8942=CARTESIAN_POINT('',(59.8337767783967,-61.1525938622572,263.5));
#8943=CARTESIAN_POINT('Origin',(58.6337767783967,-59.5525938622572,263.5));
#8944=CARTESIAN_POINT('',(57.4337767783968,-61.1525938622572,263.5));
#8945=CARTESIAN_POINT('Origin',(58.6337767783967,-59.5525938622572,263.5));
#8946=CARTESIAN_POINT('',(57.4337767783968,-61.1525938622572,263.5));
#8947=CARTESIAN_POINT('Origin',(58.6337767783967,-62.7525938622572,263.5));
#8948=CARTESIAN_POINT('',(56.6481361323416,-62.5133633777159,263.5));
#8949=CARTESIAN_POINT('Origin',(58.6337767783967,-62.7525938622572,263.5));
#8950=CARTESIAN_POINT('',(56.6481361323416,-62.5133633777159,263.5));
#8951=CARTESIAN_POINT('Origin',(55.8624954862865,-64.3525938622572,263.5));
#8952=CARTESIAN_POINT('Origin',(55.8624954862865,-64.3525938622572,263.5));
#8953=CARTESIAN_POINT('Origin',(-93.133776778397,16.2525938622571,263.5));
#8954=CARTESIAN_POINT('',(-91.9337767783971,17.8525938622571,263.5));
#8955=CARTESIAN_POINT('',(-91.148136132342,16.4918243467983,263.5));
#8956=CARTESIAN_POINT('Origin',(-93.133776778397,16.2525938622571,263.5));
#8957=CARTESIAN_POINT('',(-91.9337767783971,17.8525938622571,263.5));
#8958=CARTESIAN_POINT('',(-91.148136132342,16.4918243467983,263.5));
#8959=CARTESIAN_POINT('Origin',(-93.133776778397,19.4525938622571,263.5));
#8960=CARTESIAN_POINT('',(-94.333776778397,17.8525938622571,263.5));
#8961=CARTESIAN_POINT('Origin',(-93.133776778397,19.4525938622571,263.5));
#8962=CARTESIAN_POINT('',(-94.333776778397,17.8525938622571,263.5));
#8963=CARTESIAN_POINT('Origin',(-93.133776778397,16.2525938622571,263.5));
#8964=CARTESIAN_POINT('',(-95.1194174244522,16.4918243467983,263.5));
#8965=CARTESIAN_POINT('Origin',(-93.133776778397,16.2525938622571,263.5));
#8966=CARTESIAN_POINT('',(-95.1194174244522,16.4918243467983,263.5));
#8967=CARTESIAN_POINT('Origin',(-95.9050580705073,14.6525938622571,263.5));
#8968=CARTESIAN_POINT('',(-93.9194174244522,14.4133633777158,263.5));
#8969=CARTESIAN_POINT('Origin',(-95.9050580705073,14.6525938622571,263.5));
#8970=CARTESIAN_POINT('',(-93.9194174244522,14.4133633777158,263.5));
#8971=CARTESIAN_POINT('Origin',(-93.133776778397,16.2525938622571,263.5));
#8972=CARTESIAN_POINT('',(-92.3481361323419,14.4133633777158,263.5));
#8973=CARTESIAN_POINT('Origin',(-93.133776778397,16.2525938622571,263.5));
#8974=CARTESIAN_POINT('',(-92.3481361323419,14.4133633777158,263.5));
#8975=CARTESIAN_POINT('Origin',(-90.3624954862869,14.6525938622571,263.5));
#8976=CARTESIAN_POINT('Origin',(-90.3624954862869,14.6525938622571,263.5));
#8977=CARTESIAN_POINT('Origin',(58.6337767783967,16.2525938622571,263.5));
#8978=CARTESIAN_POINT('',(59.4194174244518,14.4133633777158,263.5));
#8979=CARTESIAN_POINT('',(57.8481361323415,14.4133633777158,263.5));
#8980=CARTESIAN_POINT('Origin',(58.6337767783967,16.2525938622571,263.5));
#8981=CARTESIAN_POINT('',(59.4194174244518,14.4133633777158,263.5));
#8982=CARTESIAN_POINT('',(57.8481361323415,14.4133633777158,263.5));
#8983=CARTESIAN_POINT('Origin',(61.4050580705069,14.6525938622571,263.5));
#8984=CARTESIAN_POINT('',(60.6194174244518,16.4918243467983,263.5));
#8985=CARTESIAN_POINT('Origin',(61.4050580705069,14.6525938622571,263.5));
#8986=CARTESIAN_POINT('',(60.6194174244518,16.4918243467983,263.5));
#8987=CARTESIAN_POINT('Origin',(58.6337767783967,16.2525938622571,263.5));
#8988=CARTESIAN_POINT('',(59.8337767783966,17.8525938622571,263.5));
#8989=CARTESIAN_POINT('Origin',(58.6337767783967,16.2525938622571,263.5));
#8990=CARTESIAN_POINT('',(59.8337767783966,17.8525938622571,263.5));
#8991=CARTESIAN_POINT('Origin',(58.6337767783967,19.4525938622571,263.5));
#8992=CARTESIAN_POINT('',(57.4337767783967,17.8525938622571,263.5));
#8993=CARTESIAN_POINT('Origin',(58.6337767783967,19.4525938622571,263.5));
#8994=CARTESIAN_POINT('',(57.4337767783967,17.8525938622571,263.5));
#8995=CARTESIAN_POINT('Origin',(58.6337767783967,16.2525938622571,263.5));
#8996=CARTESIAN_POINT('',(56.6481361323416,16.4918243467983,263.5));
#8997=CARTESIAN_POINT('Origin',(58.6337767783967,16.2525938622571,263.5));
#8998=CARTESIAN_POINT('',(56.6481361323416,16.4918243467983,263.5));
#8999=CARTESIAN_POINT('Origin',(55.8624954862865,14.6525938622571,263.5));
#9000=CARTESIAN_POINT('Origin',(55.8624954862865,14.6525938622571,263.5));
#9001=CARTESIAN_POINT('Origin',(-17.2499999999999,-108.8,263.5));
#9002=CARTESIAN_POINT('',(-15.2643593539447,-109.039230484541,263.5));
#9003=CARTESIAN_POINT('',(-16.0499999999998,-110.4,263.5));
#9004=CARTESIAN_POINT('Origin',(-17.2499999999999,-108.8,263.5));
#9005=CARTESIAN_POINT('',(-15.2643593539447,-109.039230484541,263.5));
#9006=CARTESIAN_POINT('',(-16.0499999999998,-110.4,263.5));
#9007=CARTESIAN_POINT('Origin',(-14.4787187078897,-107.2,263.5));
#9008=CARTESIAN_POINT('',(-16.4643593539448,-106.960769515459,263.5));
#9009=CARTESIAN_POINT('Origin',(-14.4787187078897,-107.2,263.5));
#9010=CARTESIAN_POINT('',(-16.4643593539448,-106.960769515459,263.5));
#9011=CARTESIAN_POINT('Origin',(-17.2499999999999,-108.8,263.5));
#9012=CARTESIAN_POINT('',(-18.035640646055,-106.960769515459,263.5));
#9013=CARTESIAN_POINT('Origin',(-17.2499999999999,-108.8,263.5));
#9014=CARTESIAN_POINT('',(-18.035640646055,-106.960769515459,263.5));
#9015=CARTESIAN_POINT('Origin',(-20.0212812921101,-107.2,263.5));
#9016=CARTESIAN_POINT('',(-19.2356406460551,-109.039230484541,263.5));
#9017=CARTESIAN_POINT('Origin',(-20.0212812921101,-107.2,263.5));
#9018=CARTESIAN_POINT('',(-19.2356406460551,-109.039230484541,263.5));
#9019=CARTESIAN_POINT('Origin',(-17.2499999999999,-108.8,263.5));
#9020=CARTESIAN_POINT('',(-18.4499999999999,-110.4,263.5));
#9021=CARTESIAN_POINT('Origin',(-17.2499999999999,-108.8,263.5));
#9022=CARTESIAN_POINT('',(-18.4499999999999,-110.4,263.5));
#9023=CARTESIAN_POINT('Origin',(-17.2499999999999,-112.,263.5));
#9024=CARTESIAN_POINT('Origin',(-17.2499999999999,-112.,263.5));
#9025=CARTESIAN_POINT('Origin',(-17.2500000000005,62.2999999999999,263.5));
#9026=CARTESIAN_POINT('',(-16.0500000000004,63.9,263.5));
#9027=CARTESIAN_POINT('',(-15.2643593539453,62.5392304845413,263.5));
#9028=CARTESIAN_POINT('Origin',(-17.2500000000005,62.2999999999999,263.5));
#9029=CARTESIAN_POINT('',(-16.0500000000004,63.9,263.5));
#9030=CARTESIAN_POINT('',(-15.2643593539453,62.5392304845413,263.5));
#9031=CARTESIAN_POINT('Origin',(-17.2500000000005,65.4999999999999,263.5));
#9032=CARTESIAN_POINT('',(-18.4500000000005,63.8999999999999,263.5));
#9033=CARTESIAN_POINT('Origin',(-17.2500000000005,65.4999999999999,263.5));
#9034=CARTESIAN_POINT('',(-18.4500000000005,63.8999999999999,263.5));
#9035=CARTESIAN_POINT('Origin',(-17.2500000000005,62.2999999999999,263.5));
#9036=CARTESIAN_POINT('',(-19.2356406460556,62.5392304845413,263.5));
#9037=CARTESIAN_POINT('Origin',(-17.2500000000005,62.2999999999999,263.5));
#9038=CARTESIAN_POINT('',(-19.2356406460556,62.5392304845413,263.5));
#9039=CARTESIAN_POINT('Origin',(-20.0212812921107,60.6999999999999,263.5));
#9040=CARTESIAN_POINT('',(-18.0356406460556,60.4607695154585,263.5));
#9041=CARTESIAN_POINT('Origin',(-20.0212812921107,60.6999999999999,263.5));
#9042=CARTESIAN_POINT('',(-18.0356406460556,60.4607695154585,263.5));
#9043=CARTESIAN_POINT('Origin',(-17.2500000000005,62.2999999999999,263.5));
#9044=CARTESIAN_POINT('',(-16.4643593539453,60.4607695154585,263.5));
#9045=CARTESIAN_POINT('Origin',(-17.2500000000005,62.2999999999999,263.5));
#9046=CARTESIAN_POINT('',(-16.4643593539453,60.4607695154585,263.5));
#9047=CARTESIAN_POINT('Origin',(-14.4787187078902,60.6999999999999,263.5));
#9048=CARTESIAN_POINT('Origin',(-14.4787187078902,60.6999999999999,263.5));
#9049=CARTESIAN_POINT('Origin',(97.3185541414229,92.4405617878599,264.5));
#9050=CARTESIAN_POINT('',(98.9311673140046,94.97028089393,267.376794167097));
#9051=CARTESIAN_POINT('',(98.1749591961831,95.3157261974513,267.376794167097));
#9052=CARTESIAN_POINT('Origin',(97.3185541414229,92.4405617878599,267.376794167097));
#9053=CARTESIAN_POINT('',(98.9311673140046,94.97028089393,294.5));
#9054=CARTESIAN_POINT('',(98.9311673140046,94.97028089393,264.5));
#9055=CARTESIAN_POINT('',(98.174959196183,95.3157261974513,294.5));
#9056=CARTESIAN_POINT('Origin',(97.3185541414229,92.4405617878599,294.5));
#9057=CARTESIAN_POINT('',(98.174959196183,95.3157261974513,264.5));
#9058=CARTESIAN_POINT('Origin',(97.318554141423,-92.4405617878599,264.5));
#9059=CARTESIAN_POINT('',(98.1749591961831,-95.3157261974513,267.5));
#9060=CARTESIAN_POINT('',(98.9311673140047,-94.9702808939299,267.5));
#9061=CARTESIAN_POINT('Origin',(97.318554141423,-92.4405617878599,267.5));
#9062=CARTESIAN_POINT('',(98.1749591961831,-95.3157261974513,264.5));
#9063=CARTESIAN_POINT('',(98.9311673140047,-94.9702808939299,264.5));
#9064=CARTESIAN_POINT('Origin',(77.4405617878599,-112.318554141423,264.5));
#9065=CARTESIAN_POINT('',(79.97028089393,-113.931167314005,267.5));
#9066=CARTESIAN_POINT('',(80.3157261974513,-113.174959196183,267.5));
#9067=CARTESIAN_POINT('Origin',(77.4405617878599,-112.318554141423,267.5));
#9068=CARTESIAN_POINT('',(79.97028089393,-113.931167314005,264.5));
#9069=CARTESIAN_POINT('',(80.3157261974513,-113.174959196183,264.5));
#9070=CARTESIAN_POINT('Origin',(-77.4405617878595,-112.318554141423,264.5));
#9071=CARTESIAN_POINT('',(-80.315726197451,-113.174959196183,267.5));
#9072=CARTESIAN_POINT('',(-79.9702808939298,-113.931167314005,267.5));
#9073=CARTESIAN_POINT('Origin',(-77.4405617878595,-112.318554141423,267.5));
#9074=CARTESIAN_POINT('',(-80.315726197451,-113.174959196183,294.5));
#9075=CARTESIAN_POINT('',(-80.315726197451,-113.174959196183,264.5));
#9076=CARTESIAN_POINT('',(-79.9702808939298,-113.931167314005,294.5));
#9077=CARTESIAN_POINT('Origin',(-77.4405617878595,-112.318554141423,294.5));
#9078=CARTESIAN_POINT('',(-79.9702808939298,-113.931167314005,264.5));
#9079=CARTESIAN_POINT('Origin',(-90.9955154596872,-105.995515459687,264.5));
#9080=CARTESIAN_POINT('',(-93.748832118968,-104.80419376773,294.5));
#9081=CARTESIAN_POINT('',(-89.8041937677304,-108.748832118968,294.5));
#9082=CARTESIAN_POINT('Origin',(-90.9955154596872,-105.995515459687,294.5));
#9083=CARTESIAN_POINT('',(-89.8041937677304,-108.748832118968,267.5));
#9084=CARTESIAN_POINT('',(-89.8041937677304,-108.748832118968,264.5));
#9085=CARTESIAN_POINT('',(-93.748832118968,-104.80419376773,267.5));
#9086=CARTESIAN_POINT('Origin',(-90.9955154596872,-105.995515459687,267.5));
#9087=CARTESIAN_POINT('',(-93.748832118968,-104.80419376773,264.5));
#9088=CARTESIAN_POINT('Origin',(-97.3185541414229,-92.4405617878599,264.5));
#9089=CARTESIAN_POINT('',(-98.9311673140047,-94.9702808939299,267.5));
#9090=CARTESIAN_POINT('',(-98.174959196183,-95.3157261974513,267.5));
#9091=CARTESIAN_POINT('Origin',(-97.3185541414229,-92.4405617878599,267.5));
#9092=CARTESIAN_POINT('',(-98.9311673140047,-94.9702808939299,294.5));
#9093=CARTESIAN_POINT('',(-98.9311673140047,-94.9702808939299,264.5));
#9094=CARTESIAN_POINT('',(-98.174959196183,-95.3157261974513,294.5));
#9095=CARTESIAN_POINT('Origin',(-97.3185541414229,-92.4405617878599,294.5));
#9096=CARTESIAN_POINT('',(-98.174959196183,-95.3157261974513,264.5));
#9097=CARTESIAN_POINT('Origin',(-94.5,-109.5,294.5));
#9098=CARTESIAN_POINT('Origin',(-82.5,-115.543780486586,294.5));
#9099=CARTESIAN_POINT('Origin',(-87.0244431531647,-115.17323765729,294.5));
#9100=CARTESIAN_POINT('Origin',(-100.17323765729,-102.024443153165,294.5));
#9101=CARTESIAN_POINT('',(-100.543780486586,-94.5,294.5));
#9102=CARTESIAN_POINT('Origin',(-100.543780486586,-97.5,294.5));
#9103=CARTESIAN_POINT('',(-97.,-94.5,294.5));
#9104=CARTESIAN_POINT('Origin',(-97.3185541414229,92.4405617878599,264.5));
#9105=CARTESIAN_POINT('',(-98.174959196183,95.3157261974514,267.5));
#9106=CARTESIAN_POINT('',(-98.9311673140047,94.97028089393,267.5));
#9107=CARTESIAN_POINT('Origin',(-97.3185541414229,92.4405617878599,267.5));
#9108=CARTESIAN_POINT('',(-98.174959196183,95.3157261974514,294.5));
#9109=CARTESIAN_POINT('',(-98.174959196183,95.3157261974514,264.5));
#9110=CARTESIAN_POINT('',(-98.9311673140047,94.97028089393,294.5));
#9111=CARTESIAN_POINT('Origin',(-97.3185541414229,92.4405617878599,294.5));
#9112=CARTESIAN_POINT('',(-98.9311673140047,94.97028089393,264.5));
#9113=CARTESIAN_POINT('Origin',(-90.9955154596874,105.995515459687,264.5));
#9114=CARTESIAN_POINT('',(-89.8041937677306,108.748832118968,294.5));
#9115=CARTESIAN_POINT('',(-93.7488321189682,104.804193767731,294.5));
#9116=CARTESIAN_POINT('Origin',(-90.9955154596874,105.995515459687,294.5));
#9117=CARTESIAN_POINT('',(-93.7488321189682,104.804193767731,267.5));
#9118=CARTESIAN_POINT('',(-93.7488321189682,104.804193767731,264.5));
#9119=CARTESIAN_POINT('',(-89.8041937677306,108.748832118968,267.5));
#9120=CARTESIAN_POINT('Origin',(-90.9955154596874,105.995515459687,267.5));
#9121=CARTESIAN_POINT('',(-89.8041937677306,108.748832118968,264.5));
#9122=CARTESIAN_POINT('Origin',(-77.44056178786,112.318554141423,264.5));
#9123=CARTESIAN_POINT('',(-79.97028089393,113.931167314005,267.5));
#9124=CARTESIAN_POINT('',(-80.3157261974514,113.174959196183,267.5));
#9125=CARTESIAN_POINT('Origin',(-77.44056178786,112.318554141423,267.5));
#9126=CARTESIAN_POINT('',(-79.97028089393,113.931167314005,294.5));
#9127=CARTESIAN_POINT('',(-79.97028089393,113.931167314005,264.5));
#9128=CARTESIAN_POINT('',(-80.3157261974514,113.174959196183,294.5));
#9129=CARTESIAN_POINT('Origin',(-77.44056178786,112.318554141423,294.5));
#9130=CARTESIAN_POINT('',(-80.3157261974514,113.174959196183,264.5));
#9131=CARTESIAN_POINT('Origin',(-94.5,109.5,294.5));
#9132=CARTESIAN_POINT('Origin',(-100.543780486586,97.5,294.5));
#9133=CARTESIAN_POINT('Origin',(-100.17323765729,102.024443153165,294.5));
#9134=CARTESIAN_POINT('Origin',(-87.0244431531647,115.17323765729,294.5));
#9135=CARTESIAN_POINT('Origin',(-82.5,115.543780486586,294.5));
#9136=CARTESIAN_POINT('Origin',(-65.,-119.5,264.5));
#9137=CARTESIAN_POINT('',(-62.75,-119.5,257.));
#9138=CARTESIAN_POINT('Origin',(-65.,-119.5,257.));
#9139=CARTESIAN_POINT('',(-62.75,-119.5,249.));
#9140=CARTESIAN_POINT('',(-62.75,-119.5,264.5));
#9141=CARTESIAN_POINT('Origin',(-65.,-119.5,249.));
#9142=CARTESIAN_POINT('Origin',(104.5,0.,264.5));
#9143=CARTESIAN_POINT('',(106.75,2.75545529808154E-16,257.));
#9144=CARTESIAN_POINT('Origin',(104.5,0.,257.));
#9145=CARTESIAN_POINT('',(106.75,2.75545529808154E-16,249.));
#9146=CARTESIAN_POINT('',(106.75,-2.75545529808154E-16,264.5));
#9147=CARTESIAN_POINT('Origin',(104.5,0.,249.));
#9148=CARTESIAN_POINT('Origin',(-104.5,80.,264.5));
#9149=CARTESIAN_POINT('',(-102.25,80.,257.));
#9150=CARTESIAN_POINT('Origin',(-104.5,80.,257.));
#9151=CARTESIAN_POINT('',(-102.25,80.,249.));
#9152=CARTESIAN_POINT('',(-102.25,80.,264.5));
#9153=CARTESIAN_POINT('Origin',(-104.5,80.,249.));
#9154=CARTESIAN_POINT('Origin',(2.66453525910038E-14,119.5,264.5));
#9155=CARTESIAN_POINT('',(2.10000000000003,119.5,257.));
#9156=CARTESIAN_POINT('Origin',(2.66453525910038E-14,119.5,257.));
#9157=CARTESIAN_POINT('',(2.10000000000003,119.5,249.));
#9158=CARTESIAN_POINT('',(2.10000000000003,119.5,264.5));
#9159=CARTESIAN_POINT('Origin',(2.66453525910038E-14,119.5,249.));
#9160=CARTESIAN_POINT('Origin',(104.5,-80.,264.5));
#9161=CARTESIAN_POINT('',(106.75,-80.,257.));
#9162=CARTESIAN_POINT('Origin',(104.5,-80.,257.));
#9163=CARTESIAN_POINT('',(106.75,-80.,249.));
#9164=CARTESIAN_POINT('',(106.75,-80.,264.5));
#9165=CARTESIAN_POINT('Origin',(104.5,-80.,249.));
#9166=CARTESIAN_POINT('Origin',(-104.5,-80.,264.5));
#9167=CARTESIAN_POINT('',(-102.25,-80.,257.));
#9168=CARTESIAN_POINT('Origin',(-104.5,-80.,257.));
#9169=CARTESIAN_POINT('',(-102.25,-80.,249.));
#9170=CARTESIAN_POINT('',(-102.25,-80.,264.5));
#9171=CARTESIAN_POINT('Origin',(-104.5,-80.,249.));
#9172=CARTESIAN_POINT('Origin',(8.88178419700125E-15,-119.5,264.5));
#9173=CARTESIAN_POINT('',(2.25000000000001,-119.5,257.));
#9174=CARTESIAN_POINT('Origin',(8.88178419700125E-15,-119.5,257.));
#9175=CARTESIAN_POINT('',(2.25000000000001,-119.5,249.));
#9176=CARTESIAN_POINT('',(2.25000000000001,-119.5,264.5));
#9177=CARTESIAN_POINT('Origin',(8.88178419700125E-15,-119.5,249.));
#9178=CARTESIAN_POINT('Origin',(104.5,80.,264.5));
#9179=CARTESIAN_POINT('',(106.75,80.,257.));
#9180=CARTESIAN_POINT('Origin',(104.5,80.,257.));
#9181=CARTESIAN_POINT('',(106.75,80.,249.));
#9182=CARTESIAN_POINT('',(106.75,80.,264.5));
#9183=CARTESIAN_POINT('Origin',(104.5,80.,249.));
#9184=CARTESIAN_POINT('Origin',(-65.,119.5,264.5));
#9185=CARTESIAN_POINT('',(-62.75,119.5,257.));
#9186=CARTESIAN_POINT('Origin',(-65.,119.5,257.));
#9187=CARTESIAN_POINT('',(-62.75,119.5,249.));
#9188=CARTESIAN_POINT('',(-62.75,119.5,264.5));
#9189=CARTESIAN_POINT('Origin',(-65.,119.5,249.));
#9190=CARTESIAN_POINT('Origin',(65.,119.5,264.5));
#9191=CARTESIAN_POINT('',(67.25,119.5,257.));
#9192=CARTESIAN_POINT('Origin',(65.,119.5,257.));
#9193=CARTESIAN_POINT('',(67.25,119.5,249.));
#9194=CARTESIAN_POINT('',(67.25,119.5,264.5));
#9195=CARTESIAN_POINT('Origin',(65.,119.5,249.));
#9196=CARTESIAN_POINT('Origin',(65.,-119.5,264.5));
#9197=CARTESIAN_POINT('',(67.25,-119.5,257.));
#9198=CARTESIAN_POINT('Origin',(65.,-119.5,257.));
#9199=CARTESIAN_POINT('',(67.25,-119.5,249.));
#9200=CARTESIAN_POINT('',(67.25,-119.5,264.5));
#9201=CARTESIAN_POINT('Origin',(65.,-119.5,249.));
#9202=CARTESIAN_POINT('Origin',(-104.5,0.,264.5));
#9203=CARTESIAN_POINT('',(-102.25,2.75545529808154E-16,257.));
#9204=CARTESIAN_POINT('Origin',(-104.5,0.,257.));
#9205=CARTESIAN_POINT('',(-102.25,2.75545529808154E-16,249.));
#9206=CARTESIAN_POINT('',(-102.25,-2.75545529808154E-16,264.5));
#9207=CARTESIAN_POINT('Origin',(-104.5,0.,249.));
#9208=CARTESIAN_POINT('Origin',(-17.2500000000002,-23.2500000000001,264.5));
#9209=CARTESIAN_POINT('',(56.2499999999998,-23.2500000000001,263.5));
#9210=CARTESIAN_POINT('Origin',(-17.2500000000002,-23.2500000000001,263.5));
#9211=CARTESIAN_POINT('',(56.2499999999998,-23.2500000000001,249.));
#9212=CARTESIAN_POINT('',(56.2499999999998,-23.2500000000001,264.5));
#9213=CARTESIAN_POINT('Origin',(-17.2500000000002,-23.2500000000001,249.));
#9214=CARTESIAN_POINT('Origin',(94.5,109.5,294.5));
#9215=CARTESIAN_POINT('',(79.9702808939302,113.931167314005,294.5));
#9216=CARTESIAN_POINT('Origin',(82.5,115.543780486587,294.5));
#9217=CARTESIAN_POINT('',(80.3157261974518,113.174959196183,294.5));
#9218=CARTESIAN_POINT('Origin',(77.4405617878604,112.318554141422,294.5));
#9219=CARTESIAN_POINT('Origin',(87.0244431531647,115.17323765729,294.5));
#9220=CARTESIAN_POINT('Origin',(100.17323765729,102.024443153165,294.5));
#9221=CARTESIAN_POINT('',(100.543780486586,94.5,294.5));
#9222=CARTESIAN_POINT('Origin',(100.543780486586,97.5,294.5));
#9223=CARTESIAN_POINT('',(97.,94.5,294.5));
#9224=CARTESIAN_POINT('Origin',(77.4405617878604,112.318554141422,264.5));
#9225=CARTESIAN_POINT('',(80.3157261974518,113.174959196183,267.492796729028));
#9226=CARTESIAN_POINT('',(79.9702808939302,113.931167314005,267.492796729028));
#9227=CARTESIAN_POINT('Origin',(77.4405617878604,112.318554141422,267.492796729028));
#9228=CARTESIAN_POINT('',(80.3157261974518,113.174959196183,264.5));
#9229=CARTESIAN_POINT('',(79.9702808939302,113.931167314005,264.5));
#9230=CARTESIAN_POINT('Origin',(87.0244431531647,115.17323765729,264.5));
#9231=CARTESIAN_POINT('',(88.9869038991543,108.453955863791,267.5));
#9232=CARTESIAN_POINT('Origin',(87.0244431531647,115.17323765729,267.5));
#9233=CARTESIAN_POINT('Ctrl Pts',(88.9869038991543,108.453955863791,267.5));
#9234=CARTESIAN_POINT('Ctrl Pts',(87.9830975558545,108.160780103964,267.5));
#9235=CARTESIAN_POINT('Ctrl Pts',(85.8531042977603,108.031829656075,267.178802973998));
#9236=CARTESIAN_POINT('Ctrl Pts',(83.3716153042322,109.041991166386,266.967756039656));
#9237=CARTESIAN_POINT('Ctrl Pts',(81.4006984834302,110.781723925765,267.209608413613));
#9238=CARTESIAN_POINT('Ctrl Pts',(80.6141809791143,112.172972389427,267.456670440022));
#9239=CARTESIAN_POINT('Ctrl Pts',(80.3157261974518,113.174959196183,267.492796729028));
#9240=CARTESIAN_POINT('Origin',(77.4405617878604,112.318554141422,267.492796729028));
#9241=CARTESIAN_POINT('',(77.4709397914272,112.403283313413,264.494147342336));
#9242=CARTESIAN_POINT('Origin',(77.4405617878604,112.318554141422,267.492796729028));
#9243=CARTESIAN_POINT('Origin',(77.4405617878604,112.318554141422,267.492796729028));
#9244=CARTESIAN_POINT('Origin',(87.0244431531647,115.17323765729,267.5));
#9245=CARTESIAN_POINT('',(89.8279585045784,105.574263666577,264.5));
#9246=CARTESIAN_POINT('Origin',(89.8279585045784,105.574263666577,267.5));
#9247=CARTESIAN_POINT('Origin',(87.0244431531647,115.17323765729,264.5));
#9248=CARTESIAN_POINT('Origin',(100.17323765729,102.024443153165,267.5));
#9249=CARTESIAN_POINT('',(90.5915224346041,104.886388888386,264.5));
#9250=CARTESIAN_POINT('Origin',(100.17323765729,102.024443153165,264.5));
#9251=CARTESIAN_POINT('',(93.4660370014099,104.027805167819,267.5));
#9252=CARTESIAN_POINT('Origin',(90.5915224346041,104.886388888386,267.5));
#9253=CARTESIAN_POINT('Origin',(100.17323765729,102.024443153165,267.5));
#9254=CARTESIAN_POINT('Origin',(100.17323765729,102.024443153165,264.5));
#9255=CARTESIAN_POINT('Ctrl Pts',(98.1749591961831,95.3157261974513,267.376794167097));
#9256=CARTESIAN_POINT('Ctrl Pts',(97.1713876465911,95.6146530153463,267.237968621173));
#9257=CARTESIAN_POINT('Ctrl Pts',(95.3077746915695,96.6618482122222,266.776573288004));
#9258=CARTESIAN_POINT('Ctrl Pts',(93.7640067213635,98.8820504141914,266.788789362846));
#9259=CARTESIAN_POINT('Ctrl Pts',(93.064186840366,101.415646135007,267.235498104523));
#9260=CARTESIAN_POINT('Ctrl Pts',(93.1650486273415,103.020104410195,267.5));
#9261=CARTESIAN_POINT('Ctrl Pts',(93.4660370014099,104.027805167819,267.5));
#9262=CARTESIAN_POINT('Origin',(97.3185541414229,92.4405617878599,267.376794167097));
#9263=CARTESIAN_POINT('',(97.6542606346163,92.5998541351803,264.399895260766));
#9264=CARTESIAN_POINT('Origin',(97.318554141423,92.4405617878598,267.376794167097));
#9265=CARTESIAN_POINT('Origin',(97.3185541414229,92.4405617878599,267.376794167097));
#9266=CARTESIAN_POINT('Origin',(-17.2500000000001,-23.2500000000001,263.5));
#9267=CARTESIAN_POINT('',(64.9999999999996,16.2658196169583,263.5));
#9268=CARTESIAN_POINT('',(64.9999999999999,-62.7658196169583,263.5));
#9269=CARTESIAN_POINT('',(64.9999999999998,-23.25,263.5));
#9270=CARTESIAN_POINT('',(-99.5,16.2658196169583,263.5));
#9271=CARTESIAN_POINT('Origin',(-17.2500000000002,-23.2500000000001,263.5));
#9272=CARTESIAN_POINT('',(-99.5,-62.7658196169584,263.5));
#9273=CARTESIAN_POINT('',(-99.5,94.5,263.5));
#9274=CARTESIAN_POINT('Origin',(-17.2500000000002,-23.2500000000001,263.5));
#9275=CARTESIAN_POINT('Origin',(-65.,-119.5,257.));
#9276=CARTESIAN_POINT('',(-61.25,-119.5,257.));
#9277=CARTESIAN_POINT('Origin',(-65.,-119.5,257.));
#9278=CARTESIAN_POINT('Origin',(104.5,0.,257.));
#9279=CARTESIAN_POINT('',(108.25,4.59242549680257E-16,257.));
#9280=CARTESIAN_POINT('Origin',(104.5,0.,257.));
#9281=CARTESIAN_POINT('Origin',(-65.,119.5,257.));
#9282=CARTESIAN_POINT('',(-61.25,119.5,257.));
#9283=CARTESIAN_POINT('Origin',(-65.,119.5,257.));
#9284=CARTESIAN_POINT('Origin',(2.66453525910038E-14,119.5,257.));
#9285=CARTESIAN_POINT('',(3.75000000000003,119.5,257.));
#9286=CARTESIAN_POINT('Origin',(2.66453525910038E-14,119.5,257.));
#9287=CARTESIAN_POINT('Origin',(104.5,-80.,257.));
#9288=CARTESIAN_POINT('',(108.25,-80.,257.));
#9289=CARTESIAN_POINT('Origin',(104.5,-80.,257.));
#9290=CARTESIAN_POINT('Origin',(-104.5,-80.,257.));
#9291=CARTESIAN_POINT('',(-100.75,-80.,257.));
#9292=CARTESIAN_POINT('Origin',(-104.5,-80.,257.));
#9293=CARTESIAN_POINT('Origin',(8.88178419700125E-15,-119.5,257.));
#9294=CARTESIAN_POINT('',(3.75000000000001,-119.5,257.));
#9295=CARTESIAN_POINT('Origin',(8.88178419700125E-15,-119.5,257.));
#9296=CARTESIAN_POINT('Origin',(-104.5,80.,257.));
#9297=CARTESIAN_POINT('',(-100.75,80.,257.));
#9298=CARTESIAN_POINT('Origin',(-104.5,80.,257.));
#9299=CARTESIAN_POINT('Origin',(65.,119.5,257.));
#9300=CARTESIAN_POINT('',(68.75,119.5,257.));
#9301=CARTESIAN_POINT('Origin',(65.,119.5,257.));
#9302=CARTESIAN_POINT('Origin',(65.,-119.5,257.));
#9303=CARTESIAN_POINT('',(68.75,-119.5,257.));
#9304=CARTESIAN_POINT('Origin',(65.,-119.5,257.));
#9305=CARTESIAN_POINT('Origin',(-104.5,0.,257.));
#9306=CARTESIAN_POINT('',(-100.75,4.59242549680257E-16,257.));
#9307=CARTESIAN_POINT('Origin',(-104.5,0.,257.));
#9308=CARTESIAN_POINT('Origin',(104.5,80.,257.));
#9309=CARTESIAN_POINT('',(108.25,80.,257.));
#9310=CARTESIAN_POINT('Origin',(104.5,80.,257.));
#9311=CARTESIAN_POINT('Origin',(100.543780486586,97.5,264.5));
#9312=CARTESIAN_POINT('',(100.215731235376,94.5179899918377,267.5));
#9313=CARTESIAN_POINT('Ctrl Pts',(100.215731235376,94.5179899918376,267.5));
#9314=CARTESIAN_POINT('Ctrl Pts',(99.7599951693935,94.5681252612652,267.5));
#9315=CARTESIAN_POINT('Ctrl Pts',(99.3169505167182,94.7243567227585,267.437485571454));
#9316=CARTESIAN_POINT('Ctrl Pts',(98.9311673140046,94.97028089393,267.376794167097));
#9317=CARTESIAN_POINT('',(100.543780486586,94.5,267.5));
#9318=CARTESIAN_POINT('Origin',(100.543780486586,97.5,267.5));
#9319=CARTESIAN_POINT('',(100.543780486586,94.5,264.5));
#9320=CARTESIAN_POINT('Origin',(99.5,94.5,264.5));
#9321=CARTESIAN_POINT('',(106.332815729997,94.5,267.5));
#9322=CARTESIAN_POINT('',(49.75,94.5,267.5));
#9323=CARTESIAN_POINT('',(106.332815729997,94.5,249.));
#9324=CARTESIAN_POINT('Origin',(106.332815729997,97.5,249.));
#9325=CARTESIAN_POINT('',(109.314239699997,97.8333333333333,267.5));
#9326=CARTESIAN_POINT('Origin',(106.332815729997,97.5,267.5));
#9327=CARTESIAN_POINT('',(109.314239699997,97.8333333333333,249.));
#9328=CARTESIAN_POINT('Origin',(106.332815729997,-97.5,249.));
#9329=CARTESIAN_POINT('',(109.314239699997,-97.8333333333333,267.5));
#9330=CARTESIAN_POINT('',(109.314239699997,-97.8333333333333,249.));
#9331=CARTESIAN_POINT('Origin',(106.332815729997,-97.5,267.5));
#9332=CARTESIAN_POINT('Origin',(100.543780486586,-97.5,264.5));
#9333=CARTESIAN_POINT('Origin',(100.543780486586,-97.5,267.5));
#9334=CARTESIAN_POINT('Origin',(97.318554141423,-92.4405617878599,267.5));
#9335=CARTESIAN_POINT('Origin',(97.318554141423,-92.4405617878599,267.5));
#9336=CARTESIAN_POINT('Origin',(97.318554141423,-92.4405617878599,267.5));
#9337=CARTESIAN_POINT('Origin',(100.17323765729,-102.024443153165,264.5));
#9338=CARTESIAN_POINT('Origin',(100.17323765729,-102.024443153165,267.5));
#9339=CARTESIAN_POINT('Origin',(90.9955154596873,-105.995515459687,267.5));
#9340=CARTESIAN_POINT('Origin',(90.9955154596873,-105.995515459687,267.5));
#9341=CARTESIAN_POINT('Origin',(90.9955154596873,-105.995515459687,267.5));
#9342=CARTESIAN_POINT('Origin',(87.0244431531647,-115.17323765729,264.5));
#9343=CARTESIAN_POINT('Origin',(87.0244431531647,-115.17323765729,267.5));
#9344=CARTESIAN_POINT('Origin',(82.5,-115.543780486586,264.5));
#9345=CARTESIAN_POINT('Origin',(82.5,-115.543780486586,267.5));
#9346=CARTESIAN_POINT('Origin',(77.4405617878599,-112.318554141423,267.5));
#9347=CARTESIAN_POINT('Origin',(77.4405617878599,-112.318554141423,267.5));
#9348=CARTESIAN_POINT('Origin',(77.4405617878599,-112.318554141423,267.5));
#9349=CARTESIAN_POINT('Origin',(82.5,-121.332815729997,249.));
#9350=CARTESIAN_POINT('',(82.8333333333333,-124.314239699997,267.5));
#9351=CARTESIAN_POINT('Origin',(82.5,-121.332815729997,267.5));
#9352=CARTESIAN_POINT('',(82.8333333333333,-124.314239699997,249.));
#9353=CARTESIAN_POINT('Origin',(79.5,-94.5,249.));
#9354=CARTESIAN_POINT('',(79.4999999997545,-124.5,264.986344821924));
#9355=CARTESIAN_POINT('Ctrl Pts',(79.4999999997545,-124.5,264.986344821924));
#9356=CARTESIAN_POINT('Ctrl Pts',(79.8879364842378,-124.500000000003,265.160139583777));
#9357=CARTESIAN_POINT('Ctrl Pts',(80.2324432370183,-124.492505114376,265.360732323937));
#9358=CARTESIAN_POINT('Ctrl Pts',(81.4476742332162,-124.450881327377,266.15922744698));
#9359=CARTESIAN_POINT('Ctrl Pts',(82.2374072521077,-124.380747716126,266.931146420759));
#9360=CARTESIAN_POINT('Ctrl Pts',(82.8294087696467,-124.31467828341,267.496253655123));
#9361=CARTESIAN_POINT('Ctrl Pts',(82.8313710630773,-124.314459088481,267.498126828284));
#9362=CARTESIAN_POINT('Ctrl Pts',(82.8333333333333,-124.314239699997,267.5));
#9363=CARTESIAN_POINT('',(79.5,-124.5,249.));
#9364=CARTESIAN_POINT('',(79.5,-124.5,249.));
#9365=CARTESIAN_POINT('',(109.5,-94.5,249.));
#9366=CARTESIAN_POINT('Origin',(79.5,-94.5,249.));
#9367=CARTESIAN_POINT('',(109.5,-94.4999999997545,264.986344821924));
#9368=CARTESIAN_POINT('',(109.5,-94.5,249.));
#9369=CARTESIAN_POINT('Ctrl Pts',(109.314239699997,-97.8333333333333,267.5));
#9370=CARTESIAN_POINT('Ctrl Pts',(109.314459088483,-97.8313710630583,267.498126828266));
#9371=CARTESIAN_POINT('Ctrl Pts',(109.314678283409,-97.8294087696605,267.496253655136));
#9372=CARTESIAN_POINT('Ctrl Pts',(109.38074771414,-97.2374072699013,266.931146437744));
#9373=CARTESIAN_POINT('Ctrl Pts',(109.450881327041,-96.4476742430339,266.159227453431));
#9374=CARTESIAN_POINT('Ctrl Pts',(109.492505114376,-95.2324432370177,265.360732323937));
#9375=CARTESIAN_POINT('Ctrl Pts',(109.500000000003,-94.8879364842373,265.160139583776));
#9376=CARTESIAN_POINT('Ctrl Pts',(109.5,-94.4999999997545,264.986344821924));
#9377=CARTESIAN_POINT('Origin',(-82.5,-121.332815729997,249.));
#9378=CARTESIAN_POINT('',(-82.8333333333333,-124.314239699997,267.5));
#9379=CARTESIAN_POINT('',(-82.8333333333333,-124.314239699997,249.));
#9380=CARTESIAN_POINT('Origin',(-82.5,-121.332815729997,267.5));
#9381=CARTESIAN_POINT('Origin',(-82.5,-115.543780486586,264.5));
#9382=CARTESIAN_POINT('Origin',(-82.5,-115.543780486586,267.5));
#9383=CARTESIAN_POINT('Origin',(-77.4405617878595,-112.318554141423,267.5));
#9384=CARTESIAN_POINT('Origin',(-77.4405617878595,-112.318554141423,267.5));
#9385=CARTESIAN_POINT('Origin',(-77.4405617878595,-112.318554141423,267.5));
#9386=CARTESIAN_POINT('Origin',(-87.0244431531647,-115.17323765729,264.5));
#9387=CARTESIAN_POINT('Origin',(-87.0244431531647,-115.17323765729,267.5));
#9388=CARTESIAN_POINT('Origin',(-90.9955154596872,-105.995515459687,267.5));
#9389=CARTESIAN_POINT('Origin',(-90.9955154596872,-105.995515459687,267.5));
#9390=CARTESIAN_POINT('Origin',(-90.9955154596872,-105.995515459687,267.5));
#9391=CARTESIAN_POINT('Origin',(-100.17323765729,-102.024443153165,264.5));
#9392=CARTESIAN_POINT('Origin',(-100.17323765729,-102.024443153165,267.5));
#9393=CARTESIAN_POINT('Origin',(-100.543780486586,-97.5,264.5));
#9394=CARTESIAN_POINT('',(-100.543780486586,-94.5,267.5));
#9395=CARTESIAN_POINT('Origin',(-100.543780486586,-97.5,267.5));
#9396=CARTESIAN_POINT('',(-100.543780486586,-94.5,264.5));
#9397=CARTESIAN_POINT('Origin',(-97.3185541414229,-92.4405617878599,267.5));
#9398=CARTESIAN_POINT('Origin',(-97.3185541414229,-92.4405617878599,267.5));
#9399=CARTESIAN_POINT('Origin',(-97.318554141423,-92.4405617878599,267.5));
#9400=CARTESIAN_POINT('Origin',(-99.5,-94.5,264.5));
#9401=CARTESIAN_POINT('',(-106.332815729997,-94.5,267.5));
#9402=CARTESIAN_POINT('',(-49.75,-94.5,267.5));
#9403=CARTESIAN_POINT('',(-106.332815729997,-94.5,249.));
#9404=CARTESIAN_POINT('Origin',(-106.332815729997,-97.5,249.));
#9405=CARTESIAN_POINT('',(-109.314239699997,-97.8333333333333,267.5));
#9406=CARTESIAN_POINT('Origin',(-106.332815729997,-97.5,267.5));
#9407=CARTESIAN_POINT('',(-109.314239699997,-97.8333333333333,249.));
#9408=CARTESIAN_POINT('Origin',(-79.5,-94.5,249.));
#9409=CARTESIAN_POINT('',(-109.5,-94.4999999997545,264.986344821924));
#9410=CARTESIAN_POINT('Ctrl Pts',(-109.5,-94.4999999997545,264.986344821924));
#9411=CARTESIAN_POINT('Ctrl Pts',(-109.500000000003,-94.8879364842368,265.160139583776));
#9412=CARTESIAN_POINT('Ctrl Pts',(-109.492505114376,-95.2324432370172,265.360732323937));
#9413=CARTESIAN_POINT('Ctrl Pts',(-109.450881327037,-96.4476742431559,266.159227453511));
#9414=CARTESIAN_POINT('Ctrl Pts',(-109.380747714116,-97.2374072701209,266.931146437954));
#9415=CARTESIAN_POINT('Ctrl Pts',(-109.314678283408,-97.8294087696618,267.496253655138));
#9416=CARTESIAN_POINT('Ctrl Pts',(-109.314459088484,-97.831371063057,267.498126828265));
#9417=CARTESIAN_POINT('Ctrl Pts',(-109.314239699997,-97.8333333333333,267.5));
#9418=CARTESIAN_POINT('',(-109.5,-94.5,249.));
#9419=CARTESIAN_POINT('',(-109.5,-94.5,249.));
#9420=CARTESIAN_POINT('',(-79.5,-124.5,249.));
#9421=CARTESIAN_POINT('Origin',(-79.5,-94.5,249.));
#9422=CARTESIAN_POINT('',(-79.4999999997545,-124.5,264.986344821924));
#9423=CARTESIAN_POINT('',(-79.5,-124.5,249.));
#9424=CARTESIAN_POINT('Ctrl Pts',(-82.8333333333333,-124.314239699997,267.5));
#9425=CARTESIAN_POINT('Ctrl Pts',(-82.8313710630773,-124.314459088481,267.498126828284));
#9426=CARTESIAN_POINT('Ctrl Pts',(-82.8294087696467,-124.31467828341,267.496253655123));
#9427=CARTESIAN_POINT('Ctrl Pts',(-82.237407252319,-124.380747716103,266.931146420961));
#9428=CARTESIAN_POINT('Ctrl Pts',(-81.4476742333324,-124.450881327373,266.159227447057));
#9429=CARTESIAN_POINT('Ctrl Pts',(-80.2324432370167,-124.492505114376,265.360732323936));
#9430=CARTESIAN_POINT('Ctrl Pts',(-79.8879364842364,-124.500000000003,265.160139583776));
#9431=CARTESIAN_POINT('Ctrl Pts',(-79.4999999997545,-124.5,264.986344821924));
#9432=CARTESIAN_POINT('Origin',(-100.543780486586,97.5,264.5));
#9433=CARTESIAN_POINT('Origin',(-100.543780486586,97.5,267.5));
#9434=CARTESIAN_POINT('Origin',(-97.3185541414229,92.4405617878599,267.5));
#9435=CARTESIAN_POINT('Origin',(-97.3185541414229,92.4405617878599,267.5));
#9436=CARTESIAN_POINT('Origin',(-97.3185541414229,92.4405617878599,267.5));
#9437=CARTESIAN_POINT('Origin',(-100.17323765729,102.024443153165,264.5));
#9438=CARTESIAN_POINT('Origin',(-100.17323765729,102.024443153165,267.5));
#9439=CARTESIAN_POINT('Origin',(-90.9955154596874,105.995515459687,267.5));
#9440=CARTESIAN_POINT('Origin',(-90.9955154596874,105.995515459687,267.5));
#9441=CARTESIAN_POINT('Origin',(-90.9955154596874,105.995515459687,267.5));
#9442=CARTESIAN_POINT('Origin',(-87.0244431531647,115.17323765729,264.5));
#9443=CARTESIAN_POINT('Origin',(-87.0244431531647,115.17323765729,267.5));
#9444=CARTESIAN_POINT('Origin',(-82.5,115.543780486586,264.5));
#9445=CARTESIAN_POINT('Origin',(-82.5,115.543780486586,267.5));
#9446=CARTESIAN_POINT('Origin',(-77.44056178786,112.318554141423,267.5));
#9447=CARTESIAN_POINT('Origin',(-77.44056178786,112.318554141423,267.5));
#9448=CARTESIAN_POINT('Origin',(-77.44056178786,112.318554141423,267.5));
#9449=CARTESIAN_POINT('Origin',(0.,0.,249.));
#9450=CARTESIAN_POINT('',(79.5,124.5,249.));
#9451=CARTESIAN_POINT('',(79.5,124.5,249.));
#9452=CARTESIAN_POINT('',(109.5,94.5,249.));
#9453=CARTESIAN_POINT('Origin',(79.5,94.5,249.));
#9454=CARTESIAN_POINT('',(109.5,-94.5,249.));
#9455=CARTESIAN_POINT('',(-79.5,-124.5,249.));
#9456=CARTESIAN_POINT('',(-109.5,94.5,249.));
#9457=CARTESIAN_POINT('',(89.7777786125748,77.0000009923058,249.));
#9458=CARTESIAN_POINT('Origin',(64.7777786125748,77.0000009923058,249.));
#9459=CARTESIAN_POINT('Origin',(79.5,94.5,249.));
#9460=CARTESIAN_POINT('',(109.5,94.4999999997545,264.986344821924));
#9461=CARTESIAN_POINT('Ctrl Pts',(109.5,94.4999999997545,264.986344821924));
#9462=CARTESIAN_POINT('Ctrl Pts',(109.500000000003,94.8879364842375,265.160139583777));
#9463=CARTESIAN_POINT('Ctrl Pts',(109.492505114376,95.2324432370179,265.360732323937));
#9464=CARTESIAN_POINT('Ctrl Pts',(109.450881327174,96.4476742391457,266.159227450876));
#9465=CARTESIAN_POINT('Ctrl Pts',(109.380747714927,97.2374072628532,266.931146431017));
#9466=CARTESIAN_POINT('Ctrl Pts',(109.314678283407,97.8294087696707,267.496253655146));
#9467=CARTESIAN_POINT('Ctrl Pts',(109.314459088485,97.8313710630428,267.498126828251));
#9468=CARTESIAN_POINT('Ctrl Pts',(109.314239699997,97.8333333333333,267.5));
#9469=CARTESIAN_POINT('',(109.5,94.5,249.));
#9470=CARTESIAN_POINT('',(79.4999999997545,124.5,264.986344821924));
#9471=CARTESIAN_POINT('',(79.5,124.5,249.));
#9472=CARTESIAN_POINT('',(82.8333333333333,124.314239699997,267.5));
#9473=CARTESIAN_POINT('Ctrl Pts',(82.8333333333333,124.314239699997,267.5));
#9474=CARTESIAN_POINT('Ctrl Pts',(82.8313710630582,124.314459088483,267.498126828266));
#9475=CARTESIAN_POINT('Ctrl Pts',(82.8294087696606,124.314678283408,267.496253655136));
#9476=CARTESIAN_POINT('Ctrl Pts',(82.2374072667585,124.380747714491,266.931146434744));
#9477=CARTESIAN_POINT('Ctrl Pts',(81.4476742412996,124.4508813271,266.159227452292));
#9478=CARTESIAN_POINT('Ctrl Pts',(80.2324432370182,124.492505114376,265.360732323937));
#9479=CARTESIAN_POINT('Ctrl Pts',(79.8879364842377,124.500000000003,265.160139583777));
#9480=CARTESIAN_POINT('Ctrl Pts',(79.4999999997545,124.5,264.986344821924));
#9481=CARTESIAN_POINT('',(82.8333333333333,124.314239699997,249.));
#9482=CARTESIAN_POINT('Origin',(82.5,121.332815729997,249.));
#9483=CARTESIAN_POINT('Origin',(82.5,121.332815729997,267.5));
#9484=CARTESIAN_POINT('Origin',(82.5,115.543780486587,264.5));
#9485=CARTESIAN_POINT('',(79.7947406219591,114.24702619316,267.5));
#9486=CARTESIAN_POINT('Origin',(82.5,115.543780486587,267.5));
#9487=CARTESIAN_POINT('Ctrl Pts',(79.9702808939302,113.931167314005,267.492796729028));
#9488=CARTESIAN_POINT('Ctrl Pts',(79.9055020872218,114.032786343158,267.49722688709));
#9489=CARTESIAN_POINT('Ctrl Pts',(79.8468430872634,114.13833121247,267.5));
#9490=CARTESIAN_POINT('Ctrl Pts',(79.794740621959,114.24702619316,267.5));
#9491=CARTESIAN_POINT('Ctrl Pts',(77.4709397914272,112.403283313413,264.494147342336));
#9492=CARTESIAN_POINT('Ctrl Pts',(77.3316124315563,112.580626435312,264.497746845795));
#9493=CARTESIAN_POINT('Ctrl Pts',(77.2041289853613,112.763375040768,264.500000000043));
#9494=CARTESIAN_POINT('Ctrl Pts',(77.0894812406287,112.950271905095,264.5));
#9495=CARTESIAN_POINT('Ctrl Pts',(78.2163966299806,112.878030641259,264.515113594266));
#9496=CARTESIAN_POINT('Ctrl Pts',(78.1001974045634,113.028074321724,264.51144929078));
#9497=CARTESIAN_POINT('Ctrl Pts',(77.9939604485939,113.182206666207,264.50695046418));
#9498=CARTESIAN_POINT('Ctrl Pts',(77.8988929543405,113.338259881524,264.499999999806));
#9499=CARTESIAN_POINT('Ctrl Pts',(79.5002439266213,113.679750964658,265.280799572833));
#9500=CARTESIAN_POINT('Ctrl Pts',(79.4257643935879,113.788782655048,265.273416543922));
#9501=CARTESIAN_POINT('Ctrl Pts',(79.3591729515218,113.899165644691,265.264397870362));
#9502=CARTESIAN_POINT('Ctrl Pts',(79.3000043052378,114.009876499774,265.253618979271));
#9503=CARTESIAN_POINT('Ctrl Pts',(79.9637309880707,113.941442203406,266.829877099164));
#9504=CARTESIAN_POINT('Ctrl Pts',(79.9010460233815,114.040789620128,266.830817841698));
#9505=CARTESIAN_POINT('Ctrl Pts',(79.8445341614417,114.143017859392,266.829982900318));
#9506=CARTESIAN_POINT('Ctrl Pts',(79.7947406205281,114.247026196145,266.826801574138));
#9507=CARTESIAN_POINT('Ctrl Pts',(79.9702808939302,113.931167314005,267.492796729028));
#9508=CARTESIAN_POINT('Ctrl Pts',(79.9055020866023,114.03278634413,267.497226887132));
#9509=CARTESIAN_POINT('Ctrl Pts',(79.8468430861414,114.138331214489,267.500000000053));
#9510=CARTESIAN_POINT('Ctrl Pts',(79.7947406204642,114.247026196278,267.5));
#9511=CARTESIAN_POINT('Origin',(77.0894812439181,112.950271899733,267.5));
#9512=CARTESIAN_POINT('Ctrl Pts',(77.0894812406287,112.950271905095,264.5));
#9513=CARTESIAN_POINT('Ctrl Pts',(77.2041289853613,112.763375040768,264.500000000043));
#9514=CARTESIAN_POINT('Ctrl Pts',(77.3316124315563,112.580626435312,264.497746845795));
#9515=CARTESIAN_POINT('Ctrl Pts',(77.4709397914272,112.403283313413,264.494147342336));
#9516=CARTESIAN_POINT('Ctrl Pts',(89.8279585045784,105.574263666577,264.5));
#9517=CARTESIAN_POINT('Ctrl Pts',(88.54972069517,105.333126450759,264.5));
#9518=CARTESIAN_POINT('Ctrl Pts',(85.7397558472009,105.470209881137,264.239027416373));
#9519=CARTESIAN_POINT('Ctrl Pts',(82.18712688784,107.078124296282,264.06755178222));
#9520=CARTESIAN_POINT('Ctrl Pts',(79.2218794561732,109.439298510384,264.264056836061));
#9521=CARTESIAN_POINT('Ctrl Pts',(77.9754607165357,111.183579149412,264.464794732518));
#9522=CARTESIAN_POINT('Ctrl Pts',(77.4709397914272,112.403283313413,264.494147342336));
#9523=CARTESIAN_POINT('Ctrl Pts',(89.5763155550862,106.435865557184,264.5));
#9524=CARTESIAN_POINT('Ctrl Pts',(88.4346792925115,106.20932838647,264.539028038619));
#9525=CARTESIAN_POINT('Ctrl Pts',(85.8674565246035,106.262908001821,264.394978306682));
#9526=CARTESIAN_POINT('Ctrl Pts',(82.5615920845796,107.708594640437,264.267798811743));
#9527=CARTESIAN_POINT('Ctrl Pts',(79.8582788583333,109.927067600129,264.407099906209));
#9528=CARTESIAN_POINT('Ctrl Pts',(78.7608608182376,111.554401601037,264.52445987748));
#9529=CARTESIAN_POINT('Ctrl Pts',(78.3214308674572,112.656215300256,264.509910085044));
#9530=CARTESIAN_POINT('Ctrl Pts',(89.1407157026112,107.927318654509,265.253619973332));
#9531=CARTESIAN_POINT('Ctrl Pts',(88.1926815749136,107.682609067693,265.314145278681));
#9532=CARTESIAN_POINT('Ctrl Pts',(86.0109567813728,107.541645622628,265.215538128597));
#9533=CARTESIAN_POINT('Ctrl Pts',(83.150682830459,108.695193058054,265.097205226928));
#9534=CARTESIAN_POINT('Ctrl Pts',(80.9177326953664,110.666573216658,265.222605572715));
#9535=CARTESIAN_POINT('Ctrl Pts',(80.0982072882029,112.123304889531,265.309221358993));
#9536=CARTESIAN_POINT('Ctrl Pts',(79.7869168614049,113.073481890831,265.272539667774));
#9537=CARTESIAN_POINT('Ctrl Pts',(88.9869038991543,108.453955863791,266.826801574231));
#9538=CARTESIAN_POINT('Ctrl Pts',(88.0262803612258,108.173063077058,266.844665261191));
#9539=CARTESIAN_POINT('Ctrl Pts',(85.9264716252243,108.010988670763,266.58951510937));
#9540=CARTESIAN_POINT('Ctrl Pts',(83.3624564912964,109.035501676131,266.40600399721));
#9541=CARTESIAN_POINT('Ctrl Pts',(81.3571878261814,110.829350326147,266.613325025677));
#9542=CARTESIAN_POINT('Ctrl Pts',(80.596113906488,112.224024104133,266.812791389788));
#9543=CARTESIAN_POINT('Ctrl Pts',(80.3111317387814,113.190383934718,266.827407810136));
#9544=CARTESIAN_POINT('Ctrl Pts',(88.9869038991543,108.453955863791,267.5));
#9545=CARTESIAN_POINT('Ctrl Pts',(87.9830975558545,108.160780103964,267.5));
#9546=CARTESIAN_POINT('Ctrl Pts',(85.8531042977603,108.031829656075,267.178802973998));
#9547=CARTESIAN_POINT('Ctrl Pts',(83.3716153042322,109.041991166386,266.967756039656));
#9548=CARTESIAN_POINT('Ctrl Pts',(81.4006984834302,110.781723925765,267.209608413613));
#9549=CARTESIAN_POINT('Ctrl Pts',(80.6141809791143,112.172972389427,267.456670440022));
#9550=CARTESIAN_POINT('Ctrl Pts',(80.3157261974518,113.174959196183,267.492796729028));
#9551=CARTESIAN_POINT('Ctrl Pts',(77.4709397914272,112.403283313413,264.494147342336));
#9552=CARTESIAN_POINT('Ctrl Pts',(77.9754607165357,111.183579149412,264.464794732518));
#9553=CARTESIAN_POINT('Ctrl Pts',(79.2218794561732,109.439298510384,264.264056836061));
#9554=CARTESIAN_POINT('Ctrl Pts',(82.18712688784,107.078124296282,264.06755178222));
#9555=CARTESIAN_POINT('Ctrl Pts',(85.7397558472009,105.470209881137,264.239027416373));
#9556=CARTESIAN_POINT('Ctrl Pts',(88.54972069517,105.333126450759,264.5));
#9557=CARTESIAN_POINT('Ctrl Pts',(89.8279585045784,105.574263666577,264.5));
#9558=CARTESIAN_POINT('Origin',(0.,0.,264.5));
#9559=CARTESIAN_POINT('Origin',(64.7777786125748,77.0000009923058,264.5));
#9560=CARTESIAN_POINT('Ctrl Pts',(97.6542606346164,92.5998541351802,264.399895260766));
#9561=CARTESIAN_POINT('Ctrl Pts',(96.4045648754879,93.1256133408213,264.287099504703));
#9562=CARTESIAN_POINT('Ctrl Pts',(93.9960215706398,94.8218945269391,263.912215796503));
#9563=CARTESIAN_POINT('Ctrl Pts',(91.7131114203477,98.0903571693345,263.922141357313));
#9564=CARTESIAN_POINT('Ctrl Pts',(90.4309499506321,101.565473118111,264.285092209925));
#9565=CARTESIAN_POINT('Ctrl Pts',(90.3333013031227,103.632369819201,264.5));
#9566=CARTESIAN_POINT('Ctrl Pts',(90.5915224346041,104.886388888386,264.5));
#9567=CARTESIAN_POINT('Ctrl Pts',(97.8898979500256,93.4137435873151,264.470019018637));
#9568=CARTESIAN_POINT('Ctrl Pts',(96.7439470772927,93.8671764066745,264.408531921741));
#9569=CARTESIAN_POINT('Ctrl Pts',(94.4675691378768,95.3621398192392,264.135264818871));
#9570=CARTESIAN_POINT('Ctrl Pts',(92.3525221059032,98.3928637997837,264.142385329705));
#9571=CARTESIAN_POINT('Ctrl Pts',(91.2492352766523,101.630778138849,264.410181133756));
#9572=CARTESIAN_POINT('Ctrl Pts',(91.2118549807668,103.511959198637,264.534286556112));
#9573=CARTESIAN_POINT('Ctrl Pts',(91.451575181815,104.629501239907,264.5));
#9574=CARTESIAN_POINT('Ctrl Pts',(98.2234729964114,94.7899313654131,265.258398076026));
#9575=CARTESIAN_POINT('Ctrl Pts',(97.222132933037,95.1025783159662,265.216819950074));
#9576=CARTESIAN_POINT('Ctrl Pts',(95.1666565381314,96.2302771547667,264.968098928729));
#9577=CARTESIAN_POINT('Ctrl Pts',(93.3564775286723,98.8302137732191,264.973271712394));
#9578=CARTESIAN_POINT('Ctrl Pts',(92.58191193953,101.655188373746,265.219229037533));
#9579=CARTESIAN_POINT('Ctrl Pts',(92.6903487654348,103.253025875536,265.306792127293));
#9580=CARTESIAN_POINT('Ctrl Pts',(92.9403466644636,104.184822693691,265.25361998871));
#9581=CARTESIAN_POINT('Ctrl Pts',(98.2314304807051,95.2989054920502,266.74186435496));
#9582=CARTESIAN_POINT('Ctrl Pts',(97.2460177795289,95.5828688939025,266.631826997441));
#9583=CARTESIAN_POINT('Ctrl Pts',(95.3401041199725,96.6098649620385,266.233519111002));
#9584=CARTESIAN_POINT('Ctrl Pts',(93.7364938573901,98.9158473272132,266.243515828461));
#9585=CARTESIAN_POINT('Ctrl Pts',(93.054436205974,101.502493938659,266.630610266373));
#9586=CARTESIAN_POINT('Ctrl Pts',(93.1793990540542,103.069119158245,266.842495017381));
#9587=CARTESIAN_POINT('Ctrl Pts',(93.4660370014099,104.027805167819,266.826801574231));
#9588=CARTESIAN_POINT('Ctrl Pts',(98.1749591961831,95.3157261974513,267.376794167097));
#9589=CARTESIAN_POINT('Ctrl Pts',(97.1713876465911,95.6146530153463,267.237968621173));
#9590=CARTESIAN_POINT('Ctrl Pts',(95.3077746915695,96.6618482122222,266.776573288004));
#9591=CARTESIAN_POINT('Ctrl Pts',(93.7640067213635,98.8820504141914,266.788789362846));
#9592=CARTESIAN_POINT('Ctrl Pts',(93.064186840366,101.415646135007,267.235498104523));
#9593=CARTESIAN_POINT('Ctrl Pts',(93.1650486273415,103.020104410195,267.5));
#9594=CARTESIAN_POINT('Ctrl Pts',(93.4660370014099,104.027805167819,267.5));
#9595=CARTESIAN_POINT('Ctrl Pts',(90.5915224346041,104.886388888386,264.5));
#9596=CARTESIAN_POINT('Ctrl Pts',(90.3333013031227,103.632369819201,264.5));
#9597=CARTESIAN_POINT('Ctrl Pts',(90.4309499506321,101.565473118111,264.285092209925));
#9598=CARTESIAN_POINT('Ctrl Pts',(91.7131114203477,98.0903571693345,263.922141357313));
#9599=CARTESIAN_POINT('Ctrl Pts',(93.9960215706398,94.8218945269391,263.912215796503));
#9600=CARTESIAN_POINT('Ctrl Pts',(96.4045648754879,93.1256133408213,264.287099504703));
#9601=CARTESIAN_POINT('Ctrl Pts',(97.6542606346164,92.5998541351802,264.399895260766));
#9602=CARTESIAN_POINT('Ctrl Pts',(99.8876819841659,91.5359799836753,264.5));
#9603=CARTESIAN_POINT('Ctrl Pts',(99.1154588291976,91.6939014987477,264.5));
#9604=CARTESIAN_POINT('Ctrl Pts',(98.3468898418188,92.0616990933271,264.449207026807));
#9605=CARTESIAN_POINT('Ctrl Pts',(97.6542606346163,92.5998541351803,264.399895260766));
#9606=CARTESIAN_POINT('Ctrl Pts',(99.9858340906057,92.42819529173,264.5));
#9607=CARTESIAN_POINT('Ctrl Pts',(99.3493816534651,92.5572170158794,264.522309159556));
#9608=CARTESIAN_POINT('Ctrl Pts',(98.6965399648434,92.8548659556498,264.507288613719));
#9609=CARTESIAN_POINT('Ctrl Pts',(98.0970750836814,93.3053206044597,264.487580836895));
#9610=CARTESIAN_POINT('Ctrl Pts',(100.155737755887,93.9726415247987,265.253619183027));
#9611=CARTESIAN_POINT('Ctrl Pts',(99.7167588994105,94.038695288494,265.288216583818));
#9612=CARTESIAN_POINT('Ctrl Pts',(99.2438395229328,94.2028472829532,265.293236397451));
#9613=CARTESIAN_POINT('Ctrl Pts',(98.7927830672775,94.4951665085179,265.285697603796));
#9614=CARTESIAN_POINT('Ctrl Pts',(100.215731235376,94.5179899918376,266.826801574231));
#9615=CARTESIAN_POINT('Ctrl Pts',(99.789662290785,94.5646798927867,266.837012793056));
#9616=CARTESIAN_POINT('Ctrl Pts',(99.3572001135023,94.7064386094878,266.79498536339));
#9617=CARTESIAN_POINT('Ctrl Pts',(98.9662234702253,94.9479337411706,266.750023986262));
#9618=CARTESIAN_POINT('Ctrl Pts',(100.215731235376,94.5179899918376,267.5));
#9619=CARTESIAN_POINT('Ctrl Pts',(99.7599951693935,94.5681252612652,267.5));
#9620=CARTESIAN_POINT('Ctrl Pts',(99.3169505167182,94.7243567227585,267.437485571454));
#9621=CARTESIAN_POINT('Ctrl Pts',(98.9311673140046,94.97028089393,267.376794167097));
#9622=CARTESIAN_POINT('Ctrl Pts',(97.6542606346163,92.5998541351803,264.399895260766));
#9623=CARTESIAN_POINT('Ctrl Pts',(98.3468898418188,92.0616990933271,264.449207026807));
#9624=CARTESIAN_POINT('Ctrl Pts',(99.1154588291976,91.6939014987477,264.5));
#9625=CARTESIAN_POINT('Ctrl Pts',(99.8876819841659,91.5359799836753,264.5));
#9626=CARTESIAN_POINT('Origin',(99.8876819841659,91.5359799836753,267.5));
#9627=CARTESIAN_POINT('Origin',(64.7777786125748,77.0000009923058,264.5));
#9628=CARTESIAN_POINT('',(89.7777786125748,77.0000009923058,251.5));
#9629=CARTESIAN_POINT('Origin',(64.7777786125748,77.0000009923058,251.5));
#9630=CARTESIAN_POINT('',(89.7777786125748,77.0000009923058,264.5));
#9631=CARTESIAN_POINT('Origin',(64.9999999999996,16.2658196169583,264.5));
#9632=CARTESIAN_POINT('',(64.9999999999996,16.2658196169583,264.5));
#9633=CARTESIAN_POINT('',(64.9999999999999,-62.7658196169583,264.5));
#9634=CARTESIAN_POINT('Origin',(-17.2500000000002,-23.2500000000001,264.5));
#9635=CARTESIAN_POINT('',(-99.5,16.2658196169583,264.5));
#9636=CARTESIAN_POINT('Origin',(-99.5,-62.7658196169584,264.5));
#9637=CARTESIAN_POINT('',(-99.5,-62.7658196169584,264.5));
#9638=CARTESIAN_POINT('Origin',(-17.2500000000002,-23.2500000000001,264.5));
#9639=CARTESIAN_POINT('Origin',(-65.,-119.5,264.5));
#9640=CARTESIAN_POINT('',(-61.25,-119.5,264.5));
#9641=CARTESIAN_POINT('Origin',(104.5,0.,264.5));
#9642=CARTESIAN_POINT('',(108.25,-4.59242549680257E-16,264.5));
#9643=CARTESIAN_POINT('Origin',(-65.,119.5,264.5));
#9644=CARTESIAN_POINT('',(-61.25,119.5,264.5));
#9645=CARTESIAN_POINT('Origin',(2.66453525910038E-14,119.5,264.5));
#9646=CARTESIAN_POINT('',(3.75000000000003,119.5,264.5));
#9647=CARTESIAN_POINT('Origin',(104.5,-80.,264.5));
#9648=CARTESIAN_POINT('',(108.25,-80.,264.5));
#9649=CARTESIAN_POINT('Origin',(-104.5,-80.,264.5));
#9650=CARTESIAN_POINT('',(-100.75,-80.,264.5));
#9651=CARTESIAN_POINT('Origin',(8.88178419700125E-15,-119.5,264.5));
#9652=CARTESIAN_POINT('',(3.75000000000001,-119.5,264.5));
#9653=CARTESIAN_POINT('Origin',(-104.5,80.,264.5));
#9654=CARTESIAN_POINT('',(-100.75,80.,264.5));
#9655=CARTESIAN_POINT('Origin',(65.,119.5,264.5));
#9656=CARTESIAN_POINT('',(68.75,119.5,264.5));
#9657=CARTESIAN_POINT('Origin',(65.,-119.5,264.5));
#9658=CARTESIAN_POINT('',(68.75,-119.5,264.5));
#9659=CARTESIAN_POINT('Origin',(-104.5,0.,264.5));
#9660=CARTESIAN_POINT('',(-100.75,-4.59242549680257E-16,264.5));
#9661=CARTESIAN_POINT('Origin',(104.5,80.,264.5));
#9662=CARTESIAN_POINT('',(102.249998676924,77.0000009923064,264.489282056354));
#9663=CARTESIAN_POINT('Ctrl Pts',(102.7763422847,76.6696090198767,264.5));
#9664=CARTESIAN_POINT('Ctrl Pts',(102.59183125658,76.7651034705507,264.5));
#9665=CARTESIAN_POINT('Ctrl Pts',(102.415807009829,76.87564462837,264.496019173224));
#9666=CARTESIAN_POINT('Ctrl Pts',(102.249998676924,77.0000009923071,264.489282056354));
#9667=CARTESIAN_POINT('',(108.25,80.,264.5));
#9668=CARTESIAN_POINT('Ctrl Pts',(102.249998676924,77.0000009923071,264.489282056354));
#9669=CARTESIAN_POINT('Ctrl Pts',(102.12566884475,77.0932484521136,264.484230292097));
#9670=CARTESIAN_POINT('Ctrl Pts',(102.007082901869,77.1942637994241,264.4776342483));
#9671=CARTESIAN_POINT('Ctrl Pts',(101.67727606331,77.5127686633516,264.455394511901));
#9672=CARTESIAN_POINT('Ctrl Pts',(101.485872748292,77.7485422770064,264.437242158134));
#9673=CARTESIAN_POINT('Ctrl Pts',(101.075663803739,78.4013008979236,264.393567371534));
#9674=CARTESIAN_POINT('Ctrl Pts',(100.902662425853,78.8415033704675,264.370511382983));
#9675=CARTESIAN_POINT('Ctrl Pts',(100.72806230978,79.7643007705392,264.35356432208));
#9676=CARTESIAN_POINT('Ctrl Pts',(100.728218602918,80.2373101561966,264.36009467732));
#9677=CARTESIAN_POINT('Ctrl Pts',(100.896486268028,81.1251257881895,264.395615282761));
#9678=CARTESIAN_POINT('Ctrl Pts',(101.050892314614,81.5343833226683,264.422125017759));
#9679=CARTESIAN_POINT('Ctrl Pts',(101.470783443618,82.2449156554852,264.468593238481));
#9680=CARTESIAN_POINT('Ctrl Pts',(101.721694440995,82.5489787149378,264.488325855113));
#9681=CARTESIAN_POINT('Ctrl Pts',(102.105323224171,82.8883269502457,264.49868202557));
#9682=CARTESIAN_POINT('Ctrl Pts',(102.198863848459,82.963376268706,264.5));
#9683=CARTESIAN_POINT('Ctrl Pts',(102.295695249888,83.0337337669337,264.5));
#9684=CARTESIAN_POINT('Origin',(100.543780486586,97.5,267.5));
#9685=CARTESIAN_POINT('Origin',(100.543780486586,91.5,267.5));
#9686=CARTESIAN_POINT('Origin',(49.75,91.5,267.5));
#9687=CARTESIAN_POINT('Origin',(106.332815729997,91.5,267.5));
#9688=CARTESIAN_POINT('Origin',(106.332815729997,97.5,267.5));
#9689=CARTESIAN_POINT('Ctrl Pts',(109.5,92.4040267073062,264.5));
#9690=CARTESIAN_POINT('Ctrl Pts',(109.5,92.7708156506492,264.5));
#9691=CARTESIAN_POINT('Ctrl Pts',(109.5,93.1680708404556,264.551773824353));
#9692=CARTESIAN_POINT('Ctrl Pts',(109.5,93.8843540797617,264.736166389536));
#9693=CARTESIAN_POINT('Ctrl Pts',(109.5,94.2066769859471,264.85493670392));
#9694=CARTESIAN_POINT('Ctrl Pts',(109.5,94.4999999997545,264.986344821924));
#9695=CARTESIAN_POINT('Origin',(109.5,-94.5,249.));
#9696=CARTESIAN_POINT('Ctrl Pts',(109.5,-94.4999999997545,264.986344821924));
#9697=CARTESIAN_POINT('Ctrl Pts',(109.5,-94.2066769859471,264.85493670392));
#9698=CARTESIAN_POINT('Ctrl Pts',(109.5,-93.8843540797617,264.736166389536));
#9699=CARTESIAN_POINT('Ctrl Pts',(109.5,-93.1680708404556,264.551773824353));
#9700=CARTESIAN_POINT('Ctrl Pts',(109.5,-92.7708156506492,264.5));
#9701=CARTESIAN_POINT('Ctrl Pts',(109.5,-92.4040267073062,264.5));
#9702=CARTESIAN_POINT('Origin',(106.332815729997,-97.5,267.5));
#9703=CARTESIAN_POINT('Origin',(106.332815729997,-91.5,267.5));
#9704=CARTESIAN_POINT('Origin',(54.75,-91.5,267.5));
#9705=CARTESIAN_POINT('Origin',(100.543780486586,-91.5,267.5));
#9706=CARTESIAN_POINT('Origin',(100.543780486586,-97.5,267.5));
#9707=CARTESIAN_POINT('Origin',(100.17323765729,-102.024443153165,267.5));
#9708=CARTESIAN_POINT('Origin',(87.0244431531647,-115.17323765729,267.5));
#9709=CARTESIAN_POINT('Origin',(82.5,-115.543780486586,267.5));
#9710=CARTESIAN_POINT('Origin',(76.5,-115.543780486586,267.5));
#9711=CARTESIAN_POINT('Origin',(76.5,-57.25,267.5));
#9712=CARTESIAN_POINT('Origin',(76.5,-121.332815729997,267.5));
#9713=CARTESIAN_POINT('Origin',(82.5,-121.332815729997,267.5));
#9714=CARTESIAN_POINT('Ctrl Pts',(77.4040267073062,-124.5,264.5));
#9715=CARTESIAN_POINT('Ctrl Pts',(77.7708156506492,-124.5,264.5));
#9716=CARTESIAN_POINT('Ctrl Pts',(78.1680708404556,-124.5,264.551773824353));
#9717=CARTESIAN_POINT('Ctrl Pts',(78.8843540797617,-124.5,264.736166389536));
#9718=CARTESIAN_POINT('Ctrl Pts',(79.2066769859471,-124.5,264.85493670392));
#9719=CARTESIAN_POINT('Ctrl Pts',(79.4999999997545,-124.5,264.986344821924));
#9720=CARTESIAN_POINT('Origin',(-79.5,-124.5,249.));
#9721=CARTESIAN_POINT('Ctrl Pts',(-79.4999999997545,-124.5,264.986344821924));
#9722=CARTESIAN_POINT('Ctrl Pts',(-79.2066769859471,-124.5,264.85493670392));
#9723=CARTESIAN_POINT('Ctrl Pts',(-78.8843540797616,-124.5,264.736166389536));
#9724=CARTESIAN_POINT('Ctrl Pts',(-78.1680708404556,-124.5,264.551773824353));
#9725=CARTESIAN_POINT('Ctrl Pts',(-77.7708156506492,-124.5,264.5));
#9726=CARTESIAN_POINT('Ctrl Pts',(-77.4040267073062,-124.5,264.5));
#9727=CARTESIAN_POINT('Origin',(-82.5,-121.332815729997,267.5));
#9728=CARTESIAN_POINT('Origin',(-76.5,-121.332815729997,267.5));
#9729=CARTESIAN_POINT('Origin',(-76.5,-62.25,267.5));
#9730=CARTESIAN_POINT('Origin',(-76.5,-115.543780486586,267.5));
#9731=CARTESIAN_POINT('Origin',(-82.5,-115.543780486586,267.5));
#9732=CARTESIAN_POINT('Origin',(-87.0244431531647,-115.17323765729,267.5));
#9733=CARTESIAN_POINT('Origin',(-100.17323765729,-102.024443153165,267.5));
#9734=CARTESIAN_POINT('Origin',(-100.543780486586,-97.5,267.5));
#9735=CARTESIAN_POINT('Origin',(-100.543780486586,-91.5,267.5));
#9736=CARTESIAN_POINT('Origin',(-49.75,-91.5,267.5));
#9737=CARTESIAN_POINT('Origin',(-106.332815729997,-91.5,267.5));
#9738=CARTESIAN_POINT('Origin',(-106.332815729997,-97.5,267.5));
#9739=CARTESIAN_POINT('Ctrl Pts',(-109.5,-92.4040267073062,264.5));
#9740=CARTESIAN_POINT('Ctrl Pts',(-109.5,-92.7708156506492,264.5));
#9741=CARTESIAN_POINT('Ctrl Pts',(-109.5,-93.1680708404556,264.551773824353));
#9742=CARTESIAN_POINT('Ctrl Pts',(-109.5,-93.8843540797617,264.736166389536));
#9743=CARTESIAN_POINT('Ctrl Pts',(-109.5,-94.2066769859471,264.85493670392));
#9744=CARTESIAN_POINT('Ctrl Pts',(-109.5,-94.4999999997545,264.986344821924));
#9745=CARTESIAN_POINT('Origin',(-109.5,94.5,249.));
#9746=CARTESIAN_POINT('Ctrl Pts',(-109.5,94.4999999997545,264.986344821924));
#9747=CARTESIAN_POINT('Ctrl Pts',(-109.5,94.2066769859471,264.85493670392));
#9748=CARTESIAN_POINT('Ctrl Pts',(-109.5,93.8843540797617,264.736166389536));
#9749=CARTESIAN_POINT('Ctrl Pts',(-109.5,93.1680708404556,264.551773824353));
#9750=CARTESIAN_POINT('Ctrl Pts',(-109.5,92.7708156506491,264.5));
#9751=CARTESIAN_POINT('Ctrl Pts',(-109.5,92.4040267073062,264.5));
#9752=CARTESIAN_POINT('Origin',(-106.332815729997,97.5,267.5));
#9753=CARTESIAN_POINT('Origin',(-106.332815729997,91.5,267.5));
#9754=CARTESIAN_POINT('Origin',(-54.7500000000001,91.5000000000001,267.5));
#9755=CARTESIAN_POINT('Origin',(-100.543780486586,91.5,267.5));
#9756=CARTESIAN_POINT('Origin',(-100.543780486586,97.5,267.5));
#9757=CARTESIAN_POINT('Origin',(-100.17323765729,102.024443153165,267.5));
#9758=CARTESIAN_POINT('Origin',(-87.0244431531647,115.17323765729,267.5));
#9759=CARTESIAN_POINT('Origin',(-82.5,115.543780486586,267.5));
#9760=CARTESIAN_POINT('Origin',(-76.5,115.543780486586,267.5));
#9761=CARTESIAN_POINT('Origin',(-76.5,57.25,267.5));
#9762=CARTESIAN_POINT('Origin',(-76.5,121.332815729997,267.5));
#9763=CARTESIAN_POINT('Origin',(-82.5,121.332815729997,267.5));
#9764=CARTESIAN_POINT('Ctrl Pts',(-77.4040267073062,124.5,264.5));
#9765=CARTESIAN_POINT('Ctrl Pts',(-77.7708156506492,124.5,264.5));
#9766=CARTESIAN_POINT('Ctrl Pts',(-78.1680708404556,124.5,264.551773824353));
#9767=CARTESIAN_POINT('Ctrl Pts',(-78.8843540797617,124.5,264.736166389536));
#9768=CARTESIAN_POINT('Ctrl Pts',(-79.2066769859471,124.5,264.85493670392));
#9769=CARTESIAN_POINT('Ctrl Pts',(-79.4999999997545,124.5,264.986344821924));
#9770=CARTESIAN_POINT('Origin',(79.5,124.5,249.));
#9771=CARTESIAN_POINT('Ctrl Pts',(79.4999999997545,124.5,264.986344821924));
#9772=CARTESIAN_POINT('Ctrl Pts',(79.2066769859471,124.5,264.85493670392));
#9773=CARTESIAN_POINT('Ctrl Pts',(78.8843540797617,124.5,264.736166389536));
#9774=CARTESIAN_POINT('Ctrl Pts',(78.1680708404556,124.5,264.551773824353));
#9775=CARTESIAN_POINT('Ctrl Pts',(77.7708156506492,124.5,264.5));
#9776=CARTESIAN_POINT('Ctrl Pts',(77.4040267073062,124.5,264.5));
#9777=CARTESIAN_POINT('Origin',(82.5,121.332815729997,267.5));
#9778=CARTESIAN_POINT('Origin',(76.5,121.332815729997,267.5));
#9779=CARTESIAN_POINT('Origin',(76.5,62.25,267.5));
#9780=CARTESIAN_POINT('Origin',(76.5,115.543780486587,267.5));
#9781=CARTESIAN_POINT('Origin',(82.5,115.543780486587,267.5));
#9782=CARTESIAN_POINT('Origin',(64.7777786125748,77.0000009923058,251.5));
#9783=CARTESIAN_POINT('Origin',(102.777778612575,77.0000009923058,251.5));
#9784=UNCERTAINTY_MEASURE_WITH_UNIT(LENGTH_MEASURE(0.01),#9788,
'DISTANCE_ACCURACY_VALUE',
'Maximum model space distance between geometric entities at asserted c
onnectivities');
#9785=UNCERTAINTY_MEASURE_WITH_UNIT(LENGTH_MEASURE(0.01),#9788,
'DISTANCE_ACCURACY_VALUE',
'Maximum model space distance between geometric entities at asserted c
onnectivities');
#9786=(
GEOMETRIC_REPRESENTATION_CONTEXT(3)
GLOBAL_UNCERTAINTY_ASSIGNED_CONTEXT((#9784))
GLOBAL_UNIT_ASSIGNED_CONTEXT((#9788,#9790,#9791))
REPRESENTATION_CONTEXT('','3D')
);
#9787=(
GEOMETRIC_REPRESENTATION_CONTEXT(3)
GLOBAL_UNCERTAINTY_ASSIGNED_CONTEXT((#9785))
GLOBAL_UNIT_ASSIGNED_CONTEXT((#9788,#9790,#9791))
REPRESENTATION_CONTEXT('','3D')
);
#9788=(
LENGTH_UNIT()
NAMED_UNIT(*)
SI_UNIT(.MILLI.,.METRE.)
);
#9789=(
LENGTH_UNIT()
NAMED_UNIT(*)
SI_UNIT($,.METRE.)
);
#9790=(
NAMED_UNIT(*)
PLANE_ANGLE_UNIT()
SI_UNIT($,.RADIAN.)
);
#9791=(
NAMED_UNIT(*)
SI_UNIT($,.STERADIAN.)
SOLID_ANGLE_UNIT()
);
#9792=SHAPE_DEFINITION_REPRESENTATION(#9793,#9794);
#9793=PRODUCT_DEFINITION_SHAPE('',$,#9796);
#9794=SHAPE_REPRESENTATION('',(#5129),#9786);
#9795=PRODUCT_DEFINITION_CONTEXT('part definition',#9800,'design');
#9796=PRODUCT_DEFINITION('Subsonic Mk3 Passive',
'Subsonic Mk3 Passive v7',#9797,#9795);
#9797=PRODUCT_DEFINITION_FORMATION('',$,#9802);
#9798=PRODUCT_RELATED_PRODUCT_CATEGORY('Subsonic Mk3 Passive v7',
'Subsonic Mk3 Passive v7',(#9802));
#9799=APPLICATION_PROTOCOL_DEFINITION('international standard',
'automotive_design',2009,#9800);
#9800=APPLICATION_CONTEXT(
'Core Data for Automotive Mechanical Design Process');
#9801=PRODUCT_CONTEXT('part definition',#9800,'mechanical');
#9802=PRODUCT('Subsonic Mk3 Passive','Subsonic Mk3 Passive v7',$,(#9801));
#9803=PRESENTATION_STYLE_ASSIGNMENT((#9804));
#9804=SURFACE_STYLE_USAGE(.BOTH.,#9805);
#9805=SURFACE_SIDE_STYLE('',(#9806));
#9806=SURFACE_STYLE_FILL_AREA(#9807);
#9807=FILL_AREA_STYLE('Steel - Satin',(#9808));
#9808=FILL_AREA_STYLE_COLOUR('Steel - Satin',#9809);
#9809=COLOUR_RGB('Steel - Satin',0.627450980392157,0.627450980392157,0.627450980392157);
ENDSEC;
END-ISO-10303-21;
